[
  {
    "id": "assaulter",
    "general": {
      "auto": true,
      "rate": 4,
      "gripType": "two_handed",
      "maxAmmo": 25,
      "reloadSpeed": 3
    },
    "projectile": {
      "type": "basic",
      "visible": false,
      "damage": 7.5,
      "size": 0.2,
      "speed": 10.0,
      "life": 10
    },
    "sounds": {
      "fire": "rifle_fire",
      "reload": "pistol_reload",
      "cock": "shotgun_fire",
      "silencedFire": "rifle_fire_silenced"
    },
    "display": {
      "flash": {
        "yOffset": -4.5,
        "zOffset": -6
      }
    },
    "modules": {
      "zoom": {
        "fovModifier": 0.6,
        "yOffset": 4.9,
        "zOffset": -3.2
      },
      "attachments": {
        "scope": {
          "yOffset": 4.32,
          "zOffset": 4
        },
        "barrel": {
          "yOffset": -4.5,
          "zOffset": -5.25,
          "scale": 0.4
        }
      }
    }
  },
  {
    "id": "heavy_shot",
    "general": {
      "rate": 40,
      "gripType": "two_handed",
      "maxAmmo": 2
    },
    "projectile": {
      "type": "shell",
      "visible": false,
      "damage": 20.0,
      "size": 1.0,
      "speed": 10.0,
      "life": 3,
      "gravity": false,
      "damageReduceOverLife": true,
      "damageReduceIfNotZoomed": false
    },
    "sounds": {
      "fire": "shotgun_fire",
      "reload": "pistol_reload",
      "cock": "shotgun_fire",
      "silencedFire": "shotgun_fire_silenced"
    },
    "display": {
      "flash": {
        "yOffset": -4.2,
        "zOffset": -9.0
      }
    },
    "modules": {
      "zoom": {
        "fovModifier": 0.7,
        "yOffset": 4.9
      },
      "attachments": {
        "scope": {
          "yOffset": 4.4,
          "zOffset": 2.4
        }
        }
      }
    },
  {
    "id": "handgun",
    "general": {
      "rate": 12,
      "gripType": "one_handed",
      "maxAmmo": 15
    },
    "projectile": {
      "type": "basic",
      "visible": false,
      "damage": 5.0,
      "size": 0.2,
      "speed": 10.0,
      "life": 10,
      "damageReduceOverLife": true
    },
    "sounds": {
      "fire": "pistol_fire",
      "reload": "pistol_reload",
      "cock": "shotgun_fire",
      "silencedFire": "pistol_fire_silenced"
    },
    "display": {
      "flash": {
        "yOffset": -4.2,
        "zOffset": 0.5
      }
    },
    "modules": {
      "zoom": {
        "fovModifier": 0.7,
        "yOffset": 4.9
      },
      "attachments": {
        "scope": {
          "yOffset": 4.48,
          "zOffset": 5
        },
        "barrel": {
          "yOffset": -4.2,
          "zOffset": 0.6,
          "scale": 0.4
        }
      }
    }
  },
  {
    "id": "shotgun",
    "general": {
      "rate": 20,
      "gripType": "two_handed",
      "maxAmmo": 4
    },
    "projectile": {
      "type": "shell",
      "visible": false,
      "damage": 8.0,
      "size": 1.0,
      "speed": 10.0,
      "life": 3,
      "damageReduceOverLife": true
    },
    "sounds": {
      "fire": "shotgun_fire",
      "reload": "pistol_reload",
      "cock": "shotgun_fire",
      "silencedFire": "shotgun_fire_silenced"
    },
    "display": {
      "flash": {
        "yOffset": -4.2,
        "zOffset": -9.0
      }
    },
    "modules": {
      "zoom": {
        "fovModifier": 0.7,
        "yOffset": 4.9
      },
      "attachments": {
        "scope": {
          "yOffset": 4.4,
          "zOffset": 2.4
        },
        "barrel": {
          "yOffset": -4.2,
          "zOffset": -9.0,
          "scale": 0.5
        }
      }
    }
  },
  {
    "id": "rifle",
    "general": {
      "rate": 40,
      "gripType": "two_handed",
      "maxAmmo": 1
    },
    "projectile": {
      "type": "advanced",
      "visible": false,
      "damage": 15.0,
      "size": 0.0625,
      "speed": 20.0,
      "life": 10,
      "damageReduceIfNotZoomed": true
    },
    "sounds": {
      "fire": "rifle_fire",
      "reload": "pistol_reload",
      "cock": "shotgun_fire",
      "silencedFire": "rifle_fire_silenced"
    },
    "display": {
      "flash": {
        "yOffset": -3.8,
        "zOffset": -13
      }
    },
    "modules": {
      "zoom": {
        "fovModifier": 0.6,
        "yOffset": 5.1,
        "zOffset": -3.2
      },
      "attachments": {
        "scope": {
          "smooth": true,
          "yOffset": 4.5,
          "zOffset": 2
        },
        "barrel": {
          "yOffset": -3.8,
          "zOffset": -13,
          "scale": 0.35
        }
      }
    }
  },
  {
    "id": "grenade_launcher",
    "general": {
      "rate": 20,
      "gripType": "two_handed",
      "maxAmmo": 1
    },
    "projectile": {
      "type": "grenade",
      "visible": true,
      "auto": false,
      "damage": 30.0,
      "size": 0.2,
      "speed": 1,
      "life": 50,
      "gravity": true,
      "damageReduceOverLife": false
    },
    "sounds": {
      "fire": "grenade_fire",
      "reload": "pistol_reload",
      "cock": "shotgun_fire"
    },
    "display": {
      "flash": {
        "yOffset": -4.6,
        "zOffset": -6.8
      }
    }
  },
  {
    "id": "bazooka",
    "general": {
      "rate": 80,
      "gripType": "two_handed",
      "maxAmmo": 1
    },
    "projectile": {
      "type": "missile",
      "visible": true,
      "auto": false,
      "damage": 20.0,
      "size": 0.2,
      "speed": 0.75,
      "life": 500,
      "damageReduceOverLife": false
    },
    "sounds": {
      "fire": "bazooka_fire",
      "reload": "pistol_reload",
      "cock": "shotgun_fire"
    },
    "display": {
      "flash": {
        "yOffset": -3.8,
        "zOffset": -8.0
      }
    },
    "modules": {
      "zoom": {
        "fovModifier": 0.4,
        "smooth": true,
        "xOffset": -3.6,
        "yOffset": 4.2,
        "zOffset": -16
      }
    }
  },
  {
    "id": "chain_gun",
    "general": {
      "auto": true,
      "rate": 2,
      "gripType": "chain_gun",
      "maxAmmo": 100,
      "reloadSpeed": 4
    },
    "projectile": {
      "type": "basic",
      "visible": false,
      "damage": 2.0,
      "size": 0.2,
      "speed": 10.0,
      "life": 10
    },
    "sounds": {
      "fire": "chain_gun_fire",
      "reload": "pistol_reload",
      "cock": "shotgun_fire"
    },
    "display": {
      "flash": {
        "yOffset": -6,
        "zOffset": -15
      }
    }
  },
  {
    "id": "assault_rifle",
    "general": {
      "auto": true,
      "rate": 4,
      "gripType": "two_handed",
      "maxAmmo": 30,
      "reloadSpeed": 2
    },
    "projectile": {
      "type": "basic",
      "visible": false,
      "damage": 3.0,
      "size": 0.2,
      "speed": 10.0,
      "life": 10
    },
    "sounds": {
      "fire": "rifle_fire",
      "reload": "pistol_reload",
      "cock": "shotgun_fire",
      "silencedFire": "rifle_fire_silenced"
    },
    "display": {
      "flash": {
        "yOffset": -4.5,
        "zOffset": -6
      }
    },
    "modules": {
      "zoom": {
        "fovModifier": 0.6,
        "yOffset": 4.9,
        "zOffset": -3.2
      },
      "attachments": {
        "scope": {
          "yOffset": 4.32,
          "zOffset": 4
        },
        "barrel": {
          "yOffset": -4.5,
          "zOffset": -5.25,
          "scale": 0.4
        }
      }
    }
  }
]