﻿{
    "__comment": "Model generated using MrCrayfish's Model Creator (http://mrcrayfish.com/modelcreator/)",
    "textures": {
        "0": "blocks/iron_block",
        "1": "blocks/anvil_base",
        "2": "blocks/concrete_black"
    },
    "display": {
        "gui": {
            "rotation": [ 30, 225, 0 ],
            "translation": [ 1.5, 2.5, 0 ],
            "scale": [ 0.8, 0.8, 0.8 ]
        },
        "ground": {
            "rotation": [ 0, 0, 0 ],
            "translation": [ 0, 5, -4.5 ],
            "scale": [ 1, 1, 1 ]
        },
        "fixed": {
            "rotation": [ 0, 90, 0 ],
            "translation": [ -7, 10, 0 ],
            "scale": [ 2, 2, 2 ]
        },
        "firstperson_righthand": {
            "rotation": [ 0, 0, 0 ],
            "translation": [ -3.5, 8.5, 0 ],
            "scale": [ 0.8, 0.8, 0.8 ]
        },
        "thirdperson_righthand": {
            "rotation": [ 0, 0, 0 ],
            "translation": [ 0, 6, -7 ],
            "scale": [ 1.0, 1.0, 1.0 ]
        }
    },
    "elements": [
        {
            "name": "base_1",
            "from": [ 7.2, 2.3, 4.999999992549419 ], 
            "to": [ 8.8, 4.3, 16.49999998509884 ], 
            "faces": {
                "north": { "texture": "#0", "tintindex": 0, "uv": [ 1.0, 1.0, 2.6, 3.0 ] },
                "east": { "texture": "#0", "tintindex": 0, "uv": [ 1.0, 3.0, 3.0, 10.0 ], "rotation": 270 },
                "south": { "texture": "#0", "tintindex": 0, "uv": [ 1.0, 1.0, 3.6, 4.0 ] },
                "west": { "texture": "#0", "tintindex": 0, "uv": [ 1.0, 3.0, 3.0, 10.0 ], "rotation": 90 },
                "up": { "texture": "#0", "tintindex": 0, "uv": [ 1.0, 3.0, 2.6, 10.0 ], "rotation": 180 },
                "down": { "texture": "#0", "tintindex": 0, "uv": [ 1.0, 1.0, 6.6, 3.0 ], "rotation": 90 }
            }
        },
        {
            "name": "Cube",
            "from": [ 7.8, 4.0, 4.799999997019768 ], 
            "to": [ 8.2, 4.9, 5.199999997019768 ], 
            "faces": {
                "north": { "texture": "#1", "uv": [ 0.0, 0.0, 0.4, 0.4 ] },
                "east": { "texture": "#1", "uv": [ 0.0, 0.0, 0.4, 0.4 ] },
                "south": { "texture": "#1", "uv": [ 0.0, 0.0, 0.4, 0.4 ] },
                "west": { "texture": "#1", "uv": [ 0.0, 0.0, 0.4, 0.4 ] },
                "up": { "texture": "#1", "uv": [ 0.0, 0.0, 0.4, 0.4 ] },
                "down": { "texture": "#1", "uv": [ 0.0, 0.0, 0.4, 0.4 ] }
            }
        },
        {
            "name": "Cube",
            "from": [ 7.4, -0.5, 13.7 ], 
            "to": [ 8.6, 4.2, 15.0 ], 
            "rotation": { "origin": [ 8.0, 4.500000007450581, 15.0 ], "axis": "x", "angle": -22.5 },
            "faces": {
                "north": { "texture": "#1", "uv": [ 0.0, 0.0, 1.2, 4.7 ] },
                "east": { "texture": "#1", "uv": [ 0.0, 0.0, 5.0, 16.0 ] },
                "south": { "texture": "#1", "uv": [ 0.0, 0.0, 5.0, 16.0 ] },
                "west": { "texture": "#1", "uv": [ 0.0, 0.0, 5.0, 16.0 ] },
                "down": { "texture": "#1", "uv": [ 0.0, 0.0, 5.0, 5.0 ] }
            }
        },
        {
            "name": "Cube",
            "from": [ 7.699999997019768, -0.5999999985098838, 7.0999999940395355 ], 
            "to": [ 8.300000002980232, 1.400000001490116, 7.299999994039535 ], 
            "rotation": { "origin": [ 8.0, 8.0, 8.0 ], "axis": "x", "angle": -45.0 },
            "faces": {
                "north": { "texture": "#1", "uv": [ 0.0, 0.0, 0.2, 1.0 ] },
                "east": { "texture": "#1", "uv": [ 0.0, 0.0, 0.2, 1.0 ] },
                "south": { "texture": "#1", "uv": [ 0.0, 0.0, 0.2, 1.0 ] },
                "west": { "texture": "#1", "uv": [ 0.0, 0.0, 0.2, 1.0 ] },
                "up": { "texture": "#1", "uv": [ 0.0, 0.0, 0.2, 0.2 ] },
                "down": { "texture": "#1", "uv": [ 0.0, 0.0, 0.2, 0.2 ] }
            }
        },
        {
            "name": "Cube",
            "from": [ 7.699999997019768, 1.3, 13.399999998509884 ], 
            "to": [ 8.300000002980232, 1.5, 15.099999998509883 ], 
            "faces": {
                "north": { "texture": "#1", "uv": [ 0.0, 0.0, 0.2, 0.2 ] },
                "east": { "texture": "#1", "uv": [ 0.0, 0.0, 1.7, 0.2 ] },
                "south": { "texture": "#1", "uv": [ 0.0, 0.0, 4.2, -4.8 ] },
                "west": { "texture": "#1", "uv": [ 0.0, 0.0, 1.7, 0.2 ] },
                "up": { "texture": "#1", "uv": [ 0.0, 0.0, 0.2, 1.7 ] },
                "down": { "texture": "#1", "uv": [ 0.0, 0.0, 0.2, 1.7 ] }
            }
        },
        {
            "name": "base_2",
            "from": [ 7.2, 0.30000000000000004, 9.5 ], 
            "to": [ 8.8, 2.3, 12.5 ], 
            "faces": {
                "north": { "texture": "#0", "tintindex": 0, "uv": [ 1.0, 5.0, 4.0, 7.0 ], "rotation": 90 },
                "east": { "texture": "#0", "tintindex": 0, "uv": [ 2.0, 6.0, 4.0, 8.0 ], "rotation": 90 },
                "south": { "texture": "#0", "tintindex": 0, "uv": [ 1.0, 3.0, 5.0, 5.0 ], "rotation": 90 },
                "west": { "texture": "#0", "tintindex": 0, "uv": [ 1.0, 2.0, 3.0, 3.8999999999999995 ], "rotation": 90 },
                "up": { "texture": "#0", "tintindex": 0, "uv": [ 0.0, 0.0, 1.6, 3.0 ] },
                "down": { "texture": "#0", "tintindex": 0, "uv": [ 1.0, 1.0, 6.0, 10.0 ], "rotation": 180 }
            }
        },
        {
            "name": "Cube",
            "from": [ 7.5, -2.0, 10.0 ], 
            "to": [ 8.5, 2.0, 12.0 ], 
            "faces": {
                "north": { "texture": "#1", "uv": [ 5.0, 0.0, 7.0, 8.0 ] },
                "east": { "texture": "#1", "uv": [ 0.0, 0.0, 4.0, 8.0 ] },
                "south": { "texture": "#1", "uv": [ 11.0, 0.0, 13.0, 8.0 ] },
                "west": { "texture": "#1", "uv": [ 0.0, 0.0, 4.0, 8.0 ] },
                "up": { "texture": "#1", "uv": [ 0.0, 0.0, 1.0, 2.0 ] },
                "down": { "texture": "#1", "uv": [ 0.0, 0.0, 1.0, 2.0 ] }
            }
        },
        {
            "name": "Cube",
            "from": [ 7.5, 3.0, 1.0 ], 
            "to": [ 8.5, 4.0, 5.0 ], 
            "faces": {
                "north": { "texture": "#1", "uv": [ 0.0, 0.0, 1.0, 1.0 ] },
                "east": { "texture": "#1", "uv": [ 0.0, 0.0, 4.0, 1.0 ], "rotation": 180 },
                "south": { "texture": "#1", "uv": [ 0.0, 0.0, 1.0, 1.0 ] },
                "west": { "texture": "#1", "uv": [ 0.0, 0.0, 4.0, 1.0 ] },
                "up": { "texture": "#1", "uv": [ 0.0, 0.0, 4.0, 1.0 ], "rotation": 90 },
                "down": { "texture": "#1", "uv": [ 0.0, 0.0, 4.0, 1.0 ], "rotation": 270 }
            }
        },
        {
            "name": "Cube",
            "from": [ 7.199999997019768, 6.599999992549419, 17.099999994039536 ], 
            "to": [ 8.800000002980232, 7.799999992549418, 18.399999994039536 ], 
            "rotation": { "origin": [ 8.0, 7.5999999940395355, 8.0 ], "axis": "x", "angle": 22.5 },
            "faces": {
                "east": { "texture": "#0", "tintindex": 0, "uv": [ 1.0, 1.0, 5.0, 3.0 ], "rotation": 90 },
                "south": { "texture": "#0", "tintindex": 0, "uv": [ 1.0, 1.0, 5.0, 5.0 ], "rotation": 90 },
                "west": { "texture": "#0", "tintindex": 0, "uv": [ 1.0, 1.0, 4.0, 3.0 ], "rotation": 90 },
                "up": { "texture": "#0", "tintindex": 0, "uv": [ 1.0, 1.0, 3.0, 3.0 ], "rotation": 90 },
                "down": { "texture": "#0", "tintindex": 0, "uv": [ 1.0, 1.0, 15.0, 5.0 ], "rotation": 90 }
            }
        },
        {
            "name": "Cube",
            "from": [ 7.9, 1.7, 14.2 ], 
            "to": [ 8.1, 2.3, 14.4 ], 
            "faces": {
                "north": { "texture": "#1", "uv": [ 0.0, 0.0, 0.2, 1.0 ] },
                "east": { "texture": "#1", "uv": [ 0.0, 0.0, 0.2, 1.0 ] },
                "south": { "texture": "#1", "uv": [ 0.0, 0.0, 0.2, 1.0 ] },
                "west": { "texture": "#1", "uv": [ 0.0, 0.0, 0.2, 1.0 ] },
                "up": { "texture": "#1", "uv": [ 0.0, 0.0, 0.2, 0.2 ] },
                "down": { "texture": "#1", "uv": [ 0.0, 0.0, 0.2, 0.2 ] }
            }
        },
        {
            "name": "Cube",
            "from": [ 7.399999994039536, 4.299999989569187, 5.100000001490116 ], 
            "to": [ 8.600000005960466, 4.39999999254942, 16.4 ], 
            "faces": {
                "north": { "texture": "#1", "uv": [ 0.0, 0.0, 0.4, 0.4 ] },
                "east": { "texture": "#1", "uv": [ 0.0, 0.0, 0.4, 0.4 ] },
                "south": { "texture": "#1", "uv": [ 0.0, 0.0, 0.4, 0.4 ] },
                "west": { "texture": "#1", "uv": [ 0.0, 0.0, 0.4, 0.4 ] },
                "up": { "texture": "#1", "uv": [ 0.0, 0.0, 0.4, 0.4 ] },
                "down": { "texture": "#1", "uv": [ 0.0, 0.0, 0.4, 0.4 ] }
            }
        },
        {
            "name": "Cube",
            "from": [ 7.100000001490116, 3.0, 5.699999995529652 ], 
            "to": [ 8.900000013411045, 3.6999999955296516, 8.699999995529652 ], 
            "faces": {
                "north": { "texture": "#1", "uv": [ 0.0, 0.0, 1.800000011920929, 0.6999999955296516 ] },
                "east": { "texture": "#1", "uv": [ 0.0, 0.0, 3.0, 0.6999999955296516 ] },
                "south": { "texture": "#1", "uv": [ 0.0, 0.0, 1.800000011920929, 0.6999999955296516 ] },
                "west": { "texture": "#1", "uv": [ 0.0, 0.0, 3.0, 0.6999999955296516 ] },
                "up": { "texture": "#1", "uv": [ 0.0, 0.0, 1.800000011920929, 3.0 ] },
                "down": { "texture": "#1", "uv": [ 0.0, 0.0, 1.800000011920929, 3.0 ] }
            }
        },
        {
            "name": "Cube",
            "from": [ 7.100000001490116, 3.7999999970197678, 9.399999991059303 ], 
            "to": [ 8.900000013411045, 4.100000001490116, 12.399999991059303 ], 
            "faces": {
                "north": { "texture": "#2", "uv": [ 0.0, 0.0, 1.800000011920929, 0.30000000447034836 ] },
                "east": { "texture": "#2", "uv": [ 0.0, 0.0, 3.0, 0.30000000447034836 ] },
                "south": { "texture": "#2", "uv": [ 0.0, 0.0, 1.800000011920929, 0.30000000447034836 ] },
                "west": { "texture": "#2", "uv": [ 0.0, 0.0, 3.0, 0.30000000447034836 ] },
                "up": { "texture": "#2", "uv": [ 0.0, 0.0, 1.800000011920929, 3.0 ] },
                "down": { "texture": "#2", "uv": [ 0.0, 0.0, 1.800000011920929, 3.0 ] }
            }
        },
        {
            "name": "Cube",
            "from": [ 7.199999997019768, 10.29999998807907, 17.99999999254942 ], 
            "to": [ 8.800000002980232, 11.299999985098838, 19.29999999254942 ], 
            "rotation": { "origin": [ 8.0, 7.5999999940395355, 8.0 ], "axis": "x", "angle": 45.0 },
            "faces": {
                "east": { "texture": "#0", "tintindex": 0, "uv": [ 1.0, 1.0, 5.0, 3.0 ] },
                "south": { "texture": "#0", "tintindex": 0, "uv": [ 1.0, 1.0, 5.0, 5.0 ] },
                "west": { "texture": "#0", "tintindex": 0, "uv": [ 1.0, 1.0, 5.0, 3.0 ] },
                "up": { "texture": "#0", "tintindex": 0, "uv": [ 1.0, 1.0, 3.0, 3.0 ] },
                "down": { "texture": "#0", "tintindex": 0, "uv": [ 1.0, 1.0, 5.0, 5.0 ] }
            }
        },
        {
            "name": "Cube",
            "from": [ 7.199999997019768, 1.499999991059303, 17.899999991059303 ], 
            "to": [ 8.800000002980232, 2.299999985098838, 19.599999982118607 ], 
            "faces": {
                "east": { "texture": "#0", "tintindex": 0, "uv": [ 1.0, 1.0, 5.0, 3.0 ] },
                "south": { "texture": "#0", "tintindex": 0, "uv": [ 1.0, 1.0, 5.0, 5.0 ] },
                "west": { "texture": "#0", "tintindex": 0, "uv": [ 1.0, 1.0, 5.0, 3.0 ] },
                "up": { "texture": "#0", "tintindex": 0, "uv": [ 1.0, 1.0, 3.0, 3.0 ] },
                "down": { "texture": "#0", "tintindex": 0, "uv": [ 1.0, 1.0, 6.0, 3.0 ] }
            }
        },
        {
            "name": "Cube",
            "from": [ 7.0, 1.4000000059604645, 19.599999994039536 ], 
            "to": [ 9.0, 3.900000013411045, 20.299999989569187 ], 
            "faces": {
                "north": { "texture": "#1", "uv": [ 0.0, 0.0, 2.0, 2.5000000074505806 ] },
                "east": { "texture": "#1", "uv": [ 0.0, 0.0, 0.6999999955296516, 2.5000000074505806 ] },
                "south": { "texture": "#1", "uv": [ 0.0, 0.0, 2.0, 2.5000000074505806 ] },
                "west": { "texture": "#1", "uv": [ 0.0, 0.0, 0.6999999955296516, 2.5000000074505806 ] },
                "up": { "texture": "#1", "uv": [ 0.0, 0.0, 2.0, 0.6999999955296516 ] },
                "down": { "texture": "#1", "uv": [ 0.0, 0.0, 2.0, 0.6999999955296516 ] }
            }
        },
        {
            "name": "Cube",
            "from": [ 7.200000002980232, 2.3000000044703484, 16.50000000745058 ], 
            "to": [ 8.800000011920929, 3.800000011920929, 19.600000008940697 ], 
            "faces": {
                "north": { "texture": "#0", "tintindex": 0, "uv": [ 1.0, 1.0, 2.6000000089406967, 2.5000000074505806 ], "rotation": 90 },
                "east": { "texture": "#0", "tintindex": 0, "uv": [ 1.0, 1.0, 4.100000001490116, 2.5000000074505806 ], "rotation": 90 },
                "south": { "texture": "#0", "tintindex": 0, "uv": [ 3.0, 1.0, 4.600000008940697, 2.5000000074505806 ], "rotation": 90 },
                "west": { "texture": "#0", "tintindex": 0, "uv": [ 1.0, 1.0, 4.100000001490116, 2.5000000074505806 ], "rotation": 90 },
                "up": { "texture": "#0", "tintindex": 0, "uv": [ 1.0, 1.0, 3.6000000089406967, 3.100000001490116 ], "rotation": 90 },
                "down": { "texture": "#0", "tintindex": 0, "uv": [ 1.0, 1.0, 2.6000000089406967, 4.100000001490116 ], "rotation": 90 }
            }
        },
        {
            "name": "Cube",
            "from": [ 7.499999992549419, 2.0, 5.499999992549419 ], 
            "to": [ 8.49999999254942, 2.4999999925494194, 9.49999999254942 ], 
            "faces": {
                "north": { "texture": "#1", "uv": [ 0.0, 0.0, 1.0, 0.4999999925494194 ] },
                "east": { "texture": "#1", "uv": [ 0.0, 0.0, 4.0, 0.4999999925494194 ] },
                "south": { "texture": "#1", "uv": [ 0.0, 0.0, 1.0, 0.4999999925494194 ] },
                "west": { "texture": "#1", "uv": [ 0.0, 0.0, 4.0, 0.4999999925494194 ] },
                "up": { "texture": "#1", "uv": [ 0.0, 0.0, 1.0, 4.0 ] },
                "down": { "texture": "#1", "uv": [ 0.0, 0.0, 1.0, 4.0 ] }
            }
        },
        {
            "name": "Cube",
            "from": [ 3.8999999970197674, 3.4999999925494194, 5.499999992549419 ], 
            "to": [ 4.299999988079071, 3.999999985098839, 9.49999999254942 ], 
            "rotation": { "origin": [ 8.0, 8.300000004470348, 8.0 ], "axis": "z", "angle": 45.0 },
            "faces": {
                "north": { "texture": "#1", "uv": [ 0.0, 0.0, 0.3999999910593033, 0.4999999925494194 ] },
                "east": { "texture": "#1", "uv": [ 0.0, 0.0, 4.0, 0.4999999925494194 ] },
                "south": { "texture": "#1", "uv": [ 0.0, 0.0, 0.3999999910593033, 0.4999999925494194 ] },
                "west": { "texture": "#1", "uv": [ 0.0, 0.0, 4.0, 0.4999999925494194 ] },
                "up": { "texture": "#1", "uv": [ 0.0, 0.0, 0.3999999910593033, 4.0 ] },
                "down": { "texture": "#1", "uv": [ 0.0, 0.0, 0.3999999910593033, 4.0 ] }
            }
        },
        {
            "name": "Cube",
            "from": [ 11.699999995529652, 3.4999999925494194, 5.499999992549419 ], 
            "to": [ 12.099999986588955, 3.999999985098839, 9.49999999254942 ], 
            "rotation": { "origin": [ 8.0, 8.300000004470348, 8.0 ], "axis": "z", "angle": -45.0 },
            "faces": {
                "north": { "texture": "#1", "uv": [ 0.0, 0.0, 0.3999999910593033, 0.4999999925494194 ] },
                "east": { "texture": "#1", "uv": [ 0.0, 0.0, 4.0, 0.4999999925494194 ] },
                "south": { "texture": "#1", "uv": [ 0.0, 0.0, 0.3999999910593033, 0.4999999925494194 ] },
                "west": { "texture": "#1", "uv": [ 0.0, 0.0, 4.0, 0.4999999925494194 ] },
                "up": { "texture": "#1", "uv": [ 0.0, 0.0, 0.3999999910593033, 4.0 ] },
                "down": { "texture": "#1", "uv": [ 0.0, 0.0, 0.3999999910593033, 4.0 ] }
            }
        }
    ]
}