{
    "__comment": "Model generated using MrCrayfish's Model Creator (http://mrcrayfish.com/modelcreator/)",
    "textures": {
        "body": "cubga:models/bandage",
        "clip": "blocks/concrete_silver"
    },
    "display": {
        "thirdperson_righthand": {
            "rotation":  [ 0, 90, 0 ],
            "translation":  [ 0, -2, -0.9 ],
            "scale":  [ 0.8, 0.8, 0.8 ]
        },
        "thirdperson_lefthand": {
            "rotation":  [ 0, 90, 0 ],
            "translation":  [ 0, -2, -0.9 ],
            "scale":  [ 0.8, 0.8, 0.8 ]
        },
        "firstperson_righthand": {
            "rotation":  [ 0, 90, 3 ],
            "translation":  [ -0.694, 3.1999, 2.0872 ],
            "scale":  [ 0.68, 0.68, 0.68 ]
        },
        "firstperson_lefthand": {
            "rotation":  [ 0, 90, 3 ],
            "translation":  [ -0.694, 3.1999, 2.0872 ],
            "scale":  [ 0.68, 0.68, 0.68 ]
        },
        "gui": {
            "rotation":  [ 30, 225, 0 ],
            "translation":  [ 0, 1.5, 0 ],
            "scale":  [ 0.625, 0.625, 0.625 ]
        },
        "ground": {
            "translation":  [ 0, 2, 0 ],
            "scale":  [ 0.5, 0.5, 0.5 ]
        }
    },
    "elements": [
        {
            "name": "body",
            "from": [ 5.0, 2.0, 5.0 ], 
            "to": [ 11.0, 14.0, 11.0 ], 
            "faces": {
                "north": { "texture": "#body", "uv": [ 10.0, 0.0, 16.0, 11.0 ] },
                "east": { "texture": "#body", "uv": [ 10.0, 0.0, 16.0, 11.0 ] },
                "south": { "texture": "#body", "uv": [ 10.0, 0.0, 16.0, 11.0 ] },
                "west": { "texture": "#body", "uv": [ 10.0, 0.0, 16.0, 11.0 ] },
                "up": { "texture": "#body", "uv": [ 10.0, 0.0, 16.0, 6.0 ] },
                "down": { "texture": "#body", "uv": [ 10.0, 0.0, 16.0, 6.0 ] }
            }
        },
        {
            "name": "wrapper",
            "from": [ 4.899999998509884, 6.999999985098839, 4.899999998509884 ], 
            "to": [ 11.100000001490116, 8.999999985098839, 11.100000001490116 ], 
            "faces": {
                "north": { "texture": "#body", "uv": [ 0.0, 11.500000000000002, 16.000000002980233, 16.0 ] },
                "east": { "texture": "#body", "uv": [ 0.0, 11.499999999999998, 16.000000002980233, 15.999999999999996 ] },
                "south": { "texture": "#body", "uv": [ 0.0, 11.499999999999998, 16.000000002980233, 15.999999999999996 ] },
                "west": { "texture": "#body", "uv": [ 0.0, 11.499999999999998, 16.000000002980233, 16.0 ] },
                "up": { "texture": "#body", "uv": [ 0.0, 11.499999999999998, 1.000000002980232, 12.500000002980231 ] },
                "down": { "texture": "#body", "uv": [ 0.0, 11.499999999999998, 1.000000002980233, 12.500000002980231 ] }
            }
        },
        {
            "name": "clip_1",
            "from": [ 4.899999998509884, 4.999999985098839, 4.899999998509884 ], 
            "to": [ 7.100000001490116, 5.999999985098839, 7.100000001490116 ], 
            "faces": {
                "north": { "texture": "#clip", "uv": [ 0.0, 1.8041124150158794E-15, 16.00000000298024, 16.0 ] },
                "east": { "texture": "#clip", "uv": [ 0.0, -1.7486012637846216E-15, 16.000000002980233, 15.999999999999996 ] },
                "south": { "texture": "#clip", "uv": [ 0.0, -3.552713678800501E-15, 16.000000002980233, 15.999999999999996 ] },
                "west": { "texture": "#clip", "uv": [ 0.0, -1.7763568394002505E-15, 16.000000002980233, 15.999999999999996 ] },
                "up": { "texture": "#clip", "uv": [ 0.0, -3.552713678800501E-15, 16.000000002980233, 16.00000000298023 ] },
                "down": { "texture": "#clip", "uv": [ 0.0, -1.7486012637846216E-15, 15.000000002980233, 15.00000000298023 ] }
            }
        },
        {
            "name": "clip_2",
            "from": [ 4.899999998509884, 9.999999985098839, 4.899999998509884 ], 
            "to": [ 7.100000001490116, 10.999999985098839, 7.100000001490116 ], 
            "faces": {
                "north": { "texture": "#clip", "uv": [ 0.0, 1.8041124150158794E-15, 16.00000000298024, 16.0 ] },
                "east": { "texture": "#clip", "uv": [ 0.0, -1.7486012637846216E-15, 16.000000002980233, 15.999999999999996 ] },
                "south": { "texture": "#clip", "uv": [ 0.0, -3.552713678800501E-15, 16.000000002980233, 15.999999999999996 ] },
                "west": { "texture": "#clip", "uv": [ 0.0, -1.7763568394002505E-15, 16.000000002980233, 15.999999999999996 ] },
                "up": { "texture": "#clip", "uv": [ 0.0, -3.552713678800501E-15, 16.000000002980233, 16.00000000298023 ] },
                "down": { "texture": "#clip", "uv": [ 0.0, -1.7486012637846216E-15, 15.000000002980233, 15.00000000298023 ] }
            }
        }
    ]
}