{
    "__comment": "Model generated using MrCrayfish's Model Creator (http://mrcrayfish.com/modelcreator/)",
    "textures": {
        "0": "cubga:models/bandage_alt"
    },
    "elements": [
        {
            "name": "padding",
            "from": [ 7.0, 7.799999997019768, 7.500000007450581 ], 
            "to": [ 9.0, 8.199999988079071, 8.50000000745058 ], 
            "faces": {
                "north": { "texture": "#0", "uv": [ 11.0, 0.5, 11.500000000000002, 15.499999991059305 ], "rotation": 270 },
                "east": { "texture": "#0", "uv": [ 11.0, 0.5, 15.500000000000002, 0.8999999910593033 ], "rotation": 180 },
                "south": { "texture": "#0", "uv": [ 15.0, 0.5, 15.500000000000002, 15.399999991059303 ], "rotation": 90 },
                "west": { "texture": "#0", "uv": [ 11.0, 15.000000000000002, 15.500000000000002, 15.499999991059305 ] },
                "up": { "texture": "#0", "uv": [ 11.0, 0.5, 15.500000000000002, 15.500000000000002 ], "rotation": 90 },
                "down": { "texture": "#0", "uv": [ 11.0, 0.5, 15.499999999999998, 15.5 ], "rotation": 90 }
            }
        },
        {
            "name": "body_1",
            "from": [ 6.0, 7.899999998509884, 7.200000002980232 ], 
            "to": [ 10.0, 8.099999986588955, 8.699999995529652 ], 
            "faces": {
                "north": { "texture": "#0", "uv": [ 0.0, 0.0, 4.0, 0.19999998807907104 ] },
                "east": { "texture": "#0", "uv": [ 0.0, 0.0, 1.4999999925494194, 0.19999998807907104 ] },
                "south": { "texture": "#0", "uv": [ 0.0, 0.0, 4.0, 0.19999998807907104 ] },
                "west": { "texture": "#0", "uv": [ 0.0, 0.0, 1.4999999925494194, 0.19999998807907104 ] },
                "up": { "texture": "#0", "uv": [ 0.0, 0.5, 11.0, 5.499999992549419 ] },
                "down": { "texture": "#0", "uv": [ 0.0, 0.5, 11.0, 5.499999992549419 ] }
            }
        },
        {
            "name": "body_2",
            "from": [ 10.0, 7.899999998509884, 7.200000002980232 ], 
            "to": [ 12.0, 8.099999986588955, 8.699999995529652 ], 
            "rotation": { "origin": [ 10.0, 8.0, 8.0 ], "axis": "z", "angle": -22.5 },
            "faces": {
                "north": { "texture": "#0", "uv": [ 0.0, 0.0, 4.0, 0.19999998807907104 ] },
                "east": { "texture": "#0", "uv": [ 0.0, 0.0, 1.4999999925494194, 0.19999998807907104 ] },
                "south": { "texture": "#0", "uv": [ 0.0, 0.0, 2.0, 0.19999998807907104 ] },
                "west": { "texture": "#0", "uv": [ 0.0, 0.0, 1.4999999925494194, 0.19999998807907104 ] },
                "up": { "texture": "#0", "uv": [ 0.0, 0.5, 6.0, 5.499999992549419 ] },
                "down": { "texture": "#0", "uv": [ 0.0, 0.5, 6.0, 5.499999992549419 ] }
            }
        },
        {
            "name": "body_3",
            "from": [ 4.0, 7.899999998509884, 7.200000002980232 ], 
            "to": [ 6.0, 8.099999986588955, 8.699999995529652 ], 
            "rotation": { "origin": [ 6.0, 8.0, 8.0 ], "axis": "z", "angle": 22.5 },
            "faces": {
                "north": { "texture": "#0", "uv": [ 0.0, 0.0, 4.0, 0.19999998807907104 ] },
                "east": { "texture": "#0", "uv": [ 0.0, 0.0, 1.4999999925494194, 0.19999998807907104 ] },
                "south": { "texture": "#0", "uv": [ 0.0, 0.0, 2.0, 0.19999998807907104 ] },
                "west": { "texture": "#0", "uv": [ 0.0, 0.0, 1.4999999925494194, 0.19999998807907104 ] },
                "up": { "texture": "#0", "uv": [ 0.0, 0.5, 6.0, 5.499999992549419 ] },
                "down": { "texture": "#0", "uv": [ 0.0, 0.5, 6.0, 5.499999992549419 ] }
            }
        }
    ],
    "display": {
        "thirdperson_righthand": {
            "rotation":  [ 90, 90, 0 ],
            "translation":  [ 0, -2, -0.9 ],
            "scale":  [ 0.8, 0.8, 0.8 ]
        },
        "thirdperson_lefthand": {
            "rotation":  [ 90, 90, 0 ],
            "translation":  [ 0, -2, -0.9 ],
            "scale":  [ 0.8, 0.8, 0.8 ]
        },
        "firstperson_righthand": {
            "rotation":  [ 0, 90, 3 ],
            "translation":  [ -0.694, 3.1999, 2.0872 ],
            "scale":  [ 0.68, 0.68, 0.68 ]
        },
        "firstperson_lefthand": {
            "rotation":  [ 0, 90, 3 ],
            "translation":  [ -0.694, 3.1999, 2.0872 ],
            "scale":  [ 0.68, 0.68, 0.68 ]
        },
        "gui": {
            "rotation":  [ 30, 225, 0 ],
            "translation":  [ 0, 1.5, 0 ],
            "scale":  [ 1, 1, 1 ]
        },
        "ground": {
            "translation":  [ 0, 2, 0 ],
            "scale":  [ 0.5, 0.5, 0.5 ]
        }
    }
}