{
    "__comment": "Model generated using MrCrayfish's Model Creator (https://mrcrayfish.com/tools?id=mc)",
    "textures": {
        "0": "blocks/hardened_clay"
    },
    "display": {
        "gui": {
            "rotation": [ 30, 225, 0 ],
            "translation": [ 0, 0, 0 ],
            "scale": [ 1.75, 1.75, 1.75 ]
        },
        "ground": {
            "rotation": [ 0, 0, 0 ],
            "translation": [ 0, 0, 0 ],
            "scale": [ 1.0, 1.0, 1.0 ]
        },
        "fixed": {
            "rotation": [ 0, 0, 0 ],
            "translation": [ 0, 0, 0 ],
            "scale": [ 0.5, 0.5, 0.5 ]
        },
        "thirdperson_righthand": {
            "rotation": [ 15, 0, 90 ],
            "translation": [ 0, 0, 0 ],
            "scale": [ 1.0, 1.0, 1.0 ]
        },
        "firstperson_righthand": {
            "rotation": [ 0, 90, 0 ],
            "translation": [ 1, 2.5, 0 ],
            "scale": [ 1.0, 1.0, 1.0 ]
        }
    },
    "elements": [
        {
            "name": "brick",
            "from": [ 5.30, 6.80, 6.50 ], 
            "to": [ 10.70, 9.20, 9.50 ], 
            "faces": {
                "north": { "texture": "#0", "uv": [ 0.00, 0.00, 5.40, 2.40 ] },
                "east": { "texture": "#0", "uv": [ 0.00, 0.00, 3.00, 2.40 ] },
                "south": { "texture": "#0", "uv": [ 0.00, 0.00, 5.40, 2.40 ] },
                "west": { "texture": "#0", "uv": [ 0.00, 0.00, 3.00, 2.40 ] },
                "up": { "texture": "#0", "uv": [ 0.00, 0.00, 5.40, 3.00 ] },
                "down": { "texture": "#0", "uv": [ 0.00, 0.00, 5.40, 3.00 ] }
            }
        }
    ]
}