{
    "parent": "block/cube",
    "textures": {
        "0": "cubga:items/bush",
        "1": "cubga:items/bush_round"
    },
    "elements": [
        {
            "name": "Cube",
            "from": [ 0.00, 0.00, 0.00 ], 
            "to": [ 16.00, 16.00, 16.00 ], 
            "faces": {
                "north": { "texture": "#0", "uv": [ 0.00, 0.00, 16.00, 16.00 ], "tintindex": 0 },
                "east": { "texture": "#0", "uv": [ 0.00, 0.00, 16.00, 16.00 ], "tintindex": 0 },
                "south": { "texture": "#0", "uv": [ 0.00, 0.00, 16.00, 16.00 ], "tintindex": 0 },
                "west": { "texture": "#0", "uv": [ 0.00, 0.00, 16.00, 16.00 ], "tintindex": 0 },
                "up": { "texture": "#0", "uv": [ 0.00, 0.00, 16.00, 16.00 ], "tintindex": 0 },
                "down": { "texture": "#0", "uv": [ 0.00, 0.00, 16.00, 16.00 ], "tintindex": 0 }
            }
        },
        {
            "name": "Cube",
            "from": [ 0.00, -4.00, -2.00 ], 
            "to": [ 0.00, 22.00, 24.00 ], 
            "rotation": { "origin": [ 0.0, 0.0, 0.0 ], "axis": "y", "angle": 45.0 },
            "faces": {
                "north": { "texture": "#1", "uv": [ 0.00, 0.00, 0.00, 16.00 ], "tintindex": 0 },
                "east": { "texture": "#1", "uv": [ 0.00, 0.00, 16.00, 16.00 ], "tintindex": 0 },
                "south": { "texture": "#1", "uv": [ 0.00, 0.00, 0.00, 26.00 ], "tintindex": 0 },
                "west": { "texture": "#1", "uv": [ 0.00, 0.00, 16.00, 16.00 ], "tintindex": 0 },
                "up": { "texture": "#1", "uv": [ 0.00, 0.00, 0.00, 26.00 ], "tintindex": 0 },
                "down": { "texture": "#1", "uv": [ 0.00, 0.00, 0.00, 26.00 ], "tintindex": 0 }
            }
        },
        {
            "name": "Cube",
            "from": [ 16.00, -4.00, -2.00 ], 
            "to": [ 16.00, 22.00, 24.00 ], 
            "rotation": { "origin": [ 16.0, 0.0, 0.0 ], "axis": "y", "angle": -45.0 },
            "faces": {
                "north": { "texture": "#1", "uv": [ 0.00, 0.00, 0.00, 16.00 ], "tintindex": 0 },
                "east": { "texture": "#1", "uv": [ 0.00, 0.00, 16.00, 16.00 ], "tintindex": 0 },
                "south": { "texture": "#1", "uv": [ 0.00, 0.00, 0.00, 26.00 ], "tintindex": 0 },
                "west": { "texture": "#1", "uv": [ 0.00, 0.00, 16.00, 16.00 ], "tintindex": 0 },
                "up": { "texture": "#1", "uv": [ 0.00, 0.00, 0.00, 26.00 ], "tintindex": 0 },
                "down": { "texture": "#1", "uv": [ 0.00, 0.00, 0.00, 26.00 ], "tintindex": 0 }
            }
        }
    ]
}