{
	"textures": {
		"434836665": "blocks/concrete_red",
		"1919952997": "blocks/snow",
		"668560116": "blocks/concrete_powder_pink",
		"particle": "blocks/concrete_powder_pink"
	},
    "display": {
        "gui": {
            "rotation": [ 30, 225, 0 ],
            "translation": [ 0, 2, 0 ],
            "scale":[ 1, 1, 1 ]
        },
        "ground": {
            "rotation": [ 0, 0, 0 ],
            "translation": [ 0, 3, 0 ],
            "scale":[ 0.4, 0.4, 0.4 ]
        },
        "fixed": {
            "rotation": [ 0, 0, 0 ],
            "translation": [ 0, 4, 0 ],
            "scale":[ 1, 1, 1 ]
        },
        "thirdperson_righthand": {
            "rotation": [ 75, 45, 0 ],
            "translation": [ 0, 2.5, 4 ],
            "scale": [ 0.7, 0.7, 0.7 ]
        },
        "firstperson_righthand": {
            "rotation": [ 0, 45, 0 ],
            "translation": [ 0, 4, 0 ],
            "scale": [ 0.7, 0.7, 0.7 ]
        }
    },
	"elements": [{
			"from": [9, 8, 7],
			"to": [9, 9, 9],
			"faces": {
				"east": {
					"uv": [7, 7, 9, 8],
					"texture": "#434836665"
				}
			}
		},
		{
			"from": [7, 8, 7],
			"to": [7, 9, 9],
			"faces": {
				"west": {
					"uv": [7, 7, 9, 8],
					"texture": "#434836665"
				}
			}
		},
		{
			"from": [7, 9, 7],
			"to": [9, 9, 9],
			"faces": {
				"up": {
					"uv": [7, 7, 9, 9],
					"texture": "#434836665"
				}
			}
		},
		{
			"from": [7, 8, 9],
			"to": [9, 9, 9],
			"faces": {
				"south": {
					"uv": [7, 7, 9, 8],
					"texture": "#434836665"
				}
			}
		},
		{
			"from": [7, 8, 7],
			"to": [9, 9, 7],
			"faces": {
				"north": {
					"uv": [7, 7, 9, 8],
					"texture": "#434836665"
				}
			}
		},
		{
			"from": [7, 5, 4],
			"to": [7, 6, 5],
			"faces": {
				"east": {
					"uv": [11, 10, 12, 11],
					"texture": "#1919952997"
				}
			}
		},
		{
			"from": [7, 5, 11],
			"to": [7, 6, 12],
			"faces": {
				"east": {
					"uv": [4, 10, 5, 11],
					"texture": "#1919952997"
				}
			}
		},
		{
			"from": [11, 5, 4],
			"to": [11, 7, 5],
			"faces": {
				"east": {
					"uv": [11, 9, 12, 11],
					"texture": "#1919952997"
				}
			}
		},
		{
			"from": [11, 7, 5],
			"to": [11, 8, 11],
			"faces": {
				"east": {
					"uv": [5, 8, 11, 9],
					"texture": "#1919952997"
				}
			}
		},
		{
			"from": [11, 5, 11],
			"to": [11, 7, 12],
			"faces": {
				"east": {
					"uv": [4, 9, 5, 11],
					"texture": "#1919952997"
				}
			}
		},
		{
			"from": [12, 5, 5],
			"to": [12, 7, 7],
			"faces": {
				"east": {
					"uv": [9, 9, 11, 11],
					"texture": "#1919952997"
				}
			}
		},
		{
			"from": [12, 5, 9],
			"to": [12, 7, 11],
			"faces": {
				"east": {
					"uv": [5, 9, 7, 11],
					"texture": "#1919952997"
				}
			}
		},
		{
			"from": [12, 6, 7],
			"to": [12, 7, 9],
			"faces": {
				"east": {
					"uv": [7, 9, 9, 10],
					"texture": "#1919952997"
				}
			}
		},
		{
			"from": [4, 5, 5],
			"to": [4, 7, 7],
			"faces": {
				"west": {
					"uv": [5, 9, 7, 11],
					"texture": "#1919952997"
				}
			}
		},
		{
			"from": [4, 5, 9],
			"to": [4, 7, 11],
			"faces": {
				"west": {
					"uv": [9, 9, 11, 11],
					"texture": "#1919952997"
				}
			}
		},
		{
			"from": [4, 6, 7],
			"to": [4, 7, 9],
			"faces": {
				"west": {
					"uv": [7, 9, 9, 10],
					"texture": "#1919952997"
				}
			}
		},
		{
			"from": [5, 5, 4],
			"to": [5, 7, 5],
			"faces": {
				"west": {
					"uv": [4, 9, 5, 11],
					"texture": "#1919952997"
				}
			}
		},
		{
			"from": [5, 7, 5],
			"to": [5, 8, 11],
			"faces": {
				"west": {
					"uv": [5, 8, 11, 9],
					"texture": "#1919952997"
				}
			}
		},
		{
			"from": [5, 5, 11],
			"to": [5, 7, 12],
			"faces": {
				"west": {
					"uv": [11, 9, 12, 11],
					"texture": "#1919952997"
				}
			}
		},
		{
			"from": [9, 5, 4],
			"to": [9, 6, 5],
			"faces": {
				"west": {
					"uv": [4, 10, 5, 11],
					"texture": "#1919952997"
				}
			}
		},
		{
			"from": [9, 5, 11],
			"to": [9, 6, 12],
			"faces": {
				"west": {
					"uv": [11, 10, 12, 11],
					"texture": "#1919952997"
				}
			}
		},
		{
			"from": [5, 7, 4],
			"to": [11, 7, 5],
			"faces": {
				"up": {
					"uv": [5, 4, 11, 5],
					"texture": "#1919952997"
				}
			}
		},
		{
			"from": [4, 7, 5],
			"to": [5, 7, 11],
			"faces": {
				"up": {
					"uv": [4, 5, 5, 11],
					"texture": "#1919952997"
				}
			}
		},
		{
			"from": [11, 7, 5],
			"to": [12, 7, 11],
			"faces": {
				"up": {
					"uv": [11, 5, 12, 11],
					"texture": "#1919952997"
				}
			}
		},
		{
			"from": [5, 7, 11],
			"to": [11, 7, 12],
			"faces": {
				"up": {
					"uv": [5, 11, 11, 12],
					"texture": "#1919952997"
				}
			}
		},
		{
			"from": [5, 8, 5],
			"to": [11, 8, 7],
			"faces": {
				"up": {
					"uv": [5, 5, 11, 7],
					"texture": "#1919952997"
				}
			}
		},
		{
			"from": [5, 8, 9],
			"to": [11, 8, 11],
			"faces": {
				"up": {
					"uv": [5, 9, 11, 11],
					"texture": "#1919952997"
				}
			}
		},
		{
			"from": [5, 8, 7],
			"to": [7, 8, 9],
			"faces": {
				"up": {
					"uv": [5, 7, 7, 9],
					"texture": "#1919952997"
				}
			}
		},
		{
			"from": [9, 8, 7],
			"to": [11, 8, 9],
			"faces": {
				"up": {
					"uv": [9, 7, 11, 9],
					"texture": "#1919952997"
				}
			}
		},
		{
			"from": [5, 5, 4],
			"to": [7, 5, 5],
			"faces": {
				"down": {
					"uv": [5, 11, 7, 12],
					"texture": "#1919952997"
				}
			}
		},
		{
			"from": [9, 5, 4],
			"to": [11, 5, 5],
			"faces": {
				"down": {
					"uv": [9, 11, 11, 12],
					"texture": "#1919952997"
				}
			}
		},
		{
			"from": [4, 5, 5],
			"to": [5, 5, 7],
			"faces": {
				"down": {
					"uv": [4, 9, 5, 11],
					"texture": "#1919952997"
				}
			}
		},
		{
			"from": [11, 5, 5],
			"to": [12, 5, 7],
			"faces": {
				"down": {
					"uv": [11, 9, 12, 11],
					"texture": "#1919952997"
				}
			}
		},
		{
			"from": [9, 5, 11],
			"to": [11, 5, 12],
			"faces": {
				"down": {
					"uv": [9, 4, 11, 5],
					"texture": "#1919952997"
				}
			}
		},
		{
			"from": [5, 5, 11],
			"to": [7, 5, 12],
			"faces": {
				"down": {
					"uv": [5, 4, 7, 5],
					"texture": "#1919952997"
				}
			}
		},
		{
			"from": [4, 5, 9],
			"to": [5, 5, 11],
			"faces": {
				"down": {
					"uv": [4, 5, 5, 7],
					"texture": "#1919952997"
				}
			}
		},
		{
			"from": [11, 5, 9],
			"to": [12, 5, 11],
			"faces": {
				"down": {
					"uv": [11, 5, 12, 7],
					"texture": "#1919952997"
				}
			}
		},
		{
			"from": [7, 6, 4],
			"to": [9, 6, 5],
			"faces": {
				"down": {
					"uv": [7, 11, 9, 12],
					"texture": "#1919952997"
				}
			}
		},
		{
			"from": [4, 6, 7],
			"to": [5, 6, 9],
			"faces": {
				"down": {
					"uv": [4, 7, 5, 9],
					"texture": "#1919952997"
				}
			}
		},
		{
			"from": [11, 6, 7],
			"to": [12, 6, 9],
			"faces": {
				"down": {
					"uv": [11, 7, 12, 9],
					"texture": "#1919952997"
				}
			}
		},
		{
			"from": [7, 6, 11],
			"to": [9, 6, 12],
			"faces": {
				"down": {
					"uv": [7, 4, 9, 5],
					"texture": "#1919952997"
				}
			}
		},
		{
			"from": [4, 5, 7],
			"to": [5, 6, 7],
			"faces": {
				"south": {
					"uv": [4, 10, 5, 11],
					"texture": "#1919952997"
				}
			}
		},
		{
			"from": [11, 5, 7],
			"to": [12, 6, 7],
			"faces": {
				"south": {
					"uv": [11, 10, 12, 11],
					"texture": "#1919952997"
				}
			}
		},
		{
			"from": [5, 7, 11],
			"to": [11, 8, 11],
			"faces": {
				"south": {
					"uv": [5, 8, 11, 9],
					"texture": "#1919952997"
				}
			}
		},
		{
			"from": [11, 5, 11],
			"to": [12, 7, 11],
			"faces": {
				"south": {
					"uv": [11, 9, 12, 11],
					"texture": "#1919952997"
				}
			}
		},
		{
			"from": [4, 5, 11],
			"to": [5, 7, 11],
			"faces": {
				"south": {
					"uv": [4, 9, 5, 11],
					"texture": "#1919952997"
				}
			}
		},
		{
			"from": [5, 5, 12],
			"to": [7, 6, 12],
			"faces": {
				"south": {
					"uv": [5, 10, 7, 11],
					"texture": "#1919952997"
				}
			}
		},
		{
			"from": [9, 5, 12],
			"to": [11, 6, 12],
			"faces": {
				"south": {
					"uv": [9, 10, 11, 11],
					"texture": "#1919952997"
				}
			}
		},
		{
			"from": [5, 6, 12],
			"to": [11, 7, 12],
			"faces": {
				"south": {
					"uv": [5, 9, 11, 10],
					"texture": "#1919952997"
				}
			}
		},
		{
			"from": [5, 5, 4],
			"to": [7, 6, 4],
			"faces": {
				"north": {
					"uv": [9, 10, 11, 11],
					"texture": "#1919952997"
				}
			}
		},
		{
			"from": [9, 5, 4],
			"to": [11, 6, 4],
			"faces": {
				"north": {
					"uv": [5, 10, 7, 11],
					"texture": "#1919952997"
				}
			}
		},
		{
			"from": [5, 6, 4],
			"to": [11, 7, 4],
			"faces": {
				"north": {
					"uv": [5, 9, 11, 10],
					"texture": "#1919952997"
				}
			}
		},
		{
			"from": [5, 7, 5],
			"to": [11, 8, 5],
			"faces": {
				"north": {
					"uv": [5, 8, 11, 9],
					"texture": "#1919952997"
				}
			}
		},
		{
			"from": [11, 5, 5],
			"to": [12, 7, 5],
			"faces": {
				"north": {
					"uv": [4, 9, 5, 11],
					"texture": "#1919952997"
				}
			}
		},
		{
			"from": [4, 5, 5],
			"to": [5, 7, 5],
			"faces": {
				"north": {
					"uv": [11, 9, 12, 11],
					"texture": "#1919952997"
				}
			}
		},
		{
			"from": [4, 5, 9],
			"to": [5, 6, 9],
			"faces": {
				"north": {
					"uv": [11, 10, 12, 11],
					"texture": "#1919952997"
				}
			}
		},
		{
			"from": [11, 5, 9],
			"to": [12, 6, 9],
			"faces": {
				"north": {
					"uv": [4, 10, 5, 11],
					"texture": "#1919952997"
				}
			}
		},
		{
			"from": [5, 0, 5],
			"to": [11, 0, 11],
			"faces": {
				"down": {
					"uv": [5, 5, 11, 11],
					"texture": "#668560116",
					"cullface": "down"
				}
			}
		},
		{
			"from": [11, 0, 5],
			"to": [11, 5, 7],
			"faces": {
				"east": {
					"uv": [9, 11, 11, 16],
					"texture": "#668560116"
				}
			}
		},
		{
			"from": [11, 0, 9],
			"to": [11, 5, 11],
			"faces": {
				"east": {
					"uv": [5, 11, 7, 16],
					"texture": "#668560116"
				}
			}
		},
		{
			"from": [11, 0, 7],
			"to": [11, 6, 9],
			"faces": {
				"east": {
					"uv": [7, 10, 9, 16],
					"texture": "#668560116"
				}
			}
		},
		{
			"from": [5, 0, 5],
			"to": [5, 5, 7],
			"faces": {
				"west": {
					"uv": [5, 11, 7, 16],
					"texture": "#668560116"
				}
			}
		},
		{
			"from": [5, 0, 9],
			"to": [5, 5, 11],
			"faces": {
				"west": {
					"uv": [9, 11, 11, 16],
					"texture": "#668560116"
				}
			}
		},
		{
			"from": [5, 0, 7],
			"to": [5, 6, 9],
			"faces": {
				"west": {
					"uv": [7, 10, 9, 16],
					"texture": "#668560116"
				}
			}
		},
		{
			"from": [5, 0, 11],
			"to": [11, 5, 11],
			"faces": {
				"south": {
					"uv": [5, 11, 11, 16],
					"texture": "#668560116"
				}
			}
		},
		{
			"from": [7, 5, 11],
			"to": [9, 6, 11],
			"faces": {
				"south": {
					"uv": [7, 10, 9, 11],
					"texture": "#668560116"
				}
			}
		},
		{
			"from": [5, 0, 5],
			"to": [11, 5, 5],
			"faces": {
				"north": {
					"uv": [5, 11, 11, 16],
					"texture": "#668560116"
				}
			}
		},
		{
			"from": [7, 5, 5],
			"to": [9, 6, 5],
			"faces": {
				"north": {
					"uv": [7, 10, 9, 11],
					"texture": "#668560116"
				}
			}
		}
	]
}