{
    "__comment": "Model generated using MrCrayfish's Model Creator (http://mrcrayfish.com/modelcreator/)",
    "parent": "cubga:item/kit",
    "textures": {
        "base": "cubga:models/first_aid_kit",
        "lining": "blocks/concrete_gray"
    },
    "elements": [
        {
            "name": "body_1",
            "from": [ 3.0, 0.0, 5.0 ],
            "to": [ 13.0, 2.0, 11.0 ],
            "faces": {
                "north": { "texture": "#base", "uv": [ 0.0, 2.0, 10.0, 4.0 ] },
                "east": { "texture": "#base", "uv": [ 0.0, 6.0, 6.0, 8.0 ] },
                "south": { "texture": "#base", "uv": [ 0.0, 2.0, 10.0, 4.0 ] },
                "west": { "texture": "#base", "uv": [ 0.0, 6.0, 6.0, 8.0 ] },
                "up": { "texture": "#base", "uv": [ 0.0, 8.0, 10.0, 14.0 ] },
                "down": { "texture": "#base", "uv": [ 0.0, 8.0, 10.0, 14.0 ] }
            }
        },
        {
            "name": "body_2",
            "from": [ 2.0, 1.0, 5.0 ],
            "to": [ 4.0, 4.0, 11.0 ],
            "faces": {
                "north": { "texture": "#base", "uv": [ 8.0, 11.0, 10.0, 14.0 ] },
                "east": { "texture": "#base", "uv": [ 0.0, 5.0, 6.0, 8.0 ] },
                "south": { "texture": "#base", "uv": [ 0.0, 11.0, 2.0, 14.0 ] },
                "west": { "texture": "#base", "uv": [ 0.0, 5.0, 6.0, 8.0 ] },
                "up": { "texture": "#base", "uv": [ 0.0, 8.0, 1.0, 14.0 ] },
                "down": { "texture": "#base", "uv": [ 0.0, 8.0, 1.0, 14.0 ] }
            }
        },
        {
            "name": "body_3",
            "from": [ 12.0, 1.0, 5.0 ],
            "to": [ 14.0, 4.0, 11.0 ],
            "faces": {
                "north": { "texture": "#base", "uv": [ 0.0, 11.0, 2.0, 14.0 ] },
                "east": { "texture": "#base", "uv": [ 0.0, 5.0, 6.0, 8.0 ] },
                "south": { "texture": "#base", "uv": [ 8.0, 11.0, 10.0, 14.0 ] },
                "west": { "texture": "#base", "uv": [ 0.0, 5.0, 6.0, 8.0 ] },
                "up": { "texture": "#base", "uv": [ 0.0, 8.0, 1.0, 14.0 ] },
                "down": { "texture": "#base", "uv": [ 0.0, 8.0, 1.0, 14.0 ] }
            }
        },
        {
            "name": "body_4",
            "from": [ 12.0, 4.0, 5.0 ],
            "to": [ 14.0, 7.0, 11.0 ],
            "faces": {
                "north": { "texture": "#base", "uv": [ 0.0, 8.0, 2.0, 11.0 ] },
                "east": { "texture": "#base", "uv": [ 0.0, 4.0, 6.0, 7.0 ] },
                "south": { "texture": "#base", "uv": [ 8.0, 8.0, 10.0, 11.0 ] },
                "west": { "texture": "#base", "uv": [ 0.0, 4.0, 6.0, 7.0 ] },
                "up": { "texture": "#base", "uv": [ 0.0, 8.0, 1.0, 14.0 ] },
                "down": { "texture": "#base", "uv": [ 0.0, 8.0, 1.0, 14.0 ] }
            }
        },
        {
            "name": "body_5",
            "from": [ 2.0, 4.0, 5.0 ],
            "to": [ 4.0, 7.0, 11.0 ],
            "faces": {
                "north": { "texture": "#base", "uv": [ 8.0, 8.0, 10.0, 11.0 ] },
                "east": { "texture": "#base", "uv": [ 0.0, 4.0, 6.0, 7.0 ] },
                "south": { "texture": "#base", "uv": [ 0.0, 8.0, 2.0, 11.0 ] },
                "west": { "texture": "#base", "uv": [ 0.0, 4.0, 6.0, 7.0 ] },
                "up": { "texture": "#base", "uv": [ 0.0, 8.0, 1.0, 14.0 ] },
                "down": { "texture": "#base", "uv": [ 0.0, 8.0, 1.0, 14.0 ] }
            }
        },
        {
            "name": "body_6",
            "from": [ 3.0, 6.0, 5.0 ],
            "to": [ 13.0, 8.0, 11.0 ],
            "faces": {
                "north": { "texture": "#base", "uv": [ 0.0, 0.0, 10.0, 2.0 ] },
                "east": { "texture": "#base", "uv": [ 0.0, 5.0, 6.0, 7.0 ] },
                "south": { "texture": "#base", "uv": [ 0.0, 0.0, 10.0, 2.0 ] },
                "west": { "texture": "#base", "uv": [ 0.0, 4.0, 6.0, 6.0 ] },
                "up": { "texture": "#base", "uv": [ 0.0, 8.0, 10.0, 14.0 ] },
                "down": { "texture": "#base", "uv": [ 0.0, 8.0, 10.0, 14.0 ] }
            }
        },
        {
            "name": "body_7",
            "from": [ 4.0, 2.0, 5.0 ],
            "to": [ 12.0, 6.0, 11.0 ],
            "faces": {
                "north": { "texture": "#base", "uv": [ 1.0, 9.0, 9.0, 13.0 ] },
                "east": { "texture": "#base", "uv": [ 0.0, 0.0, 6.0, 4.0 ] },
                "south": { "texture": "#base", "uv": [ 1.0, 9.0, 9.0, 13.0 ] },
                "west": { "texture": "#base", "uv": [ 0.0, 0.0, 6.0, 4.0 ] },
                "up": { "texture": "#base", "uv": [ 0.0, 0.0, 8.0, 6.0 ] },
                "down": { "texture": "#base", "uv": [ 0.0, 0.0, 8.0, 6.0 ] }
            }
        },
        {
            "name": "cross",
            "from": [ 5.0, 1.0, 10.100000001490116 ],
            "to": [ 11.0, 7.0, 11.100000001490116 ],
            "faces": {
                "north": { "texture": "#cross", "uv": [ 0.0, 0.0, 16.0, 16.0 ] },
                "east": { "texture": "#cross", "uv": [ 0.0, 0.0, 16.00000000298023, 16.0 ] },
                "south": { "texture": "#cross", "uv": [ 0.0, 0.0, 16.0, 16.0 ] },
                "west": { "texture": "#cross", "uv": [ 0.0, 0.0, 16.000000002980233, 16.0 ] },
                "up": { "texture": "#cross", "uv": [ 0.0, 0.0, 16.0, 16.000000002980233 ] },
                "down": { "texture": "#cross", "uv": [ 0.0, 0.0, 16.0, 16.000000002980233 ] }
            }
        },
        {
            "name": "handle_1",
            "from": [ 5.0, 8.0, 6.5999999940395355 ], 
            "to": [ 6.0, 11.0, 7.5999999940395355 ], 
            "faces": {
                "north": { "texture": "#base", "uv": [ 10.0, 0.0, 11.0, 3.0 ] },
                "east": { "texture": "#base", "uv": [ 10.0, 0.0, 11.0, 3.0 ] },
                "south": { "texture": "#base", "uv": [ 10.0, 0.0, 11.0, 3.0 ] },
                "west": { "texture": "#base", "uv": [ 10.0, 0.0, 11.0, 3.0 ] },
                "up": { "texture": "#base", "uv": [ 10.0, 0.0, 11.0, 1.0 ] },
                "down": { "texture": "#base", "uv": [ 10.0, 0.0, 11.0, 1.0 ] }
            }
        },
        {
            "name": "handle_2",
            "from": [ 5.0, 8.0, 8.399999991059303 ], 
            "to": [ 6.0, 11.0, 9.399999991059303 ], 
            "faces": {
                "north": { "texture": "#base", "uv": [ 10.0, 0.0, 11.0, 3.0 ] },
                "east": { "texture": "#base", "uv": [ 10.0, 0.0, 11.0, 3.0 ] },
                "south": { "texture": "#base", "uv": [ 10.0, 0.0, 11.0, 3.0 ] },
                "west": { "texture": "#base", "uv": [ 10.0, 0.0, 11.0, 3.0 ] },
                "up": { "texture": "#base", "uv": [ 10.0, 0.0, 11.0, 1.0 ] },
                "down": { "texture": "#base", "uv": [ 10.0, 0.0, 11.0, 1.0 ] }
            }
        },
        {
            "name": "handle_3",
            "from": [ 10.0, 7.0, 6.5999999940395355 ], 
            "to": [ 11.0, 11.0, 7.5999999940395355 ], 
            "faces": {
                "north": { "texture": "#base", "uv": [ 10.0, 0.0, 11.0, 3.0 ] },
                "east": { "texture": "#base", "uv": [ 10.0, 0.0, 11.0, 3.0 ] },
                "south": { "texture": "#base", "uv": [ 10.0, 0.0, 11.0, 3.0 ] },
                "west": { "texture": "#base", "uv": [ 10.0, 0.0, 11.0, 3.0 ] },
                "up": { "texture": "#base", "uv": [ 10.0, 0.0, 11.0, 1.0 ] },
                "down": { "texture": "#base", "uv": [ 10.0, 0.0, 11.0, 1.0 ] }
            }
        },
        {
            "name": "handle_4",
            "from": [ 10.0, 7.0, 8.400000005960464 ], 
            "to": [ 11.0, 11.0, 9.400000005960464 ], 
            "faces": {
                "north": { "texture": "#base", "uv": [ 10.0, 0.0, 11.0, 3.0 ] },
                "east": { "texture": "#base", "uv": [ 10.0, 0.0, 11.0, 3.0 ] },
                "south": { "texture": "#base", "uv": [ 10.0, 0.0, 11.0, 3.0 ] },
                "west": { "texture": "#base", "uv": [ 10.0, 0.0, 11.0, 3.0 ] },
                "up": { "texture": "#base", "uv": [ 10.0, 0.0, 11.0, 1.0 ] },
                "down": { "texture": "#base", "uv": [ 10.0, 0.0, 11.0, 1.0 ] }
            }
        },
        {
            "name": "handle_5",
            "from": [ 6.0, 10.0, 6.5999999940395355 ], 
            "to": [ 10.0, 11.0, 7.5999999940395355 ], 
            "faces": {
                "north": { "texture": "#base", "uv": [ 11.0, 0.0, 15.0, 1.0 ], "rotation": 180 },
                "east": { "texture": "#base", "uv": [ 10.0, 0.0, 11.0, 3.0 ] },
                "south": { "texture": "#base", "uv": [ 11.0, 0.0, 15.0, 1.0 ] },
                "west": { "texture": "#base", "uv": [ 10.0, 0.0, 11.0, 3.0 ] },
                "up": { "texture": "#base", "uv": [ 11.0, 0.0, 15.0, 1.0 ] },
                "down": { "texture": "#base", "uv": [ 11.0, 0.0, 15.0, 1.0 ] }
            }
        },
        {
            "name": "handle_6",
            "from": [ 6.0, 10.0, 8.400000005960464 ], 
            "to": [ 10.0, 11.0, 9.400000005960464 ], 
            "faces": {
                "north": { "texture": "#base", "uv": [ 11.0, 0.0, 15.0, 1.0 ] },
                "east": { "texture": "#base", "uv": [ 10.0, 0.0, 11.0, 3.0 ] },
                "south": { "texture": "#base", "uv": [ 11.0, 0.0, 15.0, 1.0 ] },
                "west": { "texture": "#base", "uv": [ 10.0, 0.0, 11.0, 3.0 ] },
                "up": { "texture": "#base", "uv": [ 11.0, 0.0, 15.0, 1.0 ] },
                "down": { "texture": "#base", "uv": [ 11.0, 0.0, 15.0, 1.0 ] }
            }
        },
        {
            "name": "info_1",
            "from": [ 3.199999988079071, 2.100000001490116, 4.899999998509884 ], 
            "to": [ 6.999999985098839, 5.900000013411045, 8.699999995529652 ], 
            "faces": {
                "north": { "texture": "#base", "uv": [ 10.0, 3.0, 16.0, 9.0 ] },
                "east": { "texture": "#base", "uv": [ 10.0, 3.0, 16.00000000298023, 9.0 ] },
                "south": { "texture": "#base", "uv": [ 10.0, 3.0, 16.0, 9.0 ] },
                "west": { "texture": "#base", "uv": [ 10.0, 3.0, 16.000000002980233, 9.0 ] },
                "up": { "texture": "#base", "uv": [ 10.0, 3.0, 16.0, 9.000000002980233 ] },
                "down": { "texture": "#base", "uv": [ 10.0, 3.0, 16.0, 9.000000002980233 ] }
            }
        },
        {
            "name": "info_2",
            "from": [ 7.699999995529652, 1.4999999925494194, 4.899999998509884 ], 
            "to": [ 12.49999999254942, 6.300000004470348, 9.699999995529652 ], 
            "faces": {
                "north": { "texture": "#base", "uv": [ 10.0, 8.0, 16.0, 14.0 ] },
                "east": { "texture": "#base", "uv": [ 10.0, 8.0, 16.00000000298023, 14.0 ] },
                "south": { "texture": "#base", "uv": [ 10.0, 8.0, 16.0, 14.0 ] },
                "west": { "texture": "#base", "uv": [ 10.0, 8.0, 16.000000002980233, 14.0 ] },
                "up": { "texture": "#base", "uv": [ 10.0, 8.0, 16.0, 14.000000002980233 ] },
                "down": { "texture": "#base", "uv": [ 10.0, 8.0, 16.0, 14.000000002980233 ] }
            }
        },
        {
            "name": "lining_1",
            "from": [ 1.7999999970197678, 0.800000011920929, 7.700000010430813 ], 
            "to": [ 14.200000002980232, 7.200000017881393, 8.300000004470348 ], 
            "faces": {
                "north": { "texture": "#lining", "uv": [ 0.0, 0.0, 12.400000005960464, 6.4000000059604645 ] },
                "east": { "texture": "#lining", "uv": [ 0.0, 0.0, 0.5999999940395355, 6.4000000059604645 ] },
                "south": { "texture": "#lining", "uv": [ 0.0, 0.0, 12.400000005960464, 6.4000000059604645 ] },
                "west": { "texture": "#lining", "uv": [ 0.0, 0.0, 0.5999999940395355, 6.4000000059604645 ] },
                "up": { "texture": "#lining", "uv": [ 0.0, 0.0, 12.400000005960464, 0.5999999940395355 ] },
                "down": { "texture": "#lining", "uv": [ 0.0, 0.0, 12.400000005960464, 0.5999999940395355 ] }
            }
        },
        {
            "name": "lining_2",
            "from": [ 2.7999999970197678, -0.19999998807907104, 7.700000010430813 ], 
            "to": [ 13.200000002980232, 8.200000017881393, 8.300000004470348 ], 
            "faces": {
                "north": { "texture": "#lining", "uv": [ 0.0, 0.0, 10.400000005960464, 8.400000005960464 ] },
                "east": { "texture": "#lining", "uv": [ 0.0, 0.0, 0.5999999940395355, 8.400000005960464 ] },
                "south": { "texture": "#lining", "uv": [ 0.0, 0.0, 10.400000005960464, 8.400000005960464 ] },
                "west": { "texture": "#lining", "uv": [ 0.0, 0.0, 0.5999999940395355, 8.400000005960464 ] },
                "up": { "texture": "#lining", "uv": [ 0.0, 0.0, 10.400000005960464, 0.5999999940395355 ] },
                "down": { "texture": "#lining", "uv": [ 0.0, 0.0, 10.400000005960464, 0.5999999940395355 ] }
            }
        }
    ]
}