{
	"__comment": "Model generated using MrCrayfish's Model Creator (http://mrcrayfish.com/modelcreator/)",
	"textures": {
		"flag": "cubga:flag/flag_white",
		"0": "blocks/concrete_silver",
		"base": "blocks/anvil_base",
		"topper": "blocks/gold_block"
	},
	"elements": [ 	 
		{
			"__comment": "base",
			"from": [ 7, 0, 7 ],
			"to": [ 9, 1, 9 ],
			"faces": {
				"down": { "uv": [ 0, 0, 1, 1 ], "texture": "#base" },
				"up": { "uv": [ 0, 0, 1, 1 ], "texture": "#base" },
				"north": { "uv": [ 0, 0, 4, 1 ], "texture": "#base" },
				"south": { "uv": [ 0, 0, 4, 1 ], "texture": "#base" },
				"west": { "uv": [ 0, 0, 4, 1 ], "texture": "#base" },
				"east": { "uv": [ 0, 0, 4, 1 ], "texture": "#base" }
			}
		},
		{
			"__comment": "pole",
			"from": [ 7.5, 0.5, 7.5 ],
			"to": [ 8.5, 30, 8.5 ],
			"faces": {
				"down": { "uv": [ 7.5, 7.5, 8.5, 8.5 ], "texture": "#0" },
				"up": { "uv": [ 7.5, 7.5, 8.5, 8.5 ], "texture": "#0" },
				"north": { "uv": [ 7.5, 0, 8.5, 15.5 ], "texture": "#0" },
				"south": { "uv": [ 7.5, 0, 8.5, 15.5 ], "texture": "#0" },
				"west": { "uv": [ 7.5, 0, 8.5, 15.5 ], "texture": "#0" },
				"east": { "uv": [ 7.5, 0, 8.5, 15.5 ], "texture": "#0" }
			}
		},
		{
			"__comment": "flag",
			"from": [ 7.75, 20, -9.5 ],
			"to": [ 8.25, 30, 7.5 ],
			"faces": {
				"down": { "uv": [ 0, 0, 16, 1 ], "texture": "#flag", "rotation": 90 },
				"up": { "uv": [ 0, 0, 16, 1 ], "texture": "#flag", "rotation": 90 },
				"north": { "uv": [ 0.5, 0, 0, 8 ], "texture": "#flag" },
				"south": { "uv": [ 0.5, 0, 0, 8 ], "texture": "#flag" },
				"west": { "uv": [ 0, 0, 16, 8 ], "texture": "#flag" },
				"east": { "uv": [ 0, 0, 16, 8 ], "texture": "#flag" }
			}
		},
		{
			"__comment": "topper",
			"from": [ 7, 30, 7 ],
			"to": [ 9, 32, 9 ],
			"faces": {
				"down": { "uv": [ 7.5, 9, 9.5, 11 ], "texture": "#topper" },
				"up": { "uv": [ 7.5, 7, 9.5, 9 ], "texture": "#topper" },
				"north": { "uv": [ 7.5, 8, 9.5, 10 ], "texture": "#topper" },
				"south": { "uv": [ 7, 0, 9, 2 ], "texture": "#topper" },
				"west": { "uv": [ 7.5, 8, 9.5, 10 ], "texture": "#topper" },
				"east": { "uv": [ 7.5, 8, 9.5, 10 ], "texture": "#topper" }
			}
		}
	],
	"display": {
		"thirdperson_righthand": {
			"rotation":  [ 20, 0, 0 ],
			"translation":  [ 0, 0.6956, 1.6087 ]
		},
		"thirdperson_lefthand": {
			"rotation":  [ 20, 0, 0 ],
			"translation":  [ 0, 0.6956, 1.6087 ]
		},
		"firstperson_righthand": {
			"rotation":  [ 0, -19, -5 ],
			"translation":  [ 0, -7.627, 1.5 ]
		},
		"firstperson_lefthand": {
			"rotation":  [ 0, -19, -5 ],
			"translation":  [ 0, -7.627, 1.5 ]
		},
		"gui": {
			"rotation":  [ 30, 225, 0 ],
			"translation":  [ -2, -3.5, 0 ],
			"scale":  [ 0.5, 0.5, 0.5 ]
		},
		"head": {
			"rotation":  [ -16, -90, 30 ],
			"translation":  [ 0, 9.7391, -9.737 ]
		},
		"ground": {
			"translation":  [ 0, 2, 0 ],
			"scale":  [ 0.5, 0.5, 0.5 ]
		},
		"fixed": {
			"rotation":  [ 0, 90, 0 ],
			"translation":  [ 3.5, -3.75, 0 ],
			"scale":  [ 0.5, 0.5, 0.5 ]
		}
	}
}