{
    "__comment": "Created by Skytran",
    "textures": {
        "0": "blocks/iron_block",
        "1": "blocks/anvil_base"
    },
    "display": {
        "gui": {
            "rotation": [ 30, 225, 0 ],
            "translation": [ 0, 2.5, 0 ],
            "scale": [ 0.8, 0.8, 0.8 ]
        },
        "ground": {
            "rotation": [ 0, 0, 0 ],
            "translation": [ 0, 3, 0 ],
            "scale": [ 1, 1, 1 ]
        },
        "fixed": {
            "rotation": [ 0, 90, 0 ],
            "translation": [ -0.5, 10, 0 ],
            "scale": [ 2, 2, 2 ]
        },
        "firstperson_righthand": {
            "rotation": [ 0, 0, 0 ],
            "translation": [ -3.5, 8.5, 0 ],
            "scale": [ 0.8, 0.8, 0.8 ]
        },
        "thirdperson_righthand": {
            "rotation": [ 0, 0, 0 ],
            "translation": [ 0, 6, -7 ],
            "scale": [ 1.0, 1.0, 1.0 ]
        }
    },
    "elements": [
        {
            "name": "base_1",
            "from": [ 7.2, 2.3, 10.5 ], 
            "to": [ 8.8, 4.3, 16.5 ], 
            "faces": {
                "north": { "texture": "#0", "tintindex": 0, "uv": [ 1.0, 1.0, 2.6, 3.0 ] },
                "east": { "texture": "#0", "tintindex": 0, "uv": [ 1.0, 3.0, 3.0, 10.0 ], "rotation": 270 },
                "south": { "texture": "#0", "tintindex": 0, "uv": [ 1.0, 1.0, 3.6, 4.0 ] },
                "west": { "texture": "#0", "tintindex": 0, "uv": [ 1.0, 3.0, 3.0, 10.0 ], "rotation": 90 },
                "up": { "texture": "#0", "tintindex": 0, "uv": [ 1.0, 3.0, 2.6, 10.0 ], "rotation": 180 },
                "down": { "texture": "#0", "tintindex": 0, "uv": [ 1.0, 1.0, 6.6, 3.0 ], "rotation": 90 }
            }
        },
        {
            "name": "Cube",
            "from": [ 7.800000000000001, 4.0, 1.0 ], 
            "to": [ 8.2, 4.9, 1.4 ], 
            "faces": {
                "north": { "texture": "#1", "uv": [ 0.0, 0.0, 0.4, 0.4 ] },
                "east": { "texture": "#1", "uv": [ 0.0, 0.0, 0.4, 0.4 ] },
                "south": { "texture": "#1", "uv": [ 0.0, 0.0, 0.4, 0.4 ] },
                "west": { "texture": "#1", "uv": [ 0.0, 0.0, 0.4, 0.4 ] },
                "up": { "texture": "#1", "uv": [ 0.0, 0.0, 0.4, 0.4 ] },
                "down": { "texture": "#1", "uv": [ 0.0, 0.0, 0.4, 0.4 ] }
            }
        },
        {
            "name": "Cube",
            "from": [ 7.4, -0.5, 13.7 ], 
            "to": [ 8.6, 4.2, 15.0 ], 
            "rotation": { "origin": [ 8.0, 4.500000007450581, 15.0 ], "axis": "x", "angle": -22.5 },
            "faces": {
                "north": { "texture": "#1", "uv": [ 0.0, 0.0, 1.2, 4.7 ] },
                "east": { "texture": "#1", "uv": [ 0.0, 0.0, 5.0, 16.0 ] },
                "south": { "texture": "#1", "uv": [ 0.0, 0.0, 5.0, 16.0 ] },
                "west": { "texture": "#1", "uv": [ 0.0, 0.0, 5.0, 16.0 ] },
                "down": { "texture": "#1", "uv": [ 0.0, 0.0, 5.0, 5.0 ] }
            }
        },
        {
            "name": "Cube",
            "from": [ 7.9, 1.3, 13.5 ], 
            "to": [ 8.1, 2.3, 13.7 ], 
            "faces": {
                "north": { "texture": "#1", "uv": [ 0.0, 0.0, 0.2, 1.0 ] },
                "east": { "texture": "#1", "uv": [ 0.0, 0.0, 0.2, 1.0 ] },
                "south": { "texture": "#1", "uv": [ 0.0, 0.0, 0.2, 1.0 ] },
                "west": { "texture": "#1", "uv": [ 0.0, 0.0, 0.2, 1.0 ] },
                "up": { "texture": "#1", "uv": [ 0.0, 0.0, 0.2, 0.2 ] },
                "down": { "texture": "#1", "uv": [ 0.0, 0.0, 0.2, 0.2 ] }
            }
        },
        {
            "name": "Cube",
            "from": [ 7.9, 1.3, 13.5 ], 
            "to": [ 8.1, 1.5, 15.2 ], 
            "faces": {
                "north": { "texture": "#1", "uv": [ 0.0, 0.0, 0.2, 0.2 ] },
                "east": { "texture": "#1", "uv": [ 0.0, 0.0, 1.7, 0.2 ] },
                "south": { "texture": "#1", "uv": [ 0.0, 0.0, 4.2, -4.8 ] },
                "west": { "texture": "#1", "uv": [ 0.0, 0.0, 1.7, 0.2 ] },
                "up": { "texture": "#1", "uv": [ 0.0, 0.0, 0.2, 1.7 ] },
                "down": { "texture": "#1", "uv": [ 0.0, 0.0, 0.2, 1.7 ] }
            }
        },
        {
            "name": "Cube",
            "from": [ 6.899999997019767, 2.0999999925494195, 4.499999992549419 ], 
            "to": [ 9.100000002980233, 3.900000007450581, 10.49999999254942 ], 
            "faces": {
                "north": { "texture": "#1", "uv": [ 0.0, 0.0, 6.0, 6.0 ] },
                "east": { "texture": "#1", "uv": [ 0.0, 0.0, 16.0, 6.0 ] },
                "south": { "texture": "#1", "uv": [ 0.0, 0.0, 6.0, 6.0 ] },
                "west": { "texture": "#1", "uv": [ 0.0, 0.0, 16.0, 6.0 ] },
                "up": { "texture": "#1", "uv": [ 0.0, 0.0, 16.0, 6.0 ], "rotation": 90 },
                "down": { "texture": "#1", "uv": [ 0.0, 0.0, 16.0, 6.0 ], "rotation": 90 }
            }
        },
        {
            "name": "Cube",
            "from": [ 7.600000001490116, 2.3999999910593033, -0.4999999925494194 ], 
            "to": [ 8.399999998509884, 3.199999988079071, 4.500000007450581 ], 
            "faces": {
                "north": { "texture": "#1", "uv": [ 0.0, 0.0, 1.0, 1.0 ] },
                "east": { "texture": "#1", "uv": [ 0.0, 0.0, 4.0, 1.0 ], "rotation": 180 },
                "south": { "texture": "#1", "uv": [ 0.0, 0.0, 1.0, 1.0 ] },
                "west": { "texture": "#1", "uv": [ 0.0, 0.0, 4.0, 1.0 ] },
                "up": { "texture": "#1", "uv": [ 0.0, 0.0, 4.0, 1.0 ], "rotation": 90 },
                "down": { "texture": "#1", "uv": [ 0.0, 0.0, 4.0, 1.0 ], "rotation": 270 }
            }
        },
        {
            "name": "Cube",
            "from": [ 7.4, 3.1, 16.5 ], 
            "to": [ 8.6, 4.3, 20.8 ], 
            "faces": {
                "east": { "texture": "#1", "uv": [ 0.0, 0.0, 14.0, 4.0 ] },
                "south": { "texture": "#1", "uv": [ 0.0, 0.0, 4.0, 4.0 ] },
                "west": { "texture": "#1", "uv": [ 0.0, 0.0, 14.0, 4.0 ] },
                "up": { "texture": "#1", "uv": [ 0.0, 0.0, 14.0, 4.0 ], "rotation": 90 },
                "down": { "texture": "#1", "uv": [ 0.0, 0.0, 14.0, 4.0 ], "rotation": 90 }
            }
        },
        {
            "name": "Cube",
            "from": [ 7.5, 0.6, 19.7 ], 
            "to": [ 8.5, 3.1, 20.7 ], 
            "faces": {
                "north": { "texture": "#1", "uv": [ 0.0, 0.0, 4.0, 9.0 ] },
                "east": { "texture": "#1", "uv": [ 0.0, 0.0, 4.0, 9.0 ] },
                "south": { "texture": "#1", "uv": [ 0.0, 0.0, 4.0, 9.0 ] },
                "west": { "texture": "#1", "uv": [ 0.0, 0.0, 4.0, 9.0 ] },
                "down": { "texture": "#1", "uv": [ 0.0, 0.0, 4.0, 4.0 ] }
            }
        },
        {
            "name": "Cube",
            "from": [ 7.6, 0.6, 19.7 ], 
            "to": [ 8.4, 4.2, 20.7 ], 
            "rotation": { "origin": [ 8.0, 0.6000000089406967, 19.69999999552965 ], "axis": "x", "angle": -45.0 },
            "faces": {
                "north": { "texture": "#1", "uv": [ 0.0, 0.0, 4.0, 13.0 ] },
                "east": { "texture": "#1", "uv": [ 0.0, 0.0, 4.0, 13.0 ] },
                "south": { "texture": "#1", "uv": [ 0.0, 0.0, 4.0, 13.0 ] },
                "west": { "texture": "#1", "uv": [ 0.0, 0.0, 4.0, 13.0 ] }
            }
        },
        {
            "name": "Cube",
            "from": [ 7.9, 1.7, 14.2 ], 
            "to": [ 8.1, 2.3, 14.4 ], 
            "faces": {
                "north": { "texture": "#1", "uv": [ 0.0, 0.0, 0.2, 1.0 ] },
                "east": { "texture": "#1", "uv": [ 0.0, 0.0, 0.2, 1.0 ] },
                "south": { "texture": "#1", "uv": [ 0.0, 0.0, 0.2, 1.0 ] },
                "west": { "texture": "#1", "uv": [ 0.0, 0.0, 0.2, 1.0 ] },
                "up": { "texture": "#1", "uv": [ 0.0, 0.0, 0.2, 0.2 ] },
                "down": { "texture": "#1", "uv": [ 0.0, 0.0, 0.2, 0.2 ] }
            }
        },
        {
            "name": "Cube",
            "from": [ 7.600000001490116, 3.3999999910593033, -0.4999999925494194 ], 
            "to": [ 8.399999998509884, 4.199999988079071, 10.50000000745058 ], 
            "faces": {
                "north": { "texture": "#1", "uv": [ 0.0, 0.0, 1.0, 1.0 ] },
                "east": { "texture": "#1", "uv": [ 0.0, 0.0, 4.0, 1.0 ] },
                "south": { "texture": "#1", "uv": [ 0.0, 0.0, 1.0, 1.0 ] },
                "west": { "texture": "#1", "uv": [ 0.0, 0.0, 4.0, 1.0 ] },
                "up": { "texture": "#1", "uv": [ 0.0, 0.0, 4.0, 1.0 ] },
                "down": { "texture": "#1", "uv": [ 0.0, 0.0, 4.0, 1.0 ] }
            }
        },
        {
            "name": "Cube",
            "from": [ 7.800000000000001, 3.0, -0.4000000059604645 ], 
            "to": [ 8.2, 3.9000000000000004, -5.9604645663569045E-9 ], 
            "faces": {
                "north": { "texture": "#1", "uv": [ 0.0, 0.0, 0.4, 0.4 ] },
                "east": { "texture": "#1", "uv": [ 0.0, 0.0, 0.4, 0.4 ] },
                "south": { "texture": "#1", "uv": [ 0.0, 0.0, 0.4, 0.4 ] },
                "west": { "texture": "#1", "uv": [ 0.0, 0.0, 0.4, 0.4 ] },
                "up": { "texture": "#1", "uv": [ 0.0, 0.0, 0.4, 0.4 ] },
                "down": { "texture": "#1", "uv": [ 0.0, 0.0, 0.4, 0.4 ] }
            }
        },
        {
            "name": "Cube",
            "from": [ 7.500000007450581, 4.300000004470348, 11.0 ], 
            "to": [ 8.50000000745058, 4.500000007450581, 16.0 ], 
            "faces": {
                "north": { "texture": "#1", "uv": [ 0.0, 0.0, 1.0, 0.20000000298023224 ] },
                "east": { "texture": "#1", "uv": [ 0.0, 0.0, 5.0, 0.20000000298023224 ] },
                "south": { "texture": "#1", "uv": [ 0.0, 0.0, 1.0, 0.20000000298023224 ] },
                "west": { "texture": "#1", "uv": [ 0.0, 0.0, 5.0, 0.20000000298023224 ] },
                "up": { "texture": "#1", "uv": [ 0.0, 0.0, 1.0, 5.0 ] },
                "down": { "texture": "#1", "uv": [ 0.0, 0.0, 1.0, 5.0 ] }
            }
        }
    ]
}