{
	"credit": "Made with Blockbench",
	"textures": {
		"0": "cubga:items/keycard"
	},
	"elements": [
		{
			"from": [0, 0, 7.5],
			"to": [16, 9, 7.75],
			"faces": {
				"north": {"uv": [0, 8, 16, 16], "texture": "#0"},
				"east": {"uv": [0, 8, 0.375, 16], "texture": "#0"},
				"south": {"uv": [0, 0, 16, 8], "texture": "#0"},
				"west": {"uv": [0, 8, 0.25, 16], "texture": "#0"},
				"up": {"uv": [0.063, 0, 15.999, 0.25], "texture": "#0"},
				"down": {"uv": [0, 7.751, 16, 8], "texture": "#0"}
			}
		}
	],
	"display": {
		"thirdperson_righthand": {
			"rotation": [0, -90, 0],
			"translation": [0, 0, -0.75],
			"scale": [0.3, 0.3, 0.3]
		},
		"thirdperson_lefthand": {
			"rotation": [0, 90, 0],
			"translation": [0, 0, -0.75],
			"scale": [0.3, 0.3, 0.3]
		},
		"firstperson_righthand": {
			"rotation": [0, -50, 0],
			"translation": [0.5, 2.5, 0],
			"scale": [0.5, 0.5, 0.5]
		},
		"firstperson_lefthand": {
			"rotation": [0, 100, 0],
			"translation": [2.75, 2.5, 0],
			"scale": [0.5, 0.5, 0.5]
		},
		"ground": {
			"scale": [0.5, 0.5, 0.5]
		},
		"gui": {
			"rotation": [35, -35, 0],
			"translation": [0, 2, 0],
			"scale": [0.8, 0.8, 0.8]
		},
		"head": {
			"rotation": [-90, 0, 90],
			"translation": [-1.75, -4.75, -9.25],
			"scale": [0.5, 0.5, 0.5]
		},
		"fixed": {
			"rotation": [0, -180, 0],
			"translation": [0, 3, -0.5]
		}
	},
	"groups": [
		{
			"name": "keycard",
			"origin": [8, 8, 8],
			"children": [0]
		}
	]
}