{
    "textures": {
        "cross": "cubga:models/cross"
    },
	"display": {
		"thirdperson_righthand": {
			"rotation":  [ 90, 90, 0 ],
			"translation":  [ 0, -2, -0.9 ],
			"scale":  [ 0.8, 0.8, 0.8 ]
		},
		"thirdperson_lefthand": {
			"rotation":  [ 90, 90, 0 ],
			"translation":  [ 0, -2, -0.9 ],
			"scale":  [ 0.8, 0.8, 0.8 ]
		},
		"firstperson_righthand": {
			"rotation":  [ 0, 90, 3 ],
			"translation":  [ -0.694, 3.1999, 2.0872 ],
			"scale":  [ 0.68, 0.68, 0.68 ]
		},
		"firstperson_lefthand": {
			"rotation":  [ 0, 90, 3 ],
			"translation":  [ -0.694, 3.1999, 2.0872 ],
			"scale":  [ 0.68, 0.68, 0.68 ]
		},
		"gui": {
			"rotation":  [ 30, 225, 0 ],
			"translation":  [ 0, 1.5, 0 ],
			"scale":  [ 0.625, 0.625, 0.625 ]
		},
		"ground": {
			"translation":  [ 0, 2, 0 ],
			"scale":  [ 0.5, 0.5, 0.5 ]
		}
	}
}