﻿{
	"credit": "Created by CoffeeCatRailway",
	"elements": [
		{
			"name": "stripe_bottom_1",
			"from": [7, 0, 6],
			"to": [9, 1.2, 10],
			"faces": {
				"north": {"uv": [0, 0, 2, 1.2], "texture": "#base"},
				"east": {"uv": [0, 0, 4, 1.2], "texture": "#base"},
				"south": {"uv": [0, 0, 2, 1.2], "texture": "#base"},
				"west": {"uv": [0, 0, 4, 1.2], "texture": "#base"},
				"up": {"uv": [0, 0, 2, 4], "texture": "#base"},
				"down": {"uv": [0, 0, 2, 4], "texture": "#base"}
			}
		},
		{
			"name": "stripe_bottom_2",
			"from": [6, 0, 7],
			"to": [7, 1.2, 9],
			"faces": {
				"north": {"uv": [0, 0, 1, 1.2], "texture": "#base"},
				"east": {"uv": [0, 0, 2, 1.2], "texture": "#base"},
				"south": {"uv": [0, 0, 1, 1.2], "texture": "#base"},
				"west": {"uv": [0, 0, 2, 1.2], "texture": "#base"},
				"up": {"uv": [0, 0, 1, 2], "texture": "#base"},
				"down": {"uv": [0, 0, 1, 2], "texture": "#base"}
			}
		},
		{
			"name": "stripe_bottom_3",
			"from": [6, 0, 9],
			"to": [7, 1.2, 10.4],
			"rotation": {"angle": 45, "axis": "y", "origin": [6, 1, 9]},
			"faces": {
				"north": {"uv": [0, 0, 1, 1.2], "texture": "#base"},
				"east": {"uv": [0, 0, 1.4, 1.2], "texture": "#base"},
				"south": {"uv": [0, 0, 1, 1.2], "texture": "#base"},
				"west": {"uv": [0, 0, 1.4, 1.2], "texture": "#base"},
				"up": {"uv": [0, 0, 1, 1.4], "texture": "#base"},
				"down": {"uv": [0, 0, 1, 1.4], "texture": "#base"}
			}
		},
		{
			"name": "stripe_bottom_4",
			"from": [8, 0, 6],
			"to": [9, 1.2, 7.4],
			"rotation": {"angle": 45, "axis": "y", "origin": [9, 1, 6]},
			"faces": {
				"north": {"uv": [0, 0, 1, 1.2], "texture": "#base"},
				"east": {"uv": [0, 0, 1.4, 1.2], "texture": "#base"},
				"south": {"uv": [0, 0, 1, 1.2], "texture": "#base"},
				"west": {"uv": [0, 0, 1.4, 1.2], "texture": "#base"},
				"up": {"uv": [0, 0, 1, 1.4], "texture": "#base"},
				"down": {"uv": [0, 0, 1, 1.4], "texture": "#base"}
			}
		},
		{
			"name": "stripe_bottom_5",
			"from": [9, 0, 7],
			"to": [10, 1.2, 9],
			"faces": {
				"north": {"uv": [0, 0, 1, 1.2], "texture": "#base"},
				"east": {"uv": [0, 0, 2, 1.2], "texture": "#base"},
				"south": {"uv": [0, 0, 1, 1.2], "texture": "#base"},
				"west": {"uv": [0, 0, 2, 1.2], "texture": "#base"},
				"up": {"uv": [0, 0, 1, 2], "texture": "#base"},
				"down": {"uv": [0, 0, 1, 2], "texture": "#base"}
			}
		},
		{
			"name": "stripe_bottom_6",
			"from": [5.6, 0, 6],
			"to": [7, 1.2, 7],
			"rotation": {"angle": 45, "axis": "y", "origin": [7, 1, 6]},
			"faces": {
				"north": {"uv": [0, 0, 1.4, 1.2], "texture": "#base"},
				"east": {"uv": [0, 0, 1, 1.2], "texture": "#base"},
				"south": {"uv": [0, 0, 1.4, 1.2], "texture": "#base"},
				"west": {"uv": [0, 0, 1, 1.2], "texture": "#base"},
				"up": {"uv": [0, 0, 1.4, 1], "texture": "#base"},
				"down": {"uv": [0, 0, 1.4, 1], "texture": "#base"}
			}
		},
		{
			"name": "stripe_bottom_7",
			"from": [8.6, 0, 8],
			"to": [10, 1.2, 9],
			"rotation": {"angle": 45, "axis": "y", "origin": [10, 1, 9]},
			"faces": {
				"north": {"uv": [0, 0, 1.4, 1.2], "texture": "#base"},
				"east": {"uv": [0, 0, 1, 1.2], "texture": "#base"},
				"south": {"uv": [0, 0, 1.4, 1.2], "texture": "#base"},
				"west": {"uv": [0, 0, 1, 1.2], "texture": "#base"},
				"up": {"uv": [0, 0, 1.4, 1], "texture": "#base"},
				"down": {"uv": [0, 0, 1.4, 1], "texture": "#base"}
			}
		},
		{
			"name": "stripe_middle_1",
			"from": [7, 1.2, 6],
			"to": [9, 3.8, 10],
			"faces": {
				"north": {"uv": [0, 0, 2, 2.6], "texture": "#stripe"},
				"east": {"uv": [0, 0, 4, 2.6], "texture": "#stripe"},
				"south": {"uv": [0, 0, 2, 2.6], "texture": "#stripe"},
				"west": {"uv": [0, 0, 4, 2.6], "texture": "#stripe"},
				"up": {"uv": [0, 0, 2, 4], "texture": "#stripe"},
				"down": {"uv": [0, 0, 2, 4], "texture": "#stripe"}
			}
		},
		{
			"name": "stripe_middle_2",
			"from": [6, 1.2, 7],
			"to": [10, 3.8, 9],
			"faces": {
				"north": {"uv": [0, 0, 4, 2.6], "texture": "#stripe"},
				"east": {"uv": [0, 0, 2, 2.6], "texture": "#stripe"},
				"south": {"uv": [0, 0, 4, 2.6], "texture": "#stripe"},
				"west": {"uv": [0, 0, 2, 2.6], "texture": "#stripe"},
				"up": {"uv": [0, 0, 4, 2], "texture": "#stripe"},
				"down": {"uv": [0, 0, 4, 2], "texture": "#stripe"}
			}
		},
		{
			"name": "stripe_middle_3",
			"from": [6, 1.2, 9],
			"to": [7, 3.8, 10.4],
			"rotation": {"angle": 45, "axis": "y", "origin": [6, 1, 9]},
			"faces": {
				"north": {"uv": [0, 0, 1, 2.6], "texture": "#stripe"},
				"east": {"uv": [0, 0, 1.4, 2.6], "texture": "#stripe"},
				"south": {"uv": [0, 0, 1, 2.6], "texture": "#stripe"},
				"west": {"uv": [0, 0, 1.4, 2.6], "texture": "#stripe"},
				"up": {"uv": [0, 0, 1, 1.4], "texture": "#stripe"},
				"down": {"uv": [0, 0, 1, 1.4], "texture": "#stripe"}
			}
		},
		{
			"name": "stripe_middle_4",
			"from": [8, 1.2, 6],
			"to": [9, 3.8, 7.4],
			"rotation": {"angle": 45, "axis": "y", "origin": [9, 1, 6]},
			"faces": {
				"north": {"uv": [0, 0, 1, 2.6], "texture": "#stripe"},
				"east": {"uv": [0, 0, 1.4, 2.6], "texture": "#stripe"},
				"south": {"uv": [0, 0, 1, 2.6], "texture": "#stripe"},
				"west": {"uv": [0, 0, 1.4, 2.6], "texture": "#stripe"},
				"up": {"uv": [0, 0, 1, 1.4], "texture": "#stripe"},
				"down": {"uv": [0, 0, 1, 1.4], "texture": "#stripe"}
			}
		},
		{
			"name": "stripe_middle_5",
			"from": [5.6, 1.2, 6],
			"to": [7, 3.8, 7],
			"rotation": {"angle": 45, "axis": "y", "origin": [7, 1, 6]},
			"faces": {
				"north": {"uv": [0, 0, 1.4, 2.6], "texture": "#stripe"},
				"east": {"uv": [0, 0, 1, 2.6], "texture": "#stripe"},
				"south": {"uv": [0, 0, 1.4, 2.6], "texture": "#stripe"},
				"west": {"uv": [0, 0, 1, 2.6], "texture": "#stripe"},
				"up": {"uv": [0, 0, 1.4, 1], "texture": "#stripe"},
				"down": {"uv": [0, 0, 1.4, 1], "texture": "#stripe"}
			}
		},
		{
			"name": "stripe_middle_6",
			"from": [8.6, 1.2, 8],
			"to": [10, 3.8, 9],
			"rotation": {"angle": 45, "axis": "y", "origin": [10, 1, 9]},
			"faces": {
				"north": {"uv": [0, 0, 1.4, 2.6], "texture": "#stripe"},
				"east": {"uv": [0, 0, 1, 2.6], "texture": "#stripe"},
				"south": {"uv": [0, 0, 1.4, 2.6], "texture": "#stripe"},
				"west": {"uv": [0, 0, 1, 2.6], "texture": "#stripe"},
				"up": {"uv": [0, 0, 1.4, 1], "texture": "#stripe"},
				"down": {"uv": [0, 0, 1.4, 1], "texture": "#stripe"}
			}
		},
		{
			"name": "stripe_top_1",
			"from": [7, 3.8, 6],
			"to": [9, 5, 10],
			"faces": {
				"north": {"uv": [0, 0, 2, 1.2], "texture": "#base"},
				"east": {"uv": [0, 0, 4, 1.2], "texture": "#base"},
				"south": {"uv": [0, 0, 2, 1.2], "texture": "#base"},
				"west": {"uv": [0, 0, 4, 1.2], "texture": "#base"},
				"up": {"uv": [0, 0, 2, 4], "texture": "#base"},
				"down": {"uv": [0, 0, 2, 4], "texture": "#base"}
			}
		},
		{
			"name": "stripe_top_2",
			"from": [6, 3.8, 7],
			"to": [10, 5, 9],
			"faces": {
				"north": {"uv": [0, 0, 4, 1.2], "texture": "#base"},
				"east": {"uv": [0, 0, 2, 1.2], "texture": "#base"},
				"south": {"uv": [0, 0, 4, 1.2], "texture": "#base"},
				"west": {"uv": [0, 0, 2, 1.2], "texture": "#base"},
				"up": {"uv": [0, 0, 4, 2], "texture": "#base"},
				"down": {"uv": [0, 0, 4, 2], "texture": "#base"}
			}
		},
		{
			"name": "stripe_top_3",
			"from": [6, 3.8, 9],
			"to": [7, 5, 10.4],
			"rotation": {"angle": 45, "axis": "y", "origin": [6, 1, 9]},
			"faces": {
				"north": {"uv": [0, 0, 1, 1.2], "texture": "#base"},
				"east": {"uv": [0, 0, 1.4, 1.2], "texture": "#base"},
				"south": {"uv": [0, 0, 1, 1.2], "texture": "#base"},
				"west": {"uv": [0, 0, 1.4, 1.2], "texture": "#base"},
				"up": {"uv": [0, 0, 1, 1.4], "texture": "#base"},
				"down": {"uv": [0, 0, 1, 1.4], "texture": "#base"}
			}
		},
		{
			"name": "stripe_top_4",
			"from": [8, 3.8, 6],
			"to": [9, 5, 7.4],
			"rotation": {"angle": 45, "axis": "y", "origin": [9, 1, 6]},
			"faces": {
				"north": {"uv": [0, 0, 1, 1.2], "texture": "#base"},
				"east": {"uv": [0, 0, 1.4, 1.2], "texture": "#base"},
				"south": {"uv": [0, 0, 1, 1.2], "texture": "#base"},
				"west": {"uv": [0, 0, 1.4, 1.2], "texture": "#base"},
				"up": {"uv": [0, 0, 1, 1.4], "texture": "#base"},
				"down": {"uv": [0, 0, 1, 1.4], "texture": "#base"}
			}
		},
		{
			"name": "stripe_top_5",
			"from": [5.6, 3.8, 6],
			"to": [7, 5, 7],
			"rotation": {"angle": 45, "axis": "y", "origin": [7, 1, 6]},
			"faces": {
				"north": {"uv": [0, 0, 1.4, 1.2], "texture": "#base"},
				"east": {"uv": [0, 0, 1, 1.2], "texture": "#base"},
				"south": {"uv": [0, 0, 1.4, 1.2], "texture": "#base"},
				"west": {"uv": [0, 0, 1, 1.2], "texture": "#base"},
				"up": {"uv": [0, 0, 1.4, 1], "texture": "#base"},
				"down": {"uv": [0, 0, 1.4, 1], "texture": "#base"}
			}
		},
		{
			"name": "stripe_top_6",
			"from": [8.6, 3.8, 8],
			"to": [10, 5, 9],
			"rotation": {"angle": 45, "axis": "y", "origin": [10, 1, 9]},
			"faces": {
				"north": {"uv": [0, 0, 1.4, 1.2], "texture": "#base"},
				"east": {"uv": [0, 0, 1, 1.2], "texture": "#base"},
				"south": {"uv": [0, 0, 1.4, 1.2], "texture": "#base"},
				"west": {"uv": [0, 0, 1, 1.2], "texture": "#base"},
				"up": {"uv": [0, 0, 1.4, 1], "texture": "#base"},
				"down": {"uv": [0, 0, 1.4, 1], "texture": "#base"}
			}
		},
		{
			"name": "cap_1",
			"from": [6.8, 5, 5.8],
			"to": [9.2, 6, 10.2],
			"faces": {
				"north": {"uv": [0, 0, 2.4, 1], "texture": "#cap"},
				"east": {"uv": [0, 0, 4.4, 1], "texture": "#cap"},
				"south": {"uv": [0, 0, 2.4, 1], "texture": "#cap"},
				"west": {"uv": [0, 0, 4.4, 1], "texture": "#cap"},
				"up": {"uv": [0, 0, 2.4, 4.4], "texture": "#cap"},
				"down": {"uv": [0, 0, 2, 4], "texture": "#cap"}
			}
		},
		{
			"name": "cap_2",
			"from": [5.8, 5, 6.8],
			"to": [10.2, 6, 9.2],
			"faces": {
				"north": {"uv": [0, 0, 4.4, 1], "texture": "#cap"},
				"east": {"uv": [0, 0, 2.4, 1], "texture": "#cap"},
				"south": {"uv": [0, 0, 4.4, 1], "texture": "#cap"},
				"west": {"uv": [0, 0, 2.4, 1], "texture": "#cap"},
				"up": {"uv": [0, 0, 4.4, 2.4], "texture": "#cap"},
				"down": {"uv": [0, 0, 2, 4], "texture": "#cap"}
			}
		},
		{
			"name": "cap_3",
			"from": [5.4, 5, 5.8],
			"to": [6.8, 6, 6.8],
			"rotation": {"angle": 45, "axis": "y", "origin": [6.8, 5, 5.8]},
			"faces": {
				"north": {"uv": [0, 0, 1.4, 1], "texture": "#cap"},
				"east": {"uv": [0, 0, 1, 1], "texture": "#cap"},
				"south": {"uv": [0, 0, 1.4, 1], "texture": "#cap"},
				"west": {"uv": [0, 0, 1, 1], "texture": "#cap"},
				"up": {"uv": [0, 0, 1.4, 1], "texture": "#cap"},
				"down": {"uv": [0, 0, 1.4, 1], "texture": "#cap"}
			}
		},
		{
			"name": "cap_4",
			"from": [9.2, 5, 5.8],
			"to": [10.6, 6, 6.8],
			"rotation": {"angle": -45, "axis": "y", "origin": [9.2, 5, 5.8]},
			"faces": {
				"north": {"uv": [0, 0, 1.4, 1], "texture": "#cap"},
				"east": {"uv": [0, 0, 1, 1], "texture": "#cap"},
				"south": {"uv": [0, 0, 1.4, 1], "texture": "#cap"},
				"west": {"uv": [0, 0, 1, 1], "texture": "#cap"},
				"up": {"uv": [0, 0, 1.4, 1], "texture": "#cap"},
				"down": {"uv": [0, 0, 1.4, 1], "texture": "#cap"}
			}
		},
		{
			"name": "cap_5",
			"from": [8.8, 5, 8.2],
			"to": [10.2, 6, 9.2],
			"rotation": {"angle": 45, "axis": "y", "origin": [10.2, 5, 9.2]},
			"faces": {
				"north": {"uv": [0, 0, 1.4, 1], "texture": "#cap"},
				"east": {"uv": [0, 0, 1, 1], "texture": "#cap"},
				"south": {"uv": [0, 0, 1.4, 1], "texture": "#cap"},
				"west": {"uv": [0, 0, 1, 1], "texture": "#cap"},
				"up": {"uv": [0, 0, 1.4, 1], "texture": "#cap"},
				"down": {"uv": [0, 0, 1.4, 1], "texture": "#cap"}
			}
		},
		{
			"name": "cap_6",
			"from": [5.8, 5, 8.2],
			"to": [7.2, 6, 9.2],
			"rotation": {"angle": -45, "axis": "y", "origin": [5.8, 5, 9.2]},
			"faces": {
				"north": {"uv": [0, 0, 1.4, 1], "texture": "#cap"},
				"east": {"uv": [0, 0, 1, 1], "texture": "#cap"},
				"south": {"uv": [0, 0, 1.4, 1], "texture": "#cap"},
				"west": {"uv": [0, 0, 1, 1], "texture": "#cap"},
				"up": {"uv": [0, 0, 1.4, 1], "texture": "#cap"},
				"down": {"uv": [0, 0, 1.4, 1], "texture": "#cap"}
			}
		},
		{
			"name": "label",
			"from": [7, 1.5, 9.901],
			"to": [9, 3.5, 10.001],
			"faces": {
				"south": {"uv": [0, 0, 16, 16], "texture": "#label"}
			}
		}
	],
	"display": {
		"thirdperson_righthand": {
			"scale": [0.5, 0.5, 0.5],
			"translation": [0, 2.5, 1.5]
		},
		"head": {
			"translation": [0, -3, -11],
			"rotation": [-90, 0, 0]
		},
		"gui": {
			"scale": [1.5, 1.5, 1.5],
			"rotation": [30, 225, 0],
			"translation": [0, 6, 0]
		},
		"ground": {
			"scale": [0.5, 0.5, 0.5],
			"rotation": [0, 0, 0],
			"translation": [0, 2, 0]
		},
		"firstperson_lefthand": {
			"rotation": [0, 0, 0],
			"translation": [0, 2.5, 1.5]
		},
		"firstperson_righthand": {
			"translation": [0.5, 6, 1.5],
			"rotation": [0, -162, 0]
		},
		"thirdperson_lefthand": {
			"scale": [0.5, 0.5, 0.5],
			"rotation": [0, 0, 0],
			"translation": [0, 2.5, 1.5]
		}
	}
}