{
	"credit": "Made with Blockbench",
	"textures": {
		"2": "blocks/concrete_gray",
		"3": "blocks/concrete_black",
		"4": "blocks/concrete_white",
		"particle": "blocks/concrete_gray"
	},
	"elements": [
		{
			"from": [3.175, 7.45, 4],
			"to": [3.9, 8.425, 6.125],
			"faces": {
				"north": {"uv": [7.06, 1.06, 7.94, 1.94], "texture": "#3"},
				"south": {"uv": [7.06, 1.06, 7.94, 1.94], "texture": "#3"},
				"west": {"uv": [7.06, 1.06, 7.94, 1.94], "texture": "#3", "cullface": "west"},
				"up": {"uv": [7.06, 1.06, 7.94, 1.94], "texture": "#3"},
				"down": {"uv": [7.06, 1.06, 7.94, 1.94], "texture": "#3"}
			}
		},
		{
			"from": [3.175, 7.89104, 6.04225],
			"to": [3.9, 8.86604, 9.34225],
			"rotation": {"angle": -22.5, "axis": "x", "origin": [3.5, 7.87854, 7.19225]},
			"faces": {
				"north": {"uv": [7.06, 1.06, 7.94, 1.94], "texture": "#3"},
				"west": {"uv": [7.06, 1.06, 7.94, 1.94], "texture": "#3", "cullface": "west"},
				"up": {"uv": [7.06, 1.06, 7.94, 1.94], "texture": "#3"},
				"down": {"uv": [7.06, 1.06, 7.94, 1.94], "texture": "#3"}
			}
		},
		{
			"from": [3.175, 8.63864, 8.80069],
			"to": [3.9, 9.61364, 10.88159],
			"faces": {
				"south": {"uv": [7.06, 1.06, 7.94, 1.94], "texture": "#3"},
				"west": {"uv": [7.06, 1.06, 7.94, 1.94], "texture": "#3", "cullface": "west"},
				"up": {"uv": [7.06, 1.06, 7.94, 1.94], "texture": "#3"},
				"down": {"uv": [7.06, 1.06, 7.94, 1.94], "texture": "#3"}
			}
		},
		{
			"from": [3.4, 7.325, 4],
			"to": [4, 8.55, 6.125],
			"faces": {
				"east": {"uv": [1.06, 1.06, 1.94, 1.94], "texture": "#2"},
				"west": {"uv": [1.06, 1.06, 1.94, 1.94], "texture": "#2", "cullface": "west"},
				"up": {"uv": [1.06, 1.06, 1.94, 1.94], "texture": "#2"},
				"down": {"uv": [1.06, 1.06, 1.94, 1.94], "texture": "#2"}
			}
		},
		{
			"from": [3.4, 7.75652, 5.99441],
			"to": [4, 8.97587, 9.34785],
			"rotation": {"angle": -22.5, "axis": "x", "origin": [3.5, 7.86902, 7.14441]},
			"faces": {
				"north": {"uv": [1.06, 1.06, 1.94, 1.94], "texture": "#2"},
				"east": {"uv": [1.06, 1.06, 1.94, 1.94], "texture": "#2"},
				"west": {"uv": [1.06, 1.06, 1.94, 1.94], "texture": "#2", "cullface": "west"},
				"up": {"uv": [1.06, 1.06, 1.94, 1.94], "texture": "#2"},
				"down": {"uv": [1.06, 1.06, 1.94, 1.94], "texture": "#2"}
			}
		},
		{
			"from": [3.725, 8.50983, 11.98155],
			"to": [5.8, 9.73483, 12.58155],
			"faces": {
				"north": {"uv": [1.06, 1.06, 1.94, 1.94], "texture": "#2"},
				"east": {"uv": [1.06, 1.06, 1.94, 1.94], "texture": "#2"},
				"south": {"uv": [1.06, 1.06, 1.94, 1.94], "texture": "#2"},
				"west": {"uv": [1.06, 1.06, 1.94, 1.94], "texture": "#2", "cullface": "west"},
				"up": {"uv": [1.06, 1.06, 1.94, 1.94], "texture": "#2"},
				"down": {"uv": [1.06, 1.06, 1.94, 1.94], "texture": "#2"}
			}
		},
		{
			"from": [3.025, 7.225, 4.875],
			"to": [4, 8.65, 5.25],
			"faces": {
				"north": {"uv": [1.06, 1.06, 1.94, 1.94], "texture": "#2"},
				"east": {"uv": [1.06, 1.06, 1.94, 1.94], "texture": "#2"},
				"south": {"uv": [1.06, 1.06, 1.94, 1.94], "texture": "#2"},
				"west": {"uv": [1.06, 1.06, 1.94, 1.94], "texture": "#2", "cullface": "west"},
				"up": {"uv": [1.06, 1.06, 1.94, 1.94], "texture": "#2"},
				"down": {"uv": [1.06, 1.06, 1.94, 1.94], "texture": "#2"}
			}
		},
		{
			"from": [3.1, 7.75, 4.2],
			"to": [3.9, 8.1, 4.725],
			"faces": {
				"north": {"uv": [10.06, 1.06, 10.94, 1.94], "texture": "#4"},
				"south": {"uv": [10.06, 1.06, 10.94, 1.94], "texture": "#4"},
				"west": {"uv": [10.06, 1.06, 10.94, 1.94], "texture": "#4", "cullface": "west"},
				"up": {"uv": [10.06, 1.06, 10.94, 1.94], "texture": "#4"},
				"down": {"uv": [10.06, 1.06, 10.94, 1.94], "texture": "#4"}
			}
		},
		{
			"from": [3.025, 8.30983, 8.63155],
			"to": [4, 9.83483, 9.75655],
			"faces": {
				"north": {"uv": [1.06, 1.06, 1.94, 1.94], "texture": "#2"},
				"east": {"uv": [1.06, 1.06, 1.94, 1.94], "texture": "#2"},
				"south": {"uv": [1.06, 1.06, 1.94, 1.94], "texture": "#2"},
				"west": {"uv": [1.06, 1.06, 1.94, 1.94], "texture": "#2", "cullface": "west"},
				"up": {"uv": [1.06, 1.06, 1.94, 1.94], "texture": "#2"},
				"down": {"uv": [1.06, 1.06, 1.94, 1.94], "texture": "#2"}
			}
		},
		{
			"from": [3.3, 7.075, 2.35],
			"to": [3.45, 8.775, 4.05],
			"faces": {
				"north": {"uv": [7.06, 1.06, 7.94, 1.94], "texture": "#3"},
				"east": {"uv": [7.06, 1.06, 7.94, 1.94], "texture": "#3"},
				"south": {"uv": [7.06, 1.06, 7.94, 1.94], "texture": "#3"},
				"west": {"uv": [7.06, 1.06, 7.94, 1.94], "texture": "#3", "cullface": "west"},
				"up": {"uv": [7.06, 1.06, 7.94, 1.94], "texture": "#3"},
				"down": {"uv": [7.06, 1.06, 7.94, 1.94], "texture": "#3"}
			}
		},
		{
			"from": [3.3, 6.875, 2.55],
			"to": [3.45, 8.975, 3.85],
			"faces": {
				"north": {"uv": [7.06, 1.06, 7.94, 1.94], "texture": "#3"},
				"south": {"uv": [7.06, 1.06, 7.94, 1.94], "texture": "#3"},
				"west": {"uv": [7.06, 1.06, 7.94, 1.94], "texture": "#3", "cullface": "west"},
				"up": {"uv": [7.06, 1.06, 7.94, 1.94], "texture": "#3"},
				"down": {"uv": [7.06, 1.06, 7.94, 1.94], "texture": "#3"}
			}
		},
		{
			"from": [3.3, 7.275, 2.25],
			"to": [3.45, 8.675, 4.15],
			"faces": {
				"north": {"uv": [7.06, 1.06, 7.94, 1.94], "texture": "#3"},
				"east": {"uv": [7.06, 1.06, 7.94, 1.94], "texture": "#3"},
				"south": {"uv": [7.06, 1.06, 7.94, 1.94], "texture": "#3"},
				"west": {"uv": [7.06, 1.06, 7.94, 1.94], "texture": "#3", "cullface": "west"},
				"up": {"uv": [7.06, 1.06, 7.94, 1.94], "texture": "#3"},
				"down": {"uv": [7.06, 1.06, 7.94, 1.94], "texture": "#3"}
			}
		},
		{
			"from": [3.4, 8.50983, 8.75655],
			"to": [4, 9.73483, 12.40655],
			"faces": {
				"east": {"uv": [1.06, 1.06, 1.94, 1.94], "texture": "#2"},
				"south": {"uv": [1.06, 1.06, 1.94, 1.94], "texture": "#2"},
				"west": {"uv": [1.06, 1.06, 1.94, 1.94], "texture": "#2", "cullface": "west"},
				"up": {"uv": [1.06, 1.06, 1.94, 1.94], "texture": "#2"},
				"down": {"uv": [1.06, 1.06, 1.94, 1.94], "texture": "#2"}
			}
		},
		{
			"from": [3.275, 8.73864, 10.88159],
			"to": [3.9, 9.51364, 11.18749],
			"faces": {
				"south": {"uv": [7.06, 1.06, 7.94, 1.94], "texture": "#3"},
				"west": {"uv": [7.06, 1.06, 7.94, 1.94], "texture": "#3", "cullface": "west"},
				"up": {"uv": [7.06, 1.06, 7.94, 1.94], "texture": "#3"},
				"down": {"uv": [7.06, 1.06, 7.94, 1.94], "texture": "#3"}
			}
		},
		{
			"from": [3.1, 7.15, 2.425],
			"to": [3.45, 8.7, 3.975],
			"faces": {
				"north": {"uv": [1.06, 1.06, 1.94, 1.94], "texture": "#2"},
				"south": {"uv": [1.06, 1.06, 1.94, 1.94], "texture": "#2"},
				"west": {"uv": [1.06, 1.06, 1.94, 1.94], "texture": "#2", "cullface": "west"},
				"up": {"uv": [1.06, 1.06, 1.94, 1.94], "texture": "#2"},
				"down": {"uv": [1.06, 1.06, 1.94, 1.94], "texture": "#2"}
			}
		},
		{
			"from": [5, 6.75, 1],
			"to": [11, 8.25, 2],
			"faces": {
				"north": {"uv": [1.06, 1.06, 1.94, 1.94], "texture": "#4"},
				"east": {"uv": [1.06, 1.06, 1.94, 1.94], "texture": "#4"},
				"west": {"uv": [1.06, 1.06, 1.94, 1.94], "texture": "#4", "cullface": "west"},
				"up": {"uv": [1.06, 1.06, 1.94, 1.94], "texture": "#4"},
				"down": {"uv": [1.06, 1.06, 1.94, 1.94], "texture": "#4"}
			}
		},
		{
			"from": [12.1, 7.45, 4],
			"to": [12.825, 8.425, 6.125],
			"faces": {
				"north": {"uv": [7.06, 1.06, 7.94, 1.94], "texture": "#3"},
				"east": {"uv": [7.06, 1.06, 7.94, 1.94], "texture": "#3"},
				"south": {"uv": [7.06, 1.06, 7.94, 1.94], "texture": "#3"},
				"up": {"uv": [7.06, 1.06, 7.94, 1.94], "texture": "#3"},
				"down": {"uv": [7.06, 1.06, 7.94, 1.94], "texture": "#3"}
			}
		},
		{
			"from": [12.1, 7.89104, 6.04225],
			"to": [12.825, 8.86604, 9.34225],
			"rotation": {"angle": -22.5, "axis": "x", "origin": [12.5, 7.87854, 7.19225]},
			"faces": {
				"north": {"uv": [7.06, 1.06, 7.94, 1.94], "texture": "#3"},
				"east": {"uv": [7.06, 1.06, 7.94, 1.94], "texture": "#3"},
				"up": {"uv": [7.06, 1.06, 7.94, 1.94], "texture": "#3"},
				"down": {"uv": [7.06, 1.06, 7.94, 1.94], "texture": "#3"}
			}
		},
		{
			"from": [12.1, 8.63864, 8.80069],
			"to": [12.825, 9.61364, 10.88159],
			"faces": {
				"east": {"uv": [7.06, 1.06, 7.94, 1.94], "texture": "#3"},
				"south": {"uv": [7.06, 1.06, 7.94, 1.94], "texture": "#3"},
				"up": {"uv": [7.06, 1.06, 7.94, 1.94], "texture": "#3"},
				"down": {"uv": [7.06, 1.06, 7.94, 1.94], "texture": "#3"}
			}
		},
		{
			"from": [12, 7.325, 4],
			"to": [12.6, 8.55, 6.125],
			"faces": {
				"east": {"uv": [1.06, 1.06, 1.94, 1.94], "texture": "#2"},
				"west": {"uv": [1.06, 1.06, 1.94, 1.94], "texture": "#2", "cullface": "west"},
				"up": {"uv": [1.06, 1.06, 1.94, 1.94], "texture": "#2"},
				"down": {"uv": [1.06, 1.06, 1.94, 1.94], "texture": "#2"}
			}
		},
		{
			"from": [12, 7.75652, 5.99441],
			"to": [12.6, 8.97587, 9.34785],
			"rotation": {"angle": -22.5, "axis": "x", "origin": [12.5, 7.86902, 7.14441]},
			"faces": {
				"north": {"uv": [1.06, 1.06, 1.94, 1.94], "texture": "#2"},
				"east": {"uv": [1.06, 1.06, 1.94, 1.94], "texture": "#2"},
				"west": {"uv": [1.06, 1.06, 1.94, 1.94], "texture": "#2", "cullface": "west"},
				"up": {"uv": [1.06, 1.06, 1.94, 1.94], "texture": "#2"},
				"down": {"uv": [1.06, 1.06, 1.94, 1.94], "texture": "#2"}
			}
		},
		{
			"from": [12, 8.50983, 8.75655],
			"to": [12.6, 9.73483, 12.40655],
			"faces": {
				"east": {"uv": [1.06, 1.06, 1.94, 1.94], "texture": "#2"},
				"south": {"uv": [1.06, 1.06, 1.94, 1.94], "texture": "#2"},
				"west": {"uv": [1.06, 1.06, 1.94, 1.94], "texture": "#2", "cullface": "west"},
				"up": {"uv": [1.06, 1.06, 1.94, 1.94], "texture": "#2"},
				"down": {"uv": [1.06, 1.06, 1.94, 1.94], "texture": "#2"}
			}
		},
		{
			"from": [12, 7.225, 4.875],
			"to": [12.975, 8.65, 5.25],
			"faces": {
				"north": {"uv": [1.06, 1.06, 1.94, 1.94], "texture": "#2"},
				"east": {"uv": [1.06, 1.06, 1.94, 1.94], "texture": "#2"},
				"south": {"uv": [1.06, 1.06, 1.94, 1.94], "texture": "#2"},
				"west": {"uv": [1.06, 1.06, 1.94, 1.94], "texture": "#2", "cullface": "west"},
				"up": {"uv": [1.06, 1.06, 1.94, 1.94], "texture": "#2"},
				"down": {"uv": [1.06, 1.06, 1.94, 1.94], "texture": "#2"}
			}
		},
		{
			"from": [12.1, 7.75, 4.2],
			"to": [12.9, 8.1, 4.725],
			"faces": {
				"north": {"uv": [10.06, 1.06, 10.94, 1.94], "texture": "#4"},
				"east": {"uv": [10.06, 1.06, 10.94, 1.94], "texture": "#4"},
				"south": {"uv": [10.06, 1.06, 10.94, 1.94], "texture": "#4"},
				"up": {"uv": [10.06, 1.06, 10.94, 1.94], "texture": "#4"},
				"down": {"uv": [10.06, 1.06, 10.94, 1.94], "texture": "#4"}
			}
		},
		{
			"from": [12, 8.30983, 8.63155],
			"to": [12.975, 9.83483, 9.75655],
			"faces": {
				"north": {"uv": [1.06, 1.06, 1.94, 1.94], "texture": "#2"},
				"east": {"uv": [1.06, 1.06, 1.94, 1.94], "texture": "#2"},
				"south": {"uv": [1.06, 1.06, 1.94, 1.94], "texture": "#2"},
				"west": {"uv": [1.06, 1.06, 1.94, 1.94], "texture": "#2", "cullface": "west"},
				"up": {"uv": [1.06, 1.06, 1.94, 1.94], "texture": "#2"},
				"down": {"uv": [1.06, 1.06, 1.94, 1.94], "texture": "#2"}
			}
		},
		{
			"from": [12.55, 7.15, 2.425],
			"to": [12.9, 8.7, 3.975],
			"faces": {
				"north": {"uv": [1.06, 1.06, 1.94, 1.94], "texture": "#2"},
				"east": {"uv": [1.06, 1.06, 1.94, 1.94], "texture": "#2"},
				"south": {"uv": [1.06, 1.06, 1.94, 1.94], "texture": "#2"},
				"up": {"uv": [1.06, 1.06, 1.94, 1.94], "texture": "#2"},
				"down": {"uv": [1.06, 1.06, 1.94, 1.94], "texture": "#2"}
			}
		},
		{
			"from": [12.55, 7.075, 2.35],
			"to": [12.7, 8.775, 4.05],
			"faces": {
				"north": {"uv": [7.06, 1.06, 7.94, 1.94], "texture": "#3"},
				"east": {"uv": [7.06, 1.06, 7.94, 1.94], "texture": "#3"},
				"south": {"uv": [7.06, 1.06, 7.94, 1.94], "texture": "#3"},
				"west": {"uv": [7.06, 1.06, 7.94, 1.94], "texture": "#3", "cullface": "west"},
				"up": {"uv": [7.06, 1.06, 7.94, 1.94], "texture": "#3"},
				"down": {"uv": [7.06, 1.06, 7.94, 1.94], "texture": "#3"}
			}
		},
		{
			"from": [12.55, 6.875, 2.55],
			"to": [12.7, 8.975, 3.85],
			"faces": {
				"north": {"uv": [7.06, 1.06, 7.94, 1.94], "texture": "#3"},
				"east": {"uv": [7.06, 1.06, 7.94, 1.94], "texture": "#3"},
				"south": {"uv": [7.06, 1.06, 7.94, 1.94], "texture": "#3"},
				"up": {"uv": [7.06, 1.06, 7.94, 1.94], "texture": "#3"},
				"down": {"uv": [7.06, 1.06, 7.94, 1.94], "texture": "#3"}
			}
		},
		{
			"from": [12.55, 7.275, 2.25],
			"to": [12.7, 8.675, 4.15],
			"faces": {
				"north": {"uv": [7.06, 1.06, 7.94, 1.94], "texture": "#3"},
				"east": {"uv": [7.06, 1.06, 7.94, 1.94], "texture": "#3"},
				"south": {"uv": [7.06, 1.06, 7.94, 1.94], "texture": "#3"},
				"west": {"uv": [7.06, 1.06, 7.94, 1.94], "texture": "#3", "cullface": "west"},
				"up": {"uv": [7.06, 1.06, 7.94, 1.94], "texture": "#3"},
				"down": {"uv": [7.06, 1.06, 7.94, 1.94], "texture": "#3"}
			}
		},
		{
			"from": [12.1, 8.73864, 10.88159],
			"to": [12.725, 9.51364, 11.18749],
			"faces": {
				"east": {"uv": [7.06, 1.06, 7.94, 1.94], "texture": "#3"},
				"south": {"uv": [7.06, 1.06, 7.94, 1.94], "texture": "#3"},
				"up": {"uv": [7.06, 1.06, 7.94, 1.94], "texture": "#3"},
				"down": {"uv": [7.06, 1.06, 7.94, 1.94], "texture": "#3"}
			}
		},
		{
			"from": [10.2, 8.50983, 11.98155],
			"to": [12.275, 9.73483, 12.58155],
			"faces": {
				"north": {"uv": [1.06, 1.06, 1.94, 1.94], "texture": "#2"},
				"east": {"uv": [1.06, 1.06, 1.94, 1.94], "texture": "#2"},
				"south": {"uv": [1.06, 1.06, 1.94, 1.94], "texture": "#2"},
				"west": {"uv": [1.06, 1.06, 1.94, 1.94], "texture": "#2", "cullface": "west"},
				"up": {"uv": [1.06, 1.06, 1.94, 1.94], "texture": "#2"},
				"down": {"uv": [1.06, 1.06, 1.94, 1.94], "texture": "#2"}
			}
		},
		{
			"from": [6.2875, 8.50983, 11.95655],
			"to": [9.7125, 9.73483, 12.58155],
			"faces": {
				"north": {"uv": [1.06, 1.06, 1.94, 1.94], "texture": "#2"},
				"east": {"uv": [1.06, 1.06, 1.94, 1.94], "texture": "#2"},
				"south": {"uv": [1.06, 1.06, 1.94, 1.94], "texture": "#2"},
				"west": {"uv": [1.06, 1.06, 1.94, 1.94], "texture": "#2", "cullface": "west"},
				"up": {"uv": [1.06, 1.06, 1.94, 1.94], "texture": "#2"},
				"down": {"uv": [1.06, 1.06, 1.94, 1.94], "texture": "#2"}
			}
		},
		{
			"from": [5.8, 8.60983, 11.98155],
			"to": [10.2, 9.63483, 12.48155],
			"faces": {
				"north": {"uv": [7.06, 1.06, 7.94, 1.94], "texture": "#3"},
				"south": {"uv": [7.06, 1.06, 7.94, 1.94], "texture": "#3"},
				"up": {"uv": [7.06, 1.06, 7.94, 1.94], "texture": "#3"},
				"down": {"uv": [7.06, 1.06, 7.94, 1.94], "texture": "#3"}
			}
		},
		{
			"from": [3.45, 5.5, 1.6],
			"to": [12.55, 10.175, 4],
			"faces": {
				"east": {"uv": [1.06, 1.06, 1.94, 1.94], "texture": "#2"},
				"south": {"uv": [1.06, 1.06, 1.94, 1.94], "texture": "#2"},
				"west": {"uv": [1.06, 1.06, 1.94, 1.94], "texture": "#2", "cullface": "west"},
				"up": {"uv": [1.06, 1.06, 1.94, 1.94], "texture": "#2"},
				"down": {"uv": [1.06, 1.06, 1.94, 1.94], "texture": "#2"}
			}
		},
		{
			"from": [3.45, 8.48048, 0.525],
			"to": [12.55, 9.85, 1.525],
			"rotation": {"angle": 22.5, "axis": "x", "origin": [4.05, 6.35, 2.8]},
			"faces": {
				"east": {"uv": [1.06, 1.06, 1.94, 1.94], "texture": "#2"},
				"west": {"uv": [1.06, 1.06, 1.94, 1.94], "texture": "#2", "cullface": "west"},
				"up": {"uv": [1.06, 1.06, 1.94, 1.94], "texture": "#2"}
			}
		},
		{
			"from": [3.45, 5.25851, 0.32112],
			"to": [12.55, 6.00303, 2.47112],
			"rotation": {"angle": -22.5, "axis": "x", "origin": [4.05, 9.16827, 2.04612]},
			"faces": {
				"east": {"uv": [1.06, 1.06, 1.94, 1.94], "texture": "#2"},
				"west": {"uv": [1.06, 1.06, 1.94, 1.94], "texture": "#2", "cullface": "west"},
				"down": {"uv": [1.06, 1.06, 1.94, 1.94], "texture": "#2"}
			}
		},
		{
			"from": [3.375, 5.875, 1.225],
			"to": [12.625, 9.175, 1.6],
			"faces": {
				"north": {"uv": [7.06, 1.06, 7.94, 1.94], "texture": "#3"},
				"east": {"uv": [7.06, 1.06, 7.94, 1.94], "texture": "#3"},
				"south": {"uv": [7.06, 1.06, 7.94, 1.94], "texture": "#3"},
				"west": {"uv": [7.06, 1.06, 7.94, 1.94], "texture": "#3", "cullface": "west"},
				"down": {"uv": [7.06, 1.06, 7.94, 1.94], "texture": "#3"}
			}
		},
		{
			"from": [3.375, 8.98148, 1.84789],
			"to": [12.625, 10.48148, 2.19789],
			"rotation": {"angle": 22.5, "axis": "x", "origin": [4.075, 10.64398, 2.02289]},
			"faces": {
				"north": {"uv": [7.06, 1.06, 7.94, 1.94], "texture": "#3"},
				"east": {"uv": [7.06, 1.06, 7.94, 1.94], "texture": "#3"},
				"south": {"uv": [7.06, 1.06, 7.94, 1.94], "texture": "#3"},
				"west": {"uv": [7.06, 1.06, 7.94, 1.94], "texture": "#3", "cullface": "west"},
				"up": {"uv": [7.06, 1.06, 7.94, 1.94], "texture": "#3"}
			}
		},
		{
			"from": [3.375, 5.0399, -0.14051],
			"to": [12.625, 6.2399, 0.20949],
			"rotation": {"angle": -22.5, "axis": "x", "origin": [4.075, 9.4899, 1.45949]},
			"faces": {
				"north": {"uv": [7.06, 1.06, 7.94, 1.94], "texture": "#3"},
				"east": {"uv": [7.06, 1.06, 7.94, 1.94], "texture": "#3"},
				"south": {"uv": [7.06, 1.06, 7.94, 1.94], "texture": "#3"},
				"west": {"uv": [7.06, 1.06, 7.94, 1.94], "texture": "#3", "cullface": "west"},
				"up": {"uv": [7.06, 1.06, 7.94, 1.94], "texture": "#3"},
				"down": {"uv": [7.06, 1.06, 7.94, 1.94], "texture": "#3"}
			}
		},
		{
			"from": [3.525, 5.875, 1.175],
			"to": [12.475, 9.2, 1.35],
			"faces": {
				"north": {"uv": [1.06, 1.06, 1.94, 1.94], "texture": "#2"},
				"east": {"uv": [1.06, 1.06, 1.94, 1.94], "texture": "#2"},
				"west": {"uv": [1.06, 1.06, 1.94, 1.94], "texture": "#2", "cullface": "west"},
				"up": {"uv": [1.06, 1.06, 1.94, 1.94], "texture": "#2"},
				"down": {"uv": [1.06, 1.06, 1.94, 1.94], "texture": "#2"}
			}
		},
		{
			"from": [3.525, 5.0399, -0.19051],
			"to": [12.475, 6.2399, -0.04051],
			"rotation": {"angle": -22.5, "axis": "x", "origin": [4.1, 9.4899, 1.38449]},
			"faces": {
				"north": {"uv": [1.06, 1.06, 1.94, 1.94], "texture": "#2"},
				"east": {"uv": [1.06, 1.06, 1.94, 1.94], "texture": "#2"},
				"west": {"uv": [1.06, 1.06, 1.94, 1.94], "texture": "#2", "cullface": "west"},
				"up": {"uv": [1.06, 1.06, 1.94, 1.94], "texture": "#2"},
				"down": {"uv": [1.06, 1.06, 1.94, 1.94], "texture": "#2"}
			}
		},
		{
			"from": [3.525, 9.1399, 1.30949],
			"to": [12.475, 10.6399, 1.36449],
			"rotation": {"angle": 22.5, "axis": "x", "origin": [3.6, 9.4899, 1.38449]},
			"faces": {
				"north": {"uv": [1.06, 1.06, 1.94, 1.94], "texture": "#2"},
				"east": {"uv": [1.06, 1.06, 1.94, 1.94], "texture": "#2"},
				"west": {"uv": [1.06, 1.06, 1.94, 1.94], "texture": "#2", "cullface": "west"},
				"up": {"uv": [1.06, 1.06, 1.94, 1.94], "texture": "#2"}
			}
		},
		{
			"from": [7.5125, 10.575, 3.15],
			"to": [8.4875, 11.1, 3.55],
			"faces": {
				"north": {"uv": [7.06, 1.06, 7.94, 1.94], "texture": "#3"},
				"east": {"uv": [7.06, 1.06, 7.94, 1.94], "texture": "#3"},
				"south": {"uv": [7.06, 1.06, 7.94, 1.94], "texture": "#3"},
				"west": {"uv": [7.06, 1.06, 7.94, 1.94], "texture": "#3", "cullface": "west"},
				"up": {"uv": [7.06, 1.06, 7.94, 1.94], "texture": "#3"},
				"down": {"uv": [7.06, 1.06, 7.94, 1.94], "texture": "#3"}
			}
		},
		{
			"from": [8.18333, 10.15696, 3.19458],
			"to": [8.45, 12.05696, 3.49458],
			"faces": {
				"north": {"uv": [1.06, 1.06, 1.94, 1.94], "texture": "#2"},
				"east": {"uv": [1.06, 1.06, 1.94, 1.94], "texture": "#2"},
				"south": {"uv": [1.06, 1.06, 1.94, 1.94], "texture": "#2"},
				"west": {"uv": [1.06, 1.06, 1.94, 1.94], "texture": "#2", "cullface": "west"},
				"up": {"uv": [1.06, 1.06, 1.94, 1.94], "texture": "#2"}
			}
		},
		{
			"from": [7.55, 10.15696, 3.19458],
			"to": [7.81667, 12.05696, 3.49458],
			"faces": {
				"north": {"uv": [1.06, 1.06, 1.94, 1.94], "texture": "#2"},
				"east": {"uv": [1.06, 1.06, 1.94, 1.94], "texture": "#2"},
				"south": {"uv": [1.06, 1.06, 1.94, 1.94], "texture": "#2"},
				"west": {"uv": [1.06, 1.06, 1.94, 1.94], "texture": "#2", "cullface": "west"},
				"up": {"uv": [1.06, 1.06, 1.94, 1.94], "texture": "#2"}
			}
		},
		{
			"from": [7.86667, 10.15696, 3.19458],
			"to": [8.13333, 12.05696, 3.49458],
			"faces": {
				"north": {"uv": [1.06, 1.06, 1.94, 1.94], "texture": "#2"},
				"east": {"uv": [1.06, 1.06, 1.94, 1.94], "texture": "#2"},
				"south": {"uv": [1.06, 1.06, 1.94, 1.94], "texture": "#2"},
				"west": {"uv": [1.06, 1.06, 1.94, 1.94], "texture": "#2", "cullface": "west"},
				"up": {"uv": [1.06, 1.06, 1.94, 1.94], "texture": "#2"}
			}
		},
		{
			"from": [7.55, 11.96245, 3.36972],
			"to": [7.81667, 12.71245, 3.66972],
			"rotation": {"angle": 22.5, "axis": "x", "origin": [8, 12.44995, 3.51972]},
			"faces": {
				"north": {"uv": [1.06, 1.06, 1.94, 1.94], "texture": "#2"},
				"east": {"uv": [1.06, 1.06, 1.94, 1.94], "texture": "#2"},
				"south": {"uv": [1.06, 1.06, 1.94, 1.94], "texture": "#2"},
				"west": {"uv": [1.06, 1.06, 1.94, 1.94], "texture": "#2", "cullface": "west"},
				"up": {"uv": [1.06, 1.06, 1.94, 1.94], "texture": "#2"},
				"down": {"uv": [1.06, 1.06, 1.94, 1.94], "texture": "#2"}
			}
		},
		{
			"from": [7.86667, 11.96245, 3.36972],
			"to": [8.13333, 12.71245, 3.66972],
			"rotation": {"angle": 22.5, "axis": "x", "origin": [8, 12.44995, 3.51972]},
			"faces": {
				"north": {"uv": [1.06, 1.06, 1.94, 1.94], "texture": "#2"},
				"east": {"uv": [1.06, 1.06, 1.94, 1.94], "texture": "#2"},
				"south": {"uv": [1.06, 1.06, 1.94, 1.94], "texture": "#2"},
				"west": {"uv": [1.06, 1.06, 1.94, 1.94], "texture": "#2", "cullface": "west"},
				"up": {"uv": [1.06, 1.06, 1.94, 1.94], "texture": "#2"},
				"down": {"uv": [1.06, 1.06, 1.94, 1.94], "texture": "#2"}
			}
		},
		{
			"from": [8.18333, 11.96245, 3.36972],
			"to": [8.45, 12.71245, 3.66972],
			"rotation": {"angle": 22.5, "axis": "x", "origin": [8, 12.44995, 3.51972]},
			"faces": {
				"north": {"uv": [1.06, 1.06, 1.94, 1.94], "texture": "#2"},
				"east": {"uv": [1.06, 1.06, 1.94, 1.94], "texture": "#2"},
				"south": {"uv": [1.06, 1.06, 1.94, 1.94], "texture": "#2"},
				"west": {"uv": [1.06, 1.06, 1.94, 1.94], "texture": "#2", "cullface": "west"},
				"up": {"uv": [1.06, 1.06, 1.94, 1.94], "texture": "#2"},
				"down": {"uv": [1.06, 1.06, 1.94, 1.94], "texture": "#2"}
			}
		},
		{
			"from": [8.18333, 12.44987, 3.4816],
			"to": [8.45, 12.74987, 12.1316],
			"faces": {
				"north": {"uv": [1.06, 1.06, 1.94, 1.94], "rotation": 180, "texture": "#2"},
				"east": {"uv": [1.06, 1.06, 1.94, 1.94], "rotation": 180, "texture": "#2"},
				"south": {"uv": [1.06, 1.06, 1.94, 1.94], "rotation": 180, "texture": "#2"},
				"west": {"uv": [1.06, 1.06, 1.94, 1.94], "rotation": 180, "texture": "#2", "cullface": "west"},
				"up": {"uv": [1.06, 1.06, 1.94, 1.94], "rotation": 180, "texture": "#2"},
				"down": {"uv": [1.06, 1.06, 1.94, 1.94], "rotation": 180, "texture": "#2"}
			}
		},
		{
			"from": [7.86667, 12.44987, 3.4816],
			"to": [8.13333, 12.74987, 12.1316],
			"faces": {
				"north": {"uv": [1.06, 1.06, 1.94, 1.94], "rotation": 180, "texture": "#2"},
				"east": {"uv": [1.06, 1.06, 1.94, 1.94], "rotation": 180, "texture": "#2"},
				"south": {"uv": [1.06, 1.06, 1.94, 1.94], "rotation": 180, "texture": "#2"},
				"west": {"uv": [1.06, 1.06, 1.94, 1.94], "rotation": 180, "texture": "#2", "cullface": "west"},
				"up": {"uv": [1.06, 1.06, 1.94, 1.94], "rotation": 180, "texture": "#2"},
				"down": {"uv": [1.06, 1.06, 1.94, 1.94], "rotation": 180, "texture": "#2"}
			}
		},
		{
			"from": [7.55, 12.44987, 3.4816],
			"to": [7.81667, 12.74987, 12.1316],
			"faces": {
				"north": {"uv": [1.06, 1.06, 1.94, 1.94], "rotation": 180, "texture": "#2"},
				"east": {"uv": [1.06, 1.06, 1.94, 1.94], "rotation": 180, "texture": "#2"},
				"south": {"uv": [1.06, 1.06, 1.94, 1.94], "rotation": 180, "texture": "#2"},
				"west": {"uv": [1.06, 1.06, 1.94, 1.94], "rotation": 180, "texture": "#2", "cullface": "west"},
				"up": {"uv": [1.06, 1.06, 1.94, 1.94], "rotation": 180, "texture": "#2"},
				"down": {"uv": [1.06, 1.06, 1.94, 1.94], "rotation": 180, "texture": "#2"}
			}
		},
		{
			"from": [8.18333, 9.19987, 12.0066],
			"to": [8.45, 12.32613, 12.30712],
			"faces": {
				"north": {"uv": [1.06, 1.06, 1.94, 1.94], "texture": "#2"},
				"east": {"uv": [1.06, 1.06, 1.94, 1.94], "texture": "#2"},
				"south": {"uv": [1.06, 1.06, 1.94, 1.94], "texture": "#2"},
				"west": {"uv": [1.06, 1.06, 1.94, 1.94], "texture": "#2", "cullface": "west"},
				"up": {"uv": [1.06, 1.06, 1.94, 1.94], "texture": "#2"}
			}
		},
		{
			"from": [7.86667, 9.19987, 12.0066],
			"to": [8.13333, 12.32613, 12.30712],
			"faces": {
				"north": {"uv": [1.06, 1.06, 1.94, 1.94], "texture": "#2"},
				"east": {"uv": [1.06, 1.06, 1.94, 1.94], "texture": "#2"},
				"south": {"uv": [1.06, 1.06, 1.94, 1.94], "texture": "#2"},
				"west": {"uv": [1.06, 1.06, 1.94, 1.94], "texture": "#2", "cullface": "west"},
				"up": {"uv": [1.06, 1.06, 1.94, 1.94], "texture": "#2"}
			}
		},
		{
			"from": [7.55, 9.19987, 12.0066],
			"to": [7.81667, 12.32613, 12.30712],
			"faces": {
				"north": {"uv": [1.06, 1.06, 1.94, 1.94], "texture": "#2"},
				"east": {"uv": [1.06, 1.06, 1.94, 1.94], "texture": "#2"},
				"south": {"uv": [1.06, 1.06, 1.94, 1.94], "texture": "#2"},
				"west": {"uv": [1.06, 1.06, 1.94, 1.94], "texture": "#2", "cullface": "west"},
				"up": {"uv": [1.06, 1.06, 1.94, 1.94], "texture": "#2"}
			}
		},
		{
			"from": [7.5125, 11.09987, 11.9566],
			"to": [8.4875, 11.87487, 12.3566],
			"faces": {
				"north": {"uv": [7.06, 1.06, 7.94, 1.94], "texture": "#3"},
				"east": {"uv": [7.06, 1.06, 7.94, 1.94], "texture": "#3"},
				"south": {"uv": [7.06, 1.06, 7.94, 1.94], "texture": "#3"},
				"west": {"uv": [7.06, 1.06, 7.94, 1.94], "texture": "#3", "cullface": "west"},
				"up": {"uv": [7.06, 1.06, 7.94, 1.94], "texture": "#3"},
				"down": {"uv": [7.06, 1.06, 7.94, 1.94], "texture": "#3"}
			}
		},
		{
			"from": [8.18333, 12.24537, 11.90247],
			"to": [8.45, 12.70403, 12.20383],
			"rotation": {"angle": -22.5, "axis": "x", "origin": [8, 12.54537, 12.05247]},
			"faces": {
				"north": {"uv": [1.06, 1.06, 1.94, 1.94], "texture": "#2"},
				"east": {"uv": [1.06, 1.06, 1.94, 1.94], "texture": "#2"},
				"south": {"uv": [1.06, 1.06, 1.94, 1.94], "texture": "#2"},
				"west": {"uv": [1.06, 1.06, 1.94, 1.94], "texture": "#2", "cullface": "west"},
				"up": {"uv": [1.06, 1.06, 1.94, 1.94], "texture": "#2"}
			}
		},
		{
			"from": [7.86667, 12.24537, 11.90247],
			"to": [8.13333, 12.70403, 12.20383],
			"rotation": {"angle": -22.5, "axis": "x", "origin": [8, 12.54537, 12.05247]},
			"faces": {
				"north": {"uv": [1.06, 1.06, 1.94, 1.94], "texture": "#2"},
				"east": {"uv": [1.06, 1.06, 1.94, 1.94], "texture": "#2"},
				"south": {"uv": [1.06, 1.06, 1.94, 1.94], "texture": "#2"},
				"west": {"uv": [1.06, 1.06, 1.94, 1.94], "texture": "#2", "cullface": "west"},
				"up": {"uv": [1.06, 1.06, 1.94, 1.94], "texture": "#2"}
			}
		},
		{
			"from": [7.55, 12.24537, 11.90247],
			"to": [7.81667, 12.70403, 12.20383],
			"rotation": {"angle": -22.5, "axis": "x", "origin": [8, 12.54537, 12.05247]},
			"faces": {
				"north": {"uv": [1.06, 1.06, 1.94, 1.94], "texture": "#2"},
				"east": {"uv": [1.06, 1.06, 1.94, 1.94], "texture": "#2"},
				"south": {"uv": [1.06, 1.06, 1.94, 1.94], "texture": "#2"},
				"west": {"uv": [1.06, 1.06, 1.94, 1.94], "texture": "#2", "cullface": "west"},
				"up": {"uv": [1.06, 1.06, 1.94, 1.94], "texture": "#2"}
			}
		},
		{
			"from": [7.5125, 12.39987, 5.8566],
			"to": [8.4875, 12.79987, 6.2066],
			"faces": {
				"north": {"uv": [7.06, 1.06, 7.94, 1.94], "texture": "#3"},
				"east": {"uv": [7.06, 1.06, 7.94, 1.94], "texture": "#3"},
				"south": {"uv": [7.06, 1.06, 7.94, 1.94], "texture": "#3"},
				"west": {"uv": [7.06, 1.06, 7.94, 1.94], "texture": "#3", "cullface": "west"},
				"up": {"uv": [7.06, 1.06, 7.94, 1.94], "texture": "#3"},
				"down": {"uv": [7.06, 1.06, 7.94, 1.94], "texture": "#3"}
			}
		},
		{
			"from": [7.5125, 12.39987, 8.9816],
			"to": [8.4875, 12.79987, 9.3316],
			"faces": {
				"north": {"uv": [7.06, 1.06, 7.94, 1.94], "texture": "#3"},
				"east": {"uv": [7.06, 1.06, 7.94, 1.94], "texture": "#3"},
				"south": {"uv": [7.06, 1.06, 7.94, 1.94], "texture": "#3"},
				"west": {"uv": [7.06, 1.06, 7.94, 1.94], "texture": "#3", "cullface": "west"},
				"up": {"uv": [7.06, 1.06, 7.94, 1.94], "texture": "#3"},
				"down": {"uv": [7.06, 1.06, 7.94, 1.94], "texture": "#3"}
			}
		}
	],
	"display": {
		"ground": {
			"translation": [0, -2.5, 0],
			"scale": [0.5, 0.5, 0.5]
		},
		"gui": {
			"rotation": [15, -150, 0]
		},
		"head": {
			"translation": [0, -0.3, 0.05],
			"scale": [1.5, 1.5, 1.61]
		},
		"fixed": {
			"rotation": [0, 89, 0]
		}
	},
	"groups": [
		{
			"name": "left-arm",
			"children": [0, 1, 2, 3, 4, 5, 6, 7, 8, 9, 10, 11, 12, 13, 14, 15]
		},
		{
			"name": "right-arm",
			"children": [16, 17, 18, 19, 20, 21, 22, 23, 24, 25, 26, 27, 28, 29, 30, 31, 32]
		},
		{
			"name": "front",
			"children": [33, 34, 35, 36, 37, 38, 39, 40, 41]
		},
		{
			"name": "top",
			"children": [42, 43, 44, 45, 46, 47, 48, 49, 50, 51, 52, 53, 54, 55, 56, 57, 58, 59, 60]
		}
	]
}