{
	"credit": "Made with Blockbench",
	"parent": "block/thin_block",
	"textures": {
		"concrete_silver": "blocks/concrete_silver",
		"concrete_gray": "blocks/concrete_gray",
		"concrete_white": "blocks/concrete_white"
	},
	"elements": [
		{
			"from": [7.2, 0.2, 8.2],
			"to": [8.4, 0.4, 9.4],
			"rotation": {"angle": 0, "axis": "y", "origin": [15, 8, 16]},
			"faces": {
				"north": {"uv": [0, 0, 12, 2], "texture": "#concrete_silver"},
				"east": {"uv": [0, 0, 12, 2], "texture": "#concrete_silver"},
				"south": {"uv": [0, 0, 12, 2], "texture": "#concrete_silver"},
				"west": {"uv": [0, 0, 12, 2], "texture": "#concrete_silver"},
				"up": {"uv": [0, 0, 12, 12], "texture": "#concrete_silver"}
			}
		},
		{
			"from": [7.1, 0, 8.1],
			"to": [8.5, 0.26, 9.5],
			"rotation": {"angle": 0, "axis": "y", "origin": [15, 8, 16]},
			"faces": {
				"north": {"uv": [0, 0, 14, 2.6], "texture": "#concrete_gray"},
				"east": {"uv": [0, 0, 14, 2.6], "texture": "#concrete_gray"},
				"south": {"uv": [0, 0, 14, 2.6], "texture": "#concrete_gray"},
				"west": {"uv": [0, 0, 14, 2.6], "texture": "#concrete_gray"},
				"up": {"uv": [0, 0, 14, 14], "texture": "#concrete_gray"},
				"down": {"uv": [0, 0, 14, 14], "texture": "#concrete_gray", "cullface": "down"}
			}
		},
		{
			"from": [7.5, 0, 8],
			"to": [8.1, 0.2, 9.6],
			"rotation": {"angle": 0, "axis": "y", "origin": [15, 8, 16]},
			"faces": {
				"north": {"uv": [0, 0, 6, 2], "texture": "#concrete_white", "tintindex": 0},
				"east": {"uv": [0, 0, 16, 2], "texture": "#concrete_white", "tintindex": 0},
				"south": {"uv": [0, 0, 6, 2], "texture": "#concrete_white", "tintindex": 0},
				"west": {"uv": [0, 0, 16, 2], "texture": "#concrete_white", "tintindex": 0},
				"up": {"uv": [0, 0, 6, 16], "texture": "#concrete_white", "tintindex": 0},
				"down": {"uv": [0, 0, 6, 16], "texture": "#concrete_white", "cullface": "down", "tintindex": 0}
			}
		},
		{
			"from": [7, 0, 8.5],
			"to": [8.6, 0.2, 9.1],
			"rotation": {"angle": 0, "axis": "y", "origin": [15, 8, 16]},
			"faces": {
				"north": {"uv": [0, 0, 16, 2], "texture": "#concrete_white", "tintindex": 0},
				"east": {"uv": [0, 0, 6, 2], "texture": "#concrete_white", "tintindex": 0},
				"south": {"uv": [0, 0, 16, 2], "texture": "#concrete_white", "tintindex": 0},
				"west": {"uv": [0, 0, 6, 2], "texture": "#concrete_white", "tintindex": 0},
				"up": {"uv": [0, 0, 16, 6], "texture": "#concrete_white", "tintindex": 0},
				"down": {"uv": [0, 0, 16, 6], "texture": "#concrete_white", "cullface": "down", "tintindex": 0}
			}
		}
	],
	"display": {
		"thirdperson_righthand": {
			"translation": [0, 8, 0]
		},
		"thirdperson_lefthand": {
			"scale": [0.01, 0.01, 0.01]
		},
		"firstperson_righthand": {
			"translation": [0, 10.75, 2.5]
		},
		"firstperson_lefthand": {
			"scale": [0.01, 0.01, 0.01]
		},
		"ground": {
			"translation": [0, 6.75, 0]
		},
		"gui": {
			"rotation": [-90, 0, 0],
			"translation": [0, -0.25, 0]
		},
		"head": {
			"scale": [0.01, 0.01, 0.01]
		},
		"fixed": {
			"rotation": [-90, 0, 0],
			"translation": [0, -1.75, -8]
		}
	}
}