{
    "__comment": "Model generated using MrCrayfish's Model Creator (https://mrcrayfish.com/tools?id=mc)",
    "parent": "block/cube",
    "textures": {
        "particle": "blocks/hardened_clay_stained_white",
        "0": "blocks/hardened_clay_stained_white",
        "1": "blocks/hardened_clay"
    },
    "elements": [
        {
            "name": "base",
            "from": [ 0.50, 0.50, 0.50 ], 
            "to": [ 15.50, 15.50, 15.50 ], 
            "faces": {
                "north": { "texture": "#0", "uv": [ 0.00, 0.00, 15.00, 15.00 ] },
                "east": { "texture": "#0", "uv": [ 0.00, 0.00, 15.00, 15.00 ] },
                "south": { "texture": "#0", "uv": [ 0.00, 0.00, 15.00, 15.00 ] },
                "west": { "texture": "#0", "uv": [ 0.00, 0.00, 15.00, 15.00 ] },
                "up": { "texture": "#0", "uv": [ 0.00, 0.00, 15.00, 15.00 ] },
                "down": { "texture": "#0", "uv": [ 0.00, 0.00, 15.00, 15.00 ] }
            }
        },
        {
            "name": "brick_1",
            "from": [ 0.00, 0.00, 0.00 ], 
            "to": [ 3.00, 2.40, 5.50 ], 
            "faces": {
                "north": { "texture": "#1", "uv": [ 13.00, 13.00, 16.00, 16.00 ], "cullface": "north" },
                "east": { "texture": "#1", "uv": [ 10.00, 13.00, 16.00, 16.00 ] },
                "south": { "texture": "#1", "uv": [ 0.00, 13.00, 3.00, 16.00 ] },
                "west": { "texture": "#1", "uv": [ 0.00, 13.00, 6.00, 16.00 ], "cullface": "west" },
                "up": { "texture": "#1", "uv": [ 13.00, 10.00, 16.00, 16.00 ] },
                "down": { "texture": "#1", "uv": [ 13.00, 0.00, 16.00, 5.50 ], "cullface": "down" }
            }
        },
        {
            "name": "brick_2",
            "from": [ 0.00, 6.80, 6.50 ], 
            "to": [ 3.00, 9.20, 12.00 ], 
            "faces": {
                "north": { "texture": "#1", "uv": [ 0.00, 0.00, 3.00, 3.00 ] },
                "south": { "texture": "#1", "uv": [ 0.00, 7.00, 3.00, 10.00 ] },
                "west": { "texture": "#1", "uv": [ 6.00, 6.00, 12.00, 9.00 ], "cullface": "west" },
                "up": { "texture": "#1", "uv": [ 13.00, 5.00, 16.00, 10.50 ] },
                "down": { "texture": "#1", "uv": [ 13.00, 5.00, 16.00, 10.50 ] }
            }
        },
        {
            "name": "brick_3",
            "from": [ 0.00, 0.00, 13.00 ], 
            "to": [ 5.50, 2.40, 16.00 ], 
            "faces": {
                "north": { "texture": "#1", "uv": [ 10.00, 13.00, 16.00, 16.00 ] },
                "east": { "texture": "#1", "uv": [ 0.00, 13.00, 3.00, 16.00 ] },
                "south": { "texture": "#1", "uv": [ 0.00, 13.00, 6.00, 16.00 ], "cullface": "south" },
                "west": { "texture": "#1", "uv": [ 13.00, 13.00, 16.00, 16.00 ], "cullface": "west" },
                "up": { "texture": "#1", "uv": [ 0.00, 13.00, 5.50, 16.00 ] },
                "down": { "texture": "#1", "uv": [ 0.00, 13.00, 5.50, 16.00 ], "cullface": "down" }
            }
        },
        {
            "name": "brick_4",
            "from": [ 6.50, 0.00, 13.00 ], 
            "to": [ 12.00, 2.40, 16.00 ], 
            "faces": {
                "north": { "texture": "#1", "uv": [ 6.00, 13.00, 12.00, 16.00 ] },
                "east": { "texture": "#1", "uv": [ 0.00, 13.00, 3.00, 16.00 ] },
                "south": { "texture": "#1", "uv": [ 6.00, 13.00, 12.00, 16.00 ], "cullface": "south" },
                "west": { "texture": "#1", "uv": [ 13.00, 13.00, 16.00, 16.00 ] },
                "up": { "texture": "#1", "uv": [ 6.00, 13.00, 12.00, 16.00 ] },
                "down": { "texture": "#1", "uv": [ 6.00, 13.00, 12.00, 16.00 ], "cullface": "down" }
            }
        },
        {
            "name": "brick_5",
            "from": [ 13.00, 0.00, 10.50 ], 
            "to": [ 16.00, 2.40, 16.00 ], 
            "faces": {
                "north": { "texture": "#1", "uv": [ 0.00, 13.00, 3.00, 16.00 ] },
                "east": { "texture": "#1", "uv": [ 0.00, 13.00, 6.00, 16.00 ], "cullface": "east" },
                "south": { "texture": "#1", "uv": [ 13.00, 13.00, 16.00, 16.00 ], "cullface": "south" },
                "west": { "texture": "#1", "uv": [ 10.00, 13.00, 16.00, 16.00 ] },
                "up": { "texture": "#1", "uv": [ 13.00, 10.00, 16.00, 16.00 ] },
                "down": { "texture": "#1", "uv": [ 13.00, 10.00, 16.00, 16.00 ], "cullface": "down" }
            }
        },
        {
            "name": "brick_6",
            "from": [ 13.00, 0.00, 4.00 ], 
            "to": [ 16.00, 2.40, 9.50 ], 
            "faces": {
                "north": { "texture": "#1", "uv": [ 0.00, 13.00, 3.00, 16.00 ] },
                "east": { "texture": "#1", "uv": [ 6.00, 13.00, 12.00, 16.00 ], "cullface": "east" },
                "south": { "texture": "#1", "uv": [ 13.00, 13.00, 16.00, 16.00 ] },
                "west": { "texture": "#1", "uv": [ 6.00, 13.00, 12.00, 16.00 ] },
                "up": { "texture": "#1", "uv": [ 13.00, 4.00, 16.00, 10.00 ] },
                "down": { "texture": "#1", "uv": [ 13.00, 4.00, 16.00, 10.00 ], "cullface": "down" }
            }
        },
        {
            "name": "brick_8",
            "from": [ 4.00, 0.00, 0.00 ], 
            "to": [ 9.50, 2.40, 3.00 ], 
            "faces": {
                "north": { "texture": "#1", "uv": [ 6.00, 13.00, 12.00, 16.00 ], "cullface": "north" },
                "east": { "texture": "#1", "uv": [ 0.00, 13.00, 3.00, 16.00 ] },
                "south": { "texture": "#1", "uv": [ 6.00, 13.00, 12.00, 16.00 ] },
                "west": { "texture": "#1", "uv": [ 13.00, 13.00, 16.00, 16.00 ] },
                "up": { "texture": "#1", "uv": [ 4.00, 0.00, 10.00, 3.00 ] },
                "down": { "texture": "#1", "uv": [ 4.00, 0.00, 10.00, 3.00 ], "cullface": "down" }
            }
        },
        {
            "name": "brick_9",
            "from": [ 0.00, 3.50, 0.00 ], 
            "to": [ 5.50, 5.90, 3.00 ], 
            "faces": {
                "north": { "texture": "#1", "uv": [ 10.00, 9.00, 16.00, 12.00 ], "cullface": "north" },
                "east": { "texture": "#1", "uv": [ 13.00, 9.00, 16.00, 12.00 ], "cullface": "east" },
                "south": { "texture": "#1", "uv": [ 10.00, 9.00, 16.00, 12.00 ] },
                "west": { "texture": "#1", "uv": [ 0.00, 9.00, 3.00, 12.00 ], "cullface": "west" },
                "up": { "texture": "#1", "uv": [ 0.00, 0.00, 6.00, 3.00 ] },
                "down": { "texture": "#1", "uv": [ 0.00, 0.00, 6.00, 3.00 ] }
            }
        },
        {
            "name": "brick_11",
            "from": [ 13.00, 3.50, 0.00 ], 
            "to": [ 16.00, 5.90, 5.50 ], 
            "faces": {
                "north": { "texture": "#1", "uv": [ 0.00, 9.00, 3.00, 12.00 ], "cullface": "north" },
                "east": { "texture": "#1", "uv": [ 10.00, 9.00, 16.00, 12.00 ], "cullface": "east" },
                "south": { "texture": "#1", "uv": [ 13.00, 9.00, 16.00, 12.00 ] },
                "west": { "texture": "#1", "uv": [ 0.00, 9.00, 6.00, 12.00 ] },
                "up": { "texture": "#1", "uv": [ 13.00, 0.00, 16.00, 6.00 ] },
                "down": { "texture": "#1", "uv": [ 13.00, 0.00, 16.00, 6.00 ] }
            }
        },
        {
            "name": "brick_12",
            "from": [ 13.00, 3.50, 6.50 ], 
            "to": [ 16.00, 5.90, 12.00 ], 
            "faces": {
                "north": { "texture": "#1", "uv": [ 0.00, 9.00, 3.00, 11.90 ] },
                "east": { "texture": "#1", "uv": [ 4.00, 9.00, 10.00, 12.00 ], "cullface": "east" },
                "south": { "texture": "#1", "uv": [ 13.00, 9.00, 16.00, 12.00 ] },
                "up": { "texture": "#1", "uv": [ 13.00, 6.00, 16.00, 12.00 ] },
                "down": { "texture": "#1", "uv": [ 13.00, 6.00, 16.00, 12.00 ] }
            }
        },
        {
            "name": "brick_10",
            "from": [ 6.50, 3.50, 0.00 ], 
            "to": [ 12.00, 5.90, 3.00 ], 
            "faces": {
                "north": { "texture": "#1", "uv": [ 4.00, 9.00, 10.00, 12.00 ], "cullface": "north" },
                "east": { "texture": "#1", "uv": [ 0.00, 9.00, 3.00, 12.00 ] },
                "west": { "texture": "#1", "uv": [ 13.00, 9.00, 16.00, 12.00 ] },
                "up": { "texture": "#1", "uv": [ 6.00, 0.00, 12.00, 3.00 ] },
                "down": { "texture": "#1", "uv": [ 6.00, 0.00, 12.00, 3.00 ] }
            }
        },
        {
            "name": "brick_14",
            "from": [ 4.00, 3.50, 13.00 ], 
            "to": [ 9.50, 5.90, 16.00 ], 
            "faces": {
                "east": { "texture": "#1", "uv": [ 0.00, 9.00, 3.00, 12.00 ] },
                "south": { "texture": "#1", "uv": [ 4.00, 9.00, 10.00, 12.00 ], "cullface": "south" },
                "west": { "texture": "#1", "uv": [ 13.00, 9.00, 16.00, 12.00 ] },
                "up": { "texture": "#1", "uv": [ 4.00, 13.00, 10.00, 16.00 ] },
                "down": { "texture": "#1", "uv": [ 4.00, 13.00, 10.00, 16.00 ] }
            }
        },
        {
            "name": "brick_15",
            "from": [ 0.00, 3.50, 10.50 ], 
            "to": [ 3.00, 5.90, 16.00 ], 
            "faces": {
                "north": { "texture": "#1", "uv": [ 13.00, 9.00, 16.00, 12.00 ] },
                "east": { "texture": "#1", "uv": [ 0.00, 9.00, 6.00, 12.00 ] },
                "south": { "texture": "#1", "uv": [ 0.00, 9.00, 3.00, 12.00 ], "cullface": "south" },
                "west": { "texture": "#1", "uv": [ 10.00, 9.00, 16.00, 12.00 ], "cullface": "west" },
                "up": { "texture": "#1", "uv": [ 0.00, 10.00, 3.00, 16.00 ] },
                "down": { "texture": "#1", "uv": [ 0.00, 10.00, 3.00, 16.00 ] }
            }
        },
        {
            "name": "brick_16",
            "from": [ 0.00, 3.50, 4.00 ], 
            "to": [ 3.00, 5.90, 9.50 ], 
            "faces": {
                "north": { "texture": "#1", "uv": [ 13.00, 9.00, 16.00, 12.00 ] },
                "south": { "texture": "#1", "uv": [ 0.00, 9.00, 3.00, 12.00 ] },
                "west": { "texture": "#1", "uv": [ 0.00, 9.00, 6.00, 12.00 ], "cullface": "west" },
                "up": { "texture": "#1", "uv": [ 0.00, 6.00, 3.00, 12.00 ] },
                "down": { "texture": "#1", "uv": [ 0.00, 6.00, 3.00, 12.00 ] }
            }
        },
        {
            "name": "brick_17",
            "from": [ 0.00, 6.80, 0.00 ], 
            "to": [ 3.00, 9.20, 5.50 ], 
            "faces": {
                "north": { "texture": "#1", "uv": [ 13.00, 7.00, 16.00, 10.00 ], "cullface": "north" },
                "east": { "texture": "#1", "uv": [ 10.00, 7.00, 16.00, 10.00 ] },
                "south": { "texture": "#1", "uv": [ 0.00, 7.00, 3.00, 10.00 ] },
                "west": { "texture": "#1", "uv": [ 0.00, 7.00, 6.00, 10.00 ], "cullface": "west" },
                "up": { "texture": "#1", "uv": [ 0.00, 0.00, 3.00, 6.00 ] },
                "down": { "texture": "#1", "uv": [ 0.00, 0.00, 3.00, 6.00 ] }
            }
        },
        {
            "name": "brick_18",
            "from": [ 0.00, 0.00, 6.50 ], 
            "to": [ 3.00, 2.40, 12.00 ], 
            "faces": {
                "north": { "texture": "#1", "uv": [ 13.00, 13.00, 16.00, 16.00 ] },
                "east": { "texture": "#1", "uv": [ 6.00, 13.00, 12.00, 16.00 ] },
                "south": { "texture": "#1", "uv": [ 0.00, 13.00, 3.00, 16.00 ] },
                "west": { "texture": "#1", "uv": [ 6.00, 13.00, 12.00, 16.00 ], "cullface": "west" },
                "up": { "texture": "#1", "uv": [ 0.00, 6.00, 3.00, 12.00 ] },
                "down": { "texture": "#1", "uv": [ 0.00, 6.00, 3.00, 12.00 ], "cullface": "down" }
            }
        },
        {
            "name": "brick_19",
            "from": [ 0.00, 6.80, 13.00 ], 
            "to": [ 5.50, 9.20, 16.00 ], 
            "faces": {
                "north": { "texture": "#1", "uv": [ 10.00, 6.00, 16.00, 9.00 ] },
                "east": { "texture": "#1", "uv": [ 0.00, 7.00, 3.00, 10.00 ] },
                "south": { "texture": "#1", "uv": [ 0.00, 0.00, 6.00, 3.00 ], "cullface": "south" },
                "west": { "texture": "#1", "uv": [ 13.00, 7.00, 16.00, 10.00 ], "cullface": "west" },
                "up": { "texture": "#1", "uv": [ 0.00, 13.00, 6.00, 16.00 ] },
                "down": { "texture": "#1", "uv": [ 0.00, 13.00, 6.00, 16.00 ] }
            }
        },
        {
            "name": "brick_20",
            "from": [ 6.50, 6.80, 13.00 ], 
            "to": [ 12.00, 9.20, 16.00 ], 
            "faces": {
                "east": { "texture": "#1", "uv": [ 0.00, 7.00, 3.00, 10.00 ] },
                "south": { "texture": "#1", "uv": [ 6.00, 7.00, 12.00, 10.00 ], "cullface": "south" },
                "west": { "texture": "#1", "uv": [ 13.00, 7.00, 16.00, 10.00 ] },
                "up": { "texture": "#1", "uv": [ 5.00, 13.00, 11.00, 16.00 ] },
                "down": { "texture": "#1", "uv": [ 5.00, 13.00, 11.00, 16.00 ] }
            }
        },
        {
            "name": "brick_21",
            "from": [ 13.00, 6.80, 10.50 ], 
            "to": [ 16.00, 9.20, 16.00 ], 
            "faces": {
                "north": { "texture": "#1", "uv": [ 0.00, 7.00, 3.00, 10.00 ] },
                "east": { "texture": "#1", "uv": [ 0.00, 7.00, 6.00, 10.00 ], "cullface": "east" },
                "south": { "texture": "#1", "uv": [ 13.00, 7.00, 16.00, 10.00 ], "cullface": "south" },
                "west": { "texture": "#1", "uv": [ 10.00, 7.00, 16.00, 10.00 ] },
                "up": { "texture": "#1", "uv": [ 13.00, 10.00, 16.00, 16.00 ] },
                "down": { "texture": "#1", "uv": [ 13.00, 10.00, 16.00, 16.00 ] }
            }
        },
        {
            "name": "brick_22",
            "from": [ 13.00, 6.80, 4.00 ], 
            "to": [ 16.00, 9.20, 9.50 ], 
            "faces": {
                "north": { "texture": "#1", "uv": [ 0.00, 7.00, 3.00, 10.00 ] },
                "east": { "texture": "#1", "uv": [ 6.00, 7.00, 12.00, 10.00 ], "cullface": "east" },
                "south": { "texture": "#1", "uv": [ 13.00, 7.00, 16.00, 10.00 ] },
                "up": { "texture": "#1", "uv": [ 13.00, 4.00, 16.00, 9.50 ] },
                "down": { "texture": "#1", "uv": [ 13.00, 4.00, 16.00, 9.50 ] }
            }
        },
        {
            "name": "brick_23",
            "from": [ 10.50, 6.80, 0.00 ], 
            "to": [ 16.00, 9.20, 3.00 ], 
            "faces": {
                "north": { "texture": "#1", "uv": [ 0.00, 7.00, 6.00, 10.00 ], "cullface": "north" },
                "east": { "texture": "#1", "uv": [ 13.00, 7.00, 16.00, 10.00 ], "cullface": "east" },
                "south": { "texture": "#1", "uv": [ 10.00, 7.00, 16.00, 10.00 ] },
                "west": { "texture": "#1", "uv": [ 0.00, 7.00, 3.00, 10.00 ] },
                "up": { "texture": "#1", "uv": [ 10.00, 0.00, 16.00, 3.00 ] },
                "down": { "texture": "#1", "uv": [ 10.00, 0.00, 16.00, 3.00 ] }
            }
        },
        {
            "name": "brick_24",
            "from": [ 4.00, 6.80, 0.00 ], 
            "to": [ 9.50, 9.20, 3.00 ], 
            "faces": {
                "north": { "texture": "#1", "uv": [ 6.00, 7.00, 12.00, 10.00 ], "cullface": "north" },
                "east": { "texture": "#1", "uv": [ 13.00, 7.00, 16.00, 10.00 ] },
                "west": { "texture": "#1", "uv": [ 0.00, 7.00, 3.00, 10.00 ] },
                "up": { "texture": "#1", "uv": [ 4.00, 0.00, 10.00, 3.00 ] },
                "down": { "texture": "#1", "uv": [ 4.00, 0.00, 10.00, 3.00 ] }
            }
        },
        {
            "name": "brick_25",
            "from": [ 10.50, 10.20, 13.00 ], 
            "to": [ 16.00, 12.60, 16.00 ], 
            "faces": {
                "north": { "texture": "#1", "uv": [ 0.00, 4.00, 6.00, 7.00 ] },
                "east": { "texture": "#1", "uv": [ 0.00, 4.00, 3.00, 7.00 ], "cullface": "east" },
                "south": { "texture": "#1", "uv": [ 10.00, 4.00, 16.00, 7.00 ], "cullface": "south" },
                "west": { "texture": "#1", "uv": [ 13.00, 4.00, 16.00, 7.00 ] },
                "up": { "texture": "#1", "uv": [ 10.00, 13.00, 16.00, 16.00 ] },
                "down": { "texture": "#1", "uv": [ 10.00, 13.00, 16.00, 16.00 ] }
            }
        },
        {
            "name": "brick_26",
            "from": [ 13.00, 10.20, 6.50 ], 
            "to": [ 16.00, 12.60, 12.00 ], 
            "faces": {
                "north": { "texture": "#1", "uv": [ 0.00, 4.00, 3.00, 7.00 ] },
                "east": { "texture": "#1", "uv": [ 4.00, 4.00, 10.00, 7.00 ], "cullface": "east" },
                "south": { "texture": "#1", "uv": [ 13.00, 4.00, 16.00, 7.00 ] },
                "up": { "texture": "#1", "uv": [ 13.00, 6.00, 16.00, 11.50 ] },
                "down": { "texture": "#1", "uv": [ 13.00, 6.00, 16.00, 11.50 ] }
            }
        },
        {
            "name": "brick_27",
            "from": [ 13.00, 10.20, 0.00 ], 
            "to": [ 16.00, 12.60, 5.50 ], 
            "faces": {
                "north": { "texture": "#1", "uv": [ 0.00, 4.00, 3.00, 7.00 ] },
                "east": { "texture": "#1", "uv": [ 10.00, 5.00, 16.00, 8.00 ], "cullface": "east" },
                "south": { "texture": "#1", "uv": [ 13.00, 4.00, 16.00, 7.00 ] },
                "west": { "texture": "#1", "uv": [ 0.00, 5.00, 6.00, 8.00 ] },
                "up": { "texture": "#1", "uv": [ 13.00, 0.00, 16.00, 6.00 ] },
                "down": { "texture": "#1", "uv": [ 13.00, 0.00, 16.00, 6.00 ] }
            }
        },
        {
            "name": "brick_29",
            "from": [ 0.00, 10.20, 0.00 ], 
            "to": [ 5.50, 12.60, 3.00 ], 
            "faces": {
                "north": { "texture": "#1", "uv": [ 10.00, 4.00, 16.00, 7.00 ], "cullface": "north" },
                "east": { "texture": "#1", "uv": [ 13.00, 4.00, 16.00, 7.00 ] },
                "south": { "texture": "#1", "uv": [ 0.00, 4.00, 6.00, 7.00 ] },
                "west": { "texture": "#1", "uv": [ 13.00, 4.00, 10.00, 4.00 ], "cullface": "west" },
                "up": { "texture": "#1", "uv": [ 0.00, 0.00, 6.00, 3.00 ] },
                "down": { "texture": "#1", "uv": [ 0.00, 0.00, 6.00, 3.00 ] }
            }
        },
        {
            "name": "brick_30",
            "from": [ 0.00, 10.20, 4.00 ], 
            "to": [ 3.00, 12.60, 9.50 ], 
            "faces": {
                "north": { "texture": "#1", "uv": [ 13.00, 4.00, 16.00, 7.00 ] },
                "south": { "texture": "#1", "uv": [ 0.00, 5.00, 3.00, 8.00 ] },
                "west": { "texture": "#1", "uv": [ 4.00, 4.00, 10.00, 7.00 ], "cullface": "west" },
                "up": { "texture": "#1", "uv": [ 0.00, 4.00, 3.00, 10.00 ] },
                "down": { "texture": "#1", "uv": [ 0.00, 4.00, 3.00, 10.00 ] }
            }
        },
        {
            "name": "brick_31",
            "from": [ 0.00, 10.20, 10.50 ], 
            "to": [ 3.00, 12.60, 16.00 ], 
            "faces": {
                "north": { "texture": "#1", "uv": [ 0.00, 4.00, 3.00, 7.00 ] },
                "east": { "texture": "#1", "uv": [ 0.00, 4.00, 6.00, 7.00 ] },
                "south": { "texture": "#1", "uv": [ 0.00, 4.00, 3.00, 7.00 ], "cullface": "south" },
                "west": { "texture": "#1", "uv": [ 0.00, 4.00, 6.00, 7.00 ], "cullface": "west" },
                "up": { "texture": "#1", "uv": [ 0.00, 10.00, 3.00, 16.00 ] },
                "down": { "texture": "#1", "uv": [ 0.00, 10.00, 3.00, 16.00 ] }
            }
        },
        {
            "name": "brick_33",
            "from": [ 13.00, 13.60, 10.50 ], 
            "to": [ 16.00, 16.00, 16.00 ], 
            "faces": {
                "north": { "texture": "#1", "uv": [ 0.00, 0.00, 3.00, 3.00 ], "cullface": "north" },
                "east": { "texture": "#1", "uv": [ 10.00, 0.00, 16.00, 3.00 ], "cullface": "east" },
                "south": { "texture": "#1", "uv": [ 13.00, 0.00, 16.00, 3.00 ], "cullface": "south" },
                "west": { "texture": "#1", "uv": [ 10.00, 0.00, 16.00, 3.00 ] },
                "up": { "texture": "#1", "uv": [ 13.00, 10.00, 16.00, 16.00 ], "cullface": "up" },
                "down": { "texture": "#1", "uv": [ 13.00, 10.00, 16.00, 16.00 ] }
            }
        },
        {
            "name": "brick_34",
            "from": [ 13.00, 13.60, 4.00 ], 
            "to": [ 16.00, 16.00, 9.50 ], 
            "faces": {
                "north": { "texture": "#1", "uv": [ 0.00, 0.00, 3.00, 3.00 ], "cullface": "north" },
                "east": { "texture": "#1", "uv": [ 6.00, 0.00, 12.00, 3.00 ], "cullface": "east" },
                "south": { "texture": "#1", "uv": [ 13.00, 0.00, 16.00, 3.00 ] },
                "west": { "texture": "#1", "uv": [ 4.00, 0.00, 10.00, 3.00 ] },
                "up": { "texture": "#1", "uv": [ 13.00, 4.00, 16.00, 9.50 ], "cullface": "up" },
                "down": { "texture": "#1", "uv": [ 13.00, 4.00, 16.00, 9.50 ] }
            }
        },
        {
            "name": "brick_35",
            "from": [ 10.50, 13.60, 0.00 ], 
            "to": [ 16.00, 16.00, 3.00 ], 
            "faces": {
                "north": { "texture": "#1", "uv": [ 0.00, 0.00, 6.00, 3.00 ], "cullface": "north" },
                "east": { "texture": "#1", "uv": [ 13.00, 0.00, 16.00, 3.00 ], "cullface": "east" },
                "south": { "texture": "#1", "uv": [ 10.00, 0.00, 16.00, 3.00 ] },
                "west": { "texture": "#1", "uv": [ 0.00, 0.00, 3.00, 3.00 ] },
                "up": { "texture": "#1", "uv": [ 10.00, 0.00, 16.00, 3.00 ], "cullface": "up" },
                "down": { "texture": "#1", "uv": [ 10.00, 0.00, 16.00, 3.00 ] }
            }
        },
        {
            "name": "brick_36",
            "from": [ 4.00, 13.60, 0.00 ], 
            "to": [ 9.50, 16.00, 3.00 ], 
            "faces": {
                "north": { "texture": "#1", "uv": [ 6.00, 0.00, 12.00, 3.00 ], "cullface": "north" },
                "east": { "texture": "#1", "uv": [ 13.00, 0.00, 16.00, 3.00 ] },
                "south": { "texture": "#1", "uv": [ 4.00, 0.00, 10.00, 3.00 ] },
                "west": { "texture": "#1", "uv": [ 0.00, 0.00, 3.00, 2.40 ] },
                "up": { "texture": "#1", "uv": [ 4.00, 0.00, 9.50, 3.00 ] },
                "down": { "texture": "#1", "uv": [ 4.00, 0.00, 9.50, 3.00 ] }
            }
        },
        {
            "name": "brick_37",
            "from": [ 0.00, 13.60, 0.00 ], 
            "to": [ 3.00, 16.00, 5.50 ], 
            "faces": {
                "north": { "texture": "#1", "uv": [ 13.00, 0.00, 16.00, 3.00 ], "cullface": "north" },
                "east": { "texture": "#1", "uv": [ 10.00, 0.00, 16.00, 3.00 ] },
                "south": { "texture": "#1", "uv": [ 0.00, 0.00, 3.00, 3.00 ] },
                "west": { "texture": "#1", "uv": [ 0.00, 0.00, 6.00, 3.00 ], "cullface": "west" },
                "up": { "texture": "#1", "uv": [ 0.00, 0.00, 3.00, 6.00 ] },
                "down": { "texture": "#1", "uv": [ 0.00, 0.00, 3.00, 6.00 ] }
            }
        },
        {
            "name": "brick_38",
            "from": [ 0.00, 13.60, 6.50 ], 
            "to": [ 3.00, 16.00, 12.00 ], 
            "faces": {
                "north": { "texture": "#1", "uv": [ 13.00, 0.00, 16.00, 3.00 ] },
                "east": { "texture": "#1", "uv": [ 4.00, 0.00, 10.00, 3.00 ] },
                "south": { "texture": "#1", "uv": [ 0.00, 0.00, 3.00, 3.00 ] },
                "west": { "texture": "#1", "uv": [ 6.00, 0.00, 12.00, 3.00 ], "cullface": "west" },
                "up": { "texture": "#1", "uv": [ 0.00, 6.00, 3.00, 12.00 ], "cullface": "up" },
                "down": { "texture": "#1", "uv": [ 0.00, 6.00, 3.00, 12.00 ] }
            }
        },
        {
            "name": "brick_39",
            "from": [ 0.00, 13.60, 13.00 ], 
            "to": [ 5.50, 16.00, 16.00 ], 
            "faces": {
                "north": { "texture": "#1", "uv": [ 10.00, 0.00, 16.00, 3.00 ] },
                "east": { "texture": "#1", "uv": [ 0.00, 0.00, 3.00, 3.00 ] },
                "south": { "texture": "#1", "uv": [ 0.00, 0.00, 6.00, 3.00 ], "cullface": "south" },
                "west": { "texture": "#1", "uv": [ 13.00, 0.00, 16.00, 3.00 ], "cullface": "west" },
                "up": { "texture": "#1", "uv": [ 0.00, 13.00, 6.00, 16.00 ], "cullface": "up" },
                "down": { "texture": "#1", "uv": [ 0.00, 13.00, 6.00, 16.00 ] }
            }
        },
        {
            "name": "brick_40",
            "from": [ 6.50, 13.60, 13.00 ], 
            "to": [ 12.00, 16.00, 16.00 ], 
            "faces": {
                "north": { "texture": "#1", "uv": [ 6.00, 0.00, 12.00, 3.00 ], "cullface": "north" },
                "east": { "texture": "#1", "uv": [ 0.00, 0.00, 3.00, 3.00 ] },
                "south": { "texture": "#1", "uv": [ 4.00, 0.00, 10.00, 3.00 ], "cullface": "south" },
                "west": { "texture": "#1", "uv": [ 13.00, 0.00, 16.00, 3.00 ] },
                "up": { "texture": "#1", "uv": [ 6.00, 13.00, 12.00, 16.00 ] },
                "down": { "texture": "#1", "uv": [ 6.00, 13.00, 12.00, 16.00 ] }
            }
        }
    ]
}