{
    "__comment": "Model generated using MrCrayfish's Model Creator (https://mrcrayfish.com/tools?id=mc)",
	"parent": "block/cube",
    "textures": {
        "base": "blocks/stone_andesite_smooth",
        "mob_spawner": "blocks/mob_spawner",
        "particle": "blocks/mob_spawner"
    },
    "elements": [
        {
            "from": [ 2, 4, 2 ], 
            "to": [ 14, 16, 14 ], 
            "faces": {
                "north": { "texture": "#mob_spawner", "uv": [ 2, 2, 14, 14 ] },
                "east": { "texture": "#mob_spawner", "uv": [ 2, 2, 14, 14 ] },
                "south": { "texture": "#mob_spawner", "uv": [ 2, 2, 14, 14 ] },
                "west": { "texture": "#mob_spawner", "uv": [ 2, 2, 14, 14 ] },
                "up": { "texture": "#mob_spawner", "uv": [ 2, 2, 14, 14 ] },
                "down": { "texture": "#mob_spawner", "uv": [ 2, 2, 14, 14 ] }
            }
        },
        {
            "from": [ 1, 0, 1 ], 
            "to": [ 15, 4, 15 ], 
            "faces": {
                "north": { "texture": "#base", "uv": [ 0, 0, 16, 4 ] },
                "east": { "texture": "#base", "uv": [ 0, 0, 16, 4 ] },
                "south": { "texture": "#base", "uv": [ 0, 0, 16, 4 ] },
                "west": { "texture": "#base", "uv": [ 0, 0, 16, 4 ] },
                "up": { "texture": "#base", "uv": [ 0, 0, 16, 16 ] },
                "down": { "texture": "#base", "uv": [ 0, 0, 16, 16 ] }
            }
        }
    ]
}