{
    "__comment": "Model generated using MrCrayfish's Model Creator (http://mrcrayfish.com/modelcreator/)",
    "textures": {
        "particle": "#center"
    },
    "elements": [
        {
            "name": "Element",
            "from": [ 0.0, 0.0, 0.0 ], 
            "to": [ 16.0, 1.0, 16.0 ], 
            "faces": {
                "north": { "texture": "#lip", "uv": [ 0.0, 15.0, 16.0, 16.0 ], "cullface": "north" },
                "east": { "texture": "#lip", "uv": [ 0.0, 15.0, 16.0, 16.0 ], "cullface": "east" },
                "south": { "texture": "#lip", "uv": [ 0.0, 15.0, 16.0, 16.0 ], "cullface": "south" },
                "west": { "texture": "#lip", "uv": [ 0.0, 15.0, 16.0, 16.0 ], "cullface": "west" },
                "up": { "texture": "#top", "uv": [ 0.0, 0.0, 16.0, 16.0 ] },
                "down": { "texture": "#bottom", "uv": [ 0.0, 0.0, 16.0, 16.0 ], "cullface": "down" }
            }
        },
        {
            "name": "Element",
            "from": [ 1.0, 1.0, 1.0 ], 
            "to": [ 15.0, 2.0, 15.0 ], 
            "faces": {
                "north": { "texture": "#lip", "uv": [ 1.0, 14.0, 15.0, 15.0 ] },
                "east": { "texture": "#lip", "uv": [ 1.0, 14.0, 15.0, 15.0 ] },
                "south": { "texture": "#lip", "uv": [ 1.0, 14.0, 15.0, 15.0 ] },
                "west": { "texture": "#lip", "uv": [ 1.0, 14.0, 15.0, 15.0 ] },
                "up": { "texture": "#top", "uv": [ 1.0, 1.0, 15.0, 15.0 ] }
            }
        },
        {
            "name": "Element",
            "from": [ 2.0, 2.0, 2.0 ], 
            "to": [ 14.0, 16.0, 14.0 ], 
            "faces": {
                "north": { "texture": "#center", "uv": [ 2.0, 0.0, 14.0, 14.0 ] },
                "east": { "texture": "#center", "uv": [ 2.0, 0.0, 14.0, 14.0 ] },
                "south": { "texture": "#center", "uv": [ 2.0, 0.0, 14.0, 14.0 ] },
                "west": { "texture": "#center", "uv": [ 2.0, 0.0, 14.0, 14.0 ] }
            }
        }
    ]
}