{
    "textures": {
        "particle": "#center"
    },
    "elements": [
        {
            "name": "Element",
            "from": [ 2.0, 0.0, 2.0 ], 
            "to": [ 14.0, 16.0, 14.0 ], 
            "faces": {
                "north": { "texture": "#center", "uv": [ 2.0, 0.0, 14.0, 16.0 ] },
                "east": { "texture": "#center", "uv": [ 2.0, 0.0, 14.0, 16.0 ] },
                "south": { "texture": "#center", "uv": [ 2.0, 0.0, 14.0, 16.0 ] },
                "west": { "texture": "#center", "uv": [ 2.0, 0.0, 14.0, 16.0 ] }
            }
        }
    ]
}