{
    "__comment": "Model generated using MrCrayfish's Model Creator (http://mrcrayfish.com/modelcreator/)",
    "textures": {
        "pole": "blocks/concrete_silver",
        "topper": "blocks/gold_block"
    },
    "elements": [
        {
            "name": "pole",
            "from": [ 7.5, 0.0, 7.5 ], 
            "to": [ 8.5, 14.0, 8.5 ], 
            "faces": {
                "north": { "texture": "pole", "uv": [ 7.5, 0.0, 8.5, 15.5 ] },
                "east": { "texture": "pole", "uv": [ 7.5, 0.0, 8.5, 15.5 ] },
                "south": { "texture": "pole", "uv": [ 7.5, 0.0, 8.5, 15.5 ] },
                "west": { "texture": "pole", "uv": [ 7.5, 0.0, 8.5, 15.5 ] },
                "up": { "texture": "pole", "uv": [ 7.5, 7.5, 8.5, 8.5 ] },
                "down": { "texture": "pole", "uv": [ 7.5, 7.5, 8.5, 8.5 ] }
            }
        },
        {
            "name": "flag",
            "from": [ 7.75, 4.0, -9.5 ], 
            "to": [ 8.25, 14.0, 7.5 ], 
            "faces": {
                "north": { "texture": "flag", "uv": [ 0.5, 0.0, 0.0, 8.0 ] },
                "east": { "texture": "flag", "uv": [ 0.0, 0.0, 16.0, 8.0 ] },
                "south": { "texture": "flag", "uv": [ 0.5, 0.0, 0.0, 8.0 ] },
                "west": { "texture": "flag", "uv": [ 0.0, 0.0, 16.0, 8.0 ] },
                "up": { "texture": "flag", "uv": [ 0.0, 0.0, 16.0, 1.0 ], "rotation": 90 },
                "down": { "texture": "flag", "uv": [ 0.0, 0.0, 16.0, 1.0 ], "rotation": 90 }
            }
        },
        {
            "name": "topper",
            "from": [ 7.0, 14.0, 7.0 ], 
            "to": [ 9.0, 16.0, 9.0 ], 
            "faces": {
                "north": { "texture": "topper", "uv": [ 7.5, 8.0, 9.5, 10.0 ] },
                "east": { "texture": "topper", "uv": [ 7.5, 8.0, 9.5, 10.0 ] },
                "south": { "texture": "topper", "uv": [ 7.0, 0.0, 9.0, 2.0 ] },
                "west": { "texture": "topper", "uv": [ 7.5, 8.0, 9.5, 10.0 ] },
                "up": { "texture": "topper", "uv": [ 7.5, 7.0, 9.5, 9.0 ] },
                "down": { "texture": "topper", "uv": [ 7.5, 9.0, 9.5, 11.0 ] }
            }
        }
    ]
}