{
	"credit": "Made with Blockbench",
	"textures": {
		"11": "blocks/concrete_gray",
		"barrel": "blocks/concrete_silver",
		"base": "blocks/concrete_white"
	},
	"elements": [
		{
			"from": [7.2, 2.3, 21.2],
			"to": [8.8, 2.7, 27.1],
			"rotation": {"angle": 0, "axis": "y", "origin": [8, 8, 19]},
			"faces": {
				"north": {"uv": [1, 1, 2.6, 3], "texture": "#base", "tintindex": 0},
				"east": {"uv": [1, 3, 3, 10], "rotation": 270, "texture": "#base", "tintindex": 0},
				"south": {"uv": [1, 1, 3.6, 4], "texture": "#base", "tintindex": 0},
				"west": {"uv": [1, 3, 3, 10], "rotation": 90, "texture": "#base", "tintindex": 0},
				"up": {"uv": [1, 3, 2.6, 10], "rotation": 180, "texture": "#base", "tintindex": 0},
				"down": {"uv": [1, 1, 6.6, 3], "rotation": 90, "texture": "#base", "tintindex": 0}
			}
		},
		{
			"from": [7.9, 4, 13],
			"to": [8.1, 4.9, 13.4],
			"faces": {
				"north": {"uv": [0, 0, 0.4, 0.4], "texture": "#11"},
				"east": {"uv": [0, 0, 0.4, 0.4], "texture": "#11"},
				"south": {"uv": [0, 0, 0.4, 0.4], "texture": "#11"},
				"west": {"uv": [0, 0, 0.4, 0.4], "texture": "#11"},
				"up": {"uv": [0, 0, 0.4, 0.4], "texture": "#11"}
			}
		},
		{
			"from": [7.4, -0.1, 24.7],
			"to": [8.6, 2.8, 26],
			"rotation": {"angle": -22.5, "axis": "x", "origin": [8, 4.5, 26]},
			"faces": {
				"north": {"uv": [0, 0, 1.2, 4.7], "texture": "#11"},
				"east": {"uv": [0, 0, 5, 16], "texture": "#11"},
				"south": {"uv": [0, 0, 5, 16], "texture": "#11"},
				"west": {"uv": [0, 0, 5, 16], "texture": "#11"},
				"down": {"uv": [0, 0, 5, 5], "texture": "#11"}
			}
		},
		{
			"from": [7.9, 1.3, 24.5],
			"to": [8.1, 2.3, 24.7],
			"rotation": {"angle": 0, "axis": "y", "origin": [8, 8, 19]},
			"faces": {
				"east": {"uv": [0, 0, 0.2, 1], "texture": "#barrel"},
				"south": {"uv": [0, 0, 0.2, 1], "texture": "#barrel"},
				"west": {"uv": [0, 0, 0.2, 1], "texture": "#barrel"}
			}
		},
		{
			"from": [7.9, 1.3, 24.5],
			"to": [8.1, 1.5, 26.2],
			"rotation": {"angle": 0, "axis": "y", "origin": [8, 8, 19]},
			"faces": {
				"east": {"uv": [0, 0, 1.7, 0.2], "texture": "#barrel"},
				"south": {"uv": [0, 0, 4.2, -4.8], "texture": "#barrel"},
				"west": {"uv": [0, 0, 1.7, 0.2], "texture": "#barrel"},
				"up": {"uv": [0, 0, 0.2, 1.7], "texture": "#barrel"},
				"down": {"uv": [0, 0, 0.2, 1.7], "texture": "#barrel"}
			}
		},
		{
			"from": [7.2, 1.3, 21.615],
			"to": [8.8, 2.3, 24.505],
			"rotation": {"angle": 0, "axis": "y", "origin": [8, 8, 19]},
			"faces": {
				"north": {"uv": [0, 0, 5, 3], "texture": "#base", "tintindex": 0},
				"east": {"uv": [0, 0, 9, 3], "texture": "#base", "tintindex": 0},
				"south": {"uv": [0, 0, 5, 3], "texture": "#base", "tintindex": 0},
				"west": {"uv": [0, 0, 9, 3], "texture": "#base", "tintindex": 0},
				"down": {"uv": [0, 0, 5, 9], "rotation": 180, "texture": "#base", "tintindex": 0}
			}
		},
		{
			"from": [7.5, -2, 22],
			"to": [8.5, 2, 24],
			"rotation": {"angle": 0, "axis": "y", "origin": [8, 8, 19]},
			"faces": {
				"north": {"uv": [5, 0, 7, 8], "texture": "#11"},
				"east": {"uv": [0, 0, 4, 8], "texture": "#11"},
				"south": {"uv": [11, 0, 13, 8], "texture": "#11"},
				"west": {"uv": [0, 0, 4, 8], "texture": "#11"},
				"down": {"uv": [0, 0, 1, 2], "texture": "#11"}
			}
		},
		{
			"from": [7.7, 3.8, -16],
			"to": [8.3, 4, 15],
			"rotation": {"angle": 0, "axis": "y", "origin": [8, 8, -9]},
			"faces": {
				"north": {"uv": [0, 0, 0.6, 0.2], "texture": "#barrel"},
				"east": {"uv": [0, 0, 4, 0.2], "rotation": 180, "texture": "#barrel"},
				"west": {"uv": [0, 0, 4, 0.2], "texture": "#barrel"},
				"up": {"uv": [0, 0, 4, 1], "rotation": 90, "texture": "#barrel"},
				"down": {"uv": [0, 0, 4, 1], "rotation": 270, "texture": "#barrel"}
			}
		},
		{
			"from": [7.4, 2.9, 21],
			"to": [8.6, 4.1, 21.5],
			"rotation": {"angle": 0, "axis": "y", "origin": [8, 8, 19]},
			"faces": {
				"east": {"uv": [0, 0, 0.5, 1.2], "texture": "#barrel"},
				"south": {"uv": [0, 0, 1.2, 1.2], "texture": "#barrel"},
				"west": {"uv": [0, 0, 0.5, 1.2], "texture": "#barrel"},
				"up": {"uv": [0, 0, 1.2, 0.5], "texture": "#barrel"},
				"down": {"uv": [0, 0, 1.2, 0.5], "texture": "#barrel"}
			}
		},
		{
			"from": [7.4, 3.3, 27.5],
			"to": [8.6, 4, 31.8],
			"rotation": {"angle": 0, "axis": "y", "origin": [8, 8, 19]},
			"faces": {
				"east": {"uv": [0, 0, 14, 4], "texture": "#11"},
				"west": {"uv": [0, 0, 14, 4], "texture": "#11"},
				"up": {"uv": [0, 0, 14, 4], "rotation": 90, "texture": "#11"},
				"down": {"uv": [0, 0, 14, 4], "rotation": 90, "texture": "#11"}
			}
		},
		{
			"from": [7.7, 1, 30.7],
			"to": [8.3, 3, 31.7],
			"rotation": {"angle": 0, "axis": "y", "origin": [8, 8, 19]},
			"faces": {
				"north": {"uv": [0, 0, 4, 9], "texture": "#11"},
				"east": {"uv": [0, 0, 4, 9], "texture": "#11"},
				"south": {"uv": [0, 0, 4, 9], "texture": "#11"},
				"west": {"uv": [0, 0, 4, 9], "texture": "#11"},
				"down": {"uv": [0, 0, 4, 4], "texture": "#11"}
			}
		},
		{
			"from": [7.7, 0.6, 30.7],
			"to": [8.3, 4.2, 31.7],
			"rotation": {"angle": -45, "axis": "x", "origin": [8, 0.6, 30.7]},
			"faces": {
				"north": {"uv": [0, 0, 4, 13], "texture": "#11"},
				"east": {"uv": [0, 0, 4, 13], "texture": "#11"},
				"south": {"uv": [0, 0, 4, 13], "texture": "#11"},
				"west": {"uv": [0, 0, 4, 13], "texture": "#11"}
			}
		},
		{
			"from": [7.9, 1.7, 25.2],
			"to": [8.1, 2.3, 25.4],
			"rotation": {"angle": 0, "axis": "y", "origin": [8, 8, 19]},
			"faces": {
				"north": {"uv": [0, 0, 0.2, 1], "texture": "#11"},
				"east": {"uv": [0, 0, 0.2, 1], "texture": "#11"},
				"south": {"uv": [0, 0, 0.2, 1], "texture": "#11"},
				"west": {"uv": [0, 0, 0.2, 1], "texture": "#11"},
				"down": {"uv": [0, 0, 0.2, 0.2], "texture": "#11"}
			}
		},
		{
			"from": [7.7, 3, -16],
			"to": [8.3, 3.2, 15],
			"rotation": {"angle": 0, "axis": "y", "origin": [8, 8, -9]},
			"faces": {
				"north": {"uv": [0, 0, 0.6, 0.2], "texture": "#barrel"},
				"east": {"uv": [0, 0, 4, 0.2], "rotation": 180, "texture": "#barrel"},
				"west": {"uv": [0, 0, 4, 0.2], "texture": "#barrel"},
				"up": {"uv": [0, 0, 4, 1], "rotation": 90, "texture": "#barrel"},
				"down": {"uv": [0, 0, 4, 1], "rotation": 270, "texture": "#barrel"}
			}
		},
		{
			"from": [7.5, 3.2, -16],
			"to": [7.7, 3.8, 15],
			"rotation": {"angle": 0, "axis": "y", "origin": [8, 8, -9]},
			"faces": {
				"north": {"uv": [0, 0, 0.2, 0.6], "texture": "#barrel"},
				"east": {"uv": [0, 0, 4, 0.6], "rotation": 180, "texture": "#barrel"},
				"west": {"uv": [0, 0, 4, 0.6], "texture": "#barrel"},
				"up": {"uv": [0, 0, 4, 1], "rotation": 90, "texture": "#barrel"},
				"down": {"uv": [0, 0, 4, 1], "rotation": 270, "texture": "#barrel"}
			}
		},
		{
			"from": [8.3, 3.2, -16],
			"to": [8.5, 3.8, 15],
			"rotation": {"angle": 0, "axis": "y", "origin": [8, 8, -9]},
			"faces": {
				"north": {"uv": [0, 0, 0.2, 0.6], "texture": "#barrel"},
				"east": {"uv": [0, 0, 4, 0.6], "rotation": 180, "texture": "#barrel"},
				"west": {"uv": [0, 0, 4, 0.6], "texture": "#barrel"},
				"up": {"uv": [0, 0, 4, 1], "rotation": 90, "texture": "#barrel"},
				"down": {"uv": [0, 0, 4, 1], "rotation": 270, "texture": "#barrel"}
			}
		},
		{
			"from": [7.4, 2.8, 15],
			"to": [8.6, 4.2, 21],
			"rotation": {"angle": 0, "axis": "y", "origin": [8, 8, 19]},
			"faces": {
				"north": {"uv": [0, 0, 1.2, 1.4], "texture": "#11"},
				"east": {"uv": [0, 0, 6, 1.4], "texture": "#11"},
				"south": {"uv": [0, 0, 1.2, 1.4], "texture": "#11"},
				"west": {"uv": [0, 0, 6, 1.4], "texture": "#11"},
				"up": {"uv": [0, 0, 1.2, 6], "rotation": 90, "texture": "#11"},
				"down": {"uv": [0, 0, 1.2, 6], "rotation": 90, "texture": "#11"}
			}
		},
		{
			"from": [7.2, 3, 15],
			"to": [7.4, 4, 21],
			"rotation": {"angle": 0, "axis": "y", "origin": [8, 8, 19]},
			"faces": {
				"north": {"uv": [0, 0, 0.2, 1], "texture": "#11"},
				"south": {"uv": [0, 0, 0.2, 1], "texture": "#11"},
				"west": {"uv": [0, 0, 6, 1], "texture": "#11"},
				"up": {"uv": [0, 0, 0.2, 6], "rotation": 90, "texture": "#11"},
				"down": {"uv": [0, 0, 0.2, 6], "rotation": 90, "texture": "#11"}
			}
		},
		{
			"from": [8.6, 3, 15],
			"to": [8.8, 4, 21],
			"rotation": {"angle": 0, "axis": "y", "origin": [8, 8, 19]},
			"faces": {
				"north": {"uv": [0, 0, 0.2, 1], "texture": "#11"},
				"east": {"uv": [0, 0, 6, 1], "texture": "#11"},
				"south": {"uv": [0, 0, 0.2, 1], "texture": "#11"},
				"up": {"uv": [0, 0, 0.2, 6], "rotation": 90, "texture": "#11"},
				"down": {"uv": [0, 0, 0.2, 6], "rotation": 90, "texture": "#11"}
			}
		},
		{
			"from": [7.1, 4, 15],
			"to": [7.4, 4.565, 21],
			"rotation": {"angle": -45, "axis": "z", "origin": [7, 4, 15]},
			"faces": {
				"north": {"uv": [0, 0, 0.3, 0.565], "texture": "#11"},
				"east": {"uv": [0, 0, 6, 0.565], "texture": "#11"},
				"south": {"uv": [0, 0, 0.3, 0.565], "texture": "#11"},
				"west": {"uv": [0, 0, 6, 0.565], "texture": "#11"},
				"up": {"uv": [0, 0, 0.3, 6], "rotation": 90, "texture": "#11"},
				"down": {"uv": [0, 0, 0.3, 6], "rotation": 90, "texture": "#11"}
			}
		},
		{
			"from": [8.6, 4, 15],
			"to": [8.9, 4.565, 21],
			"rotation": {"angle": 45, "axis": "z", "origin": [9, 4, 15]},
			"faces": {
				"north": {"uv": [0, 0, 0.3, 0.565], "texture": "#11"},
				"east": {"uv": [0, 0, 6, 0.565], "texture": "#11"},
				"south": {"uv": [0, 0, 0.3, 0.565], "texture": "#11"},
				"west": {"uv": [0, 0, 6, 0.565], "texture": "#11"},
				"up": {"uv": [0, 0, 0.3, 6], "rotation": 90, "texture": "#11"},
				"down": {"uv": [0, 0, 0.3, 6], "rotation": 90, "texture": "#11"}
			}
		},
		{
			"from": [7.5, 3.8, -16],
			"to": [7.7, 4.082, 15],
			"rotation": {"angle": -45, "axis": "z", "origin": [7.5, 3.8, -16]},
			"faces": {
				"north": {"uv": [0, 0, 0.2, 0.282], "texture": "#barrel"},
				"east": {"uv": [0, 0, 4, 0.282], "rotation": 180, "texture": "#barrel"},
				"south": {"uv": [0, 0, 0.2, 0.282], "texture": "#barrel"},
				"west": {"uv": [0, 0, 4, 0.282], "texture": "#barrel"},
				"up": {"uv": [0, 0, 4, 1], "rotation": 90, "texture": "#barrel"},
				"down": {"uv": [0, 0, 4, 1], "rotation": 270, "texture": "#barrel"}
			}
		},
		{
			"from": [8.3, 3.8, -16],
			"to": [8.5, 4.082, 15],
			"rotation": {"angle": 45, "axis": "z", "origin": [8.5, 3.8, -16]},
			"faces": {
				"north": {"uv": [0, 0, 0.2, 0.282], "texture": "#barrel"},
				"east": {"uv": [0, 0, 4, 0.282], "rotation": 180, "texture": "#barrel"},
				"south": {"uv": [0, 0, 0.2, 0.282], "texture": "#barrel"},
				"west": {"uv": [0, 0, 4, 0.282], "texture": "#barrel"},
				"up": {"uv": [0, 0, 4, 1], "rotation": 90, "texture": "#barrel"},
				"down": {"uv": [0, 0, 4, 1], "rotation": 270, "texture": "#barrel"}
			}
		},
		{
			"from": [8.3, 2.918, -16],
			"to": [8.5, 3.2, 15],
			"rotation": {"angle": -45, "axis": "z", "origin": [8.5, 3.2, -16]},
			"faces": {
				"north": {"uv": [0, 0, 0.2, 0.282], "texture": "#barrel"},
				"east": {"uv": [0, 0, 4, 0.282], "rotation": 180, "texture": "#barrel"},
				"south": {"uv": [0, 0, 0.2, 0.282], "texture": "#barrel"},
				"west": {"uv": [0, 0, 4, 0.282], "texture": "#barrel"},
				"up": {"uv": [0, 0, 4, 1], "rotation": 90, "texture": "#barrel"},
				"down": {"uv": [0, 0, 4, 1], "rotation": 270, "texture": "#barrel"}
			}
		},
		{
			"from": [7.5, 2.918, -16],
			"to": [7.7, 3.2, 15],
			"rotation": {"angle": 45, "axis": "z", "origin": [7.5, 3.2, -16]},
			"faces": {
				"north": {"uv": [0, 0, 0.2, 0.282], "texture": "#barrel"},
				"east": {"uv": [0, 0, 4, 0.282], "rotation": 180, "texture": "#barrel"},
				"south": {"uv": [0, 0, 0.2, 0.282], "texture": "#barrel"},
				"west": {"uv": [0, 0, 4, 0.282], "texture": "#barrel"},
				"up": {"uv": [0, 0, 4, 1], "rotation": 90, "texture": "#barrel"},
				"down": {"uv": [0, 0, 4, 1], "rotation": 270, "texture": "#barrel"}
			}
		},
		{
			"from": [7.1, 2.435, 15],
			"to": [7.4, 3, 21],
			"rotation": {"angle": 45, "axis": "z", "origin": [7, 3, 15]},
			"faces": {
				"north": {"uv": [0, 0, 0.3, 0.565], "texture": "#11"},
				"east": {"uv": [0, 0, 6, 0.565], "texture": "#11"},
				"south": {"uv": [0, 0, 0.3, 0.565], "texture": "#11"},
				"west": {"uv": [0, 0, 6, 0.565], "texture": "#11"},
				"up": {"uv": [0, 0, 0.3, 6], "rotation": 90, "texture": "#11"},
				"down": {"uv": [0, 0, 0.3, 6], "rotation": 90, "texture": "#11"}
			}
		},
		{
			"from": [8.6, 2.435, 15],
			"to": [8.9, 3, 21],
			"rotation": {"angle": -45, "axis": "z", "origin": [9, 3, 15]},
			"faces": {
				"north": {"uv": [0, 0, 0.3, 0.565], "texture": "#11"},
				"east": {"uv": [0, 0, 6, 0.565], "texture": "#11"},
				"south": {"uv": [0, 0, 0.3, 0.565], "texture": "#11"},
				"west": {"uv": [0, 0, 6, 0.565], "texture": "#11"},
				"up": {"uv": [0, 0, 0.3, 6], "rotation": 90, "texture": "#11"},
				"down": {"uv": [0, 0, 0.3, 6], "rotation": 90, "texture": "#11"}
			}
		},
		{
			"from": [7.6, 4, 21.2],
			"to": [8.4, 4.4, 27.5],
			"rotation": {"angle": 0, "axis": "y", "origin": [8, 8, 19]},
			"faces": {
				"north": {"uv": [1, 1, 2.6, 3], "texture": "#base", "tintindex": 0},
				"south": {"uv": [1, 1, 3.6, 4], "texture": "#base", "tintindex": 0},
				"up": {"uv": [1, 3, 2.6, 10], "rotation": 180, "texture": "#base", "tintindex": 0},
				"down": {"uv": [1, 1, 6.6, 3], "rotation": 90, "texture": "#base", "tintindex": 0}
			}
		},
		{
			"from": [7.2, 3.6, 21.2],
			"to": [7.766, 4, 27.5],
			"rotation": {"angle": 45, "axis": "z", "origin": [7.2, 4, 21.5]},
			"faces": {
				"north": {"uv": [1, 1, 2.6, 3], "texture": "#base", "tintindex": 0},
				"east": {"uv": [1, 3, 3, 10], "rotation": 270, "texture": "#base", "tintindex": 0},
				"south": {"uv": [1, 1, 3.6, 4], "texture": "#base", "tintindex": 0},
				"west": {"uv": [1, 3, 3, 10], "rotation": 90, "texture": "#base", "tintindex": 0},
				"up": {"uv": [1, 3, 2.6, 10], "rotation": 180, "texture": "#base", "tintindex": 0},
				"down": {"uv": [1, 1, 6.6, 3], "rotation": 90, "texture": "#base", "tintindex": 0}
			}
		},
		{
			"from": [8.234, 3.6, 21.2],
			"to": [8.8, 4, 27.5],
			"rotation": {"angle": -45, "axis": "z", "origin": [8.8, 4, 21.5]},
			"faces": {
				"north": {"uv": [1, 1, 2.6, 3], "texture": "#base", "tintindex": 0},
				"east": {"uv": [1, 3, 3, 10], "rotation": 270, "texture": "#base", "tintindex": 0},
				"south": {"uv": [1, 1, 3.6, 4], "texture": "#base", "tintindex": 0},
				"west": {"uv": [1, 3, 3, 10], "rotation": 90, "texture": "#base", "tintindex": 0},
				"up": {"uv": [1, 3, 2.6, 10], "rotation": 180, "texture": "#base", "tintindex": 0},
				"down": {"uv": [1, 1, 6.6, 3], "rotation": 90, "texture": "#base", "tintindex": 0}
			}
		},
		{
			"from": [7.7, 4, 27.5],
			"to": [8.3, 4.3, 31.8],
			"rotation": {"angle": 0, "axis": "y", "origin": [8, 8, 19]},
			"faces": {
				"east": {"uv": [0, 0, 14, 4], "texture": "#11"},
				"south": {"uv": [0, 0, 4, 4], "texture": "#11"},
				"west": {"uv": [0, 0, 14, 4], "texture": "#11"},
				"up": {"uv": [0, 0, 14, 4], "rotation": 90, "texture": "#11"}
			}
		},
		{
			"from": [7.275, 4, 27.5],
			"to": [7.7, 4.3, 31.8],
			"rotation": {"angle": 45, "axis": "z", "origin": [7.7, 4.3, 29]},
			"faces": {
				"east": {"uv": [0, 0, 14, 4], "texture": "#11"},
				"south": {"uv": [0, 0, 4, 4], "texture": "#11"},
				"west": {"uv": [0, 0, 14, 4], "texture": "#11"},
				"up": {"uv": [0, 0, 14, 4], "rotation": 90, "texture": "#11"},
				"down": {"uv": [0, 0, 14, 4], "rotation": 90, "texture": "#11"}
			}
		},
		{
			"from": [8.3, 4, 27.5],
			"to": [8.725, 4.3, 31.8],
			"rotation": {"angle": -45, "axis": "z", "origin": [8.3, 4.3, 29]},
			"faces": {
				"east": {"uv": [0, 0, 14, 4], "texture": "#11"},
				"south": {"uv": [0, 0, 4, 4], "texture": "#11"},
				"west": {"uv": [0, 0, 14, 4], "texture": "#11"},
				"up": {"uv": [0, 0, 14, 4], "rotation": 90, "texture": "#11"},
				"down": {"uv": [0, 0, 14, 4], "rotation": 90, "texture": "#11"}
			}
		},
		{
			"from": [7.4, 3.3, 27.5],
			"to": [7.82, 3.6, 31.8],
			"rotation": {"angle": -45, "axis": "z", "origin": [7.4, 3.3, 29]},
			"faces": {
				"east": {"uv": [0, 0, 14, 4], "texture": "#11"},
				"south": {"uv": [0, 0, 4, 4], "texture": "#11"},
				"west": {"uv": [0, 0, 14, 4], "texture": "#11"},
				"up": {"uv": [0, 0, 14, 4], "rotation": 90, "texture": "#11"},
				"down": {"uv": [0, 0, 14, 4], "rotation": 90, "texture": "#11"}
			}
		},
		{
			"from": [7.7, 3, 27.5],
			"to": [8.3, 3.3, 31.8],
			"rotation": {"angle": 0, "axis": "y", "origin": [8, 8, 19]},
			"faces": {
				"east": {"uv": [0, 0, 14, 4], "texture": "#11"},
				"south": {"uv": [0, 0, 4, 4], "texture": "#11"},
				"west": {"uv": [0, 0, 14, 4], "texture": "#11"},
				"up": {"uv": [0, 0, 14, 4], "rotation": 90, "texture": "#11"},
				"down": {"uv": [0, 0, 14, 4], "rotation": 90, "texture": "#11"}
			}
		},
		{
			"from": [8.18, 3.3, 27.5],
			"to": [8.6, 3.6, 31.8],
			"rotation": {"angle": 45, "axis": "z", "origin": [8.6, 3.3, 29]},
			"faces": {
				"east": {"uv": [0, 0, 14, 4], "texture": "#11"},
				"south": {"uv": [0, 0, 4, 4], "texture": "#11"},
				"west": {"uv": [0, 0, 14, 4], "texture": "#11"},
				"up": {"uv": [0, 0, 14, 4], "rotation": 90, "texture": "#11"},
				"down": {"uv": [0, 0, 14, 4], "rotation": 90, "texture": "#11"}
			}
		},
		{
			"from": [7.7, 0.6, 30.7],
			"to": [8.3, 1.1, 31.3],
			"rotation": {"angle": 0, "axis": "y", "origin": [8, 8, 19]},
			"faces": {
				"north": {"uv": [0, 0, 4, 9], "texture": "#11"},
				"east": {"uv": [0, 0, 4, 9], "texture": "#11"},
				"south": {"uv": [0, 0, 4, 9], "texture": "#11"},
				"west": {"uv": [0, 0, 4, 9], "texture": "#11"},
				"down": {"uv": [0, 0, 4, 4], "texture": "#11"}
			}
		},
		{
			"from": [7.7, 0.6, 30.8],
			"to": [8.3, 1.17, 31.3],
			"rotation": {"angle": 45, "axis": "x", "origin": [8, 0.6, 31.3]},
			"faces": {
				"north": {"uv": [0, 0, 4, 9], "texture": "#11"},
				"east": {"uv": [0, 0, 4, 9], "texture": "#11"},
				"south": {"uv": [0, 0, 4, 9], "texture": "#11"},
				"west": {"uv": [0, 0, 4, 9], "texture": "#11"},
				"down": {"uv": [0, 0, 4, 4], "texture": "#11"}
			}
		},
		{
			"from": [7.2, 2.7, 21.2],
			"to": [8.8, 4, 27.5],
			"rotation": {"angle": 0, "axis": "y", "origin": [8, 8, 19]},
			"faces": {
				"north": {"uv": [1, 1, 2.6, 3], "texture": "#base", "tintindex": 0},
				"east": {"uv": [1, 3, 3, 10], "rotation": 270, "texture": "#base", "tintindex": 0},
				"south": {"uv": [1, 1, 3.6, 4], "texture": "#base", "tintindex": 0},
				"west": {"uv": [1, 3, 3, 10], "rotation": 90, "texture": "#base", "tintindex": 0},
				"up": {"uv": [1, 3, 2.6, 10], "rotation": 180, "texture": "#base", "tintindex": 0},
				"down": {"uv": [1, 1, 6.6, 3], "rotation": 90, "texture": "#base", "tintindex": 0}
			}
		},
		{
			"from": [7.2, 2.3, 27.1],
			"to": [8.8, 2.7, 27.665],
			"rotation": {"angle": -45, "axis": "x", "origin": [8, 2.3, 27.1]},
			"faces": {
				"north": {"uv": [1, 1, 2.6, 3], "texture": "#base", "tintindex": 0},
				"east": {"uv": [1, 3, 3, 10], "rotation": 270, "texture": "#base", "tintindex": 0},
				"south": {"uv": [1, 1, 3.6, 4], "texture": "#base", "tintindex": 0},
				"west": {"uv": [1, 3, 3, 10], "rotation": 90, "texture": "#base", "tintindex": 0},
				"up": {"uv": [1, 3, 2.6, 10], "rotation": 180, "texture": "#base", "tintindex": 0},
				"down": {"uv": [1, 1, 6.6, 3], "rotation": 90, "texture": "#base", "tintindex": 0}
			}
		},
		{
			"from": [7.4, -0.5, 24.7],
			"to": [8.6, -0.1, 26],
			"rotation": {"angle": -22.5, "axis": "x", "origin": [8, 4.5, 26]},
			"faces": {
				"north": {"uv": [0, 0, 1.2, 4.7], "texture": "#base", "tintindex": 0},
				"east": {"uv": [0, 0, 5, 16], "texture": "#base", "tintindex": 0},
				"south": {"uv": [0, 0, 5, 16], "texture": "#base", "tintindex": 0},
				"west": {"uv": [0, 0, 5, 16], "texture": "#base", "tintindex": 0},
				"down": {"uv": [0, 0, 5, 5], "texture": "#base", "tintindex": 0}
			}
		},
		{
			"from": [7.2, 1.22, 21.2],
			"to": [8.8, 2.3, 21.6],
			"rotation": {"angle": -22.5, "axis": "x", "origin": [8, 2.3, 21.2]},
			"faces": {
				"north": {"uv": [0, 0, 1.6, 1.08], "texture": "#base", "tintindex": 0},
				"east": {"uv": [0, 0, 0.4, 1.08], "texture": "#base", "tintindex": 0},
				"south": {"uv": [0, 0, 1.6, 1.08], "texture": "#base", "tintindex": 0},
				"west": {"uv": [0, 0, 0.4, 1.08], "texture": "#base", "tintindex": 0},
				"up": {"uv": [0, 0, 1.6, 0.4], "texture": "#base", "tintindex": 0},
				"down": {"uv": [0, 0, 1.6, 0.4], "rotation": 180, "texture": "#base", "tintindex": 0}
			}
		},
		{
			"from": [7.4, 3.3, 31.8],
			"to": [8.6, 4, 32],
			"rotation": {"angle": 0, "axis": "y", "origin": [8, 8, 19]},
			"faces": {
				"east": {"uv": [0, 0, 14, 4], "texture": "#barrel"},
				"south": {"uv": [0, 0, 4, 4], "texture": "#barrel"},
				"west": {"uv": [0, 0, 14, 4], "texture": "#barrel"},
				"up": {"uv": [0, 0, 14, 4], "rotation": 90, "texture": "#barrel"},
				"down": {"uv": [0, 0, 14, 4], "rotation": 90, "texture": "#barrel"}
			}
		},
		{
			"from": [7.7, 4, 31.8],
			"to": [8.3, 4.3, 32],
			"rotation": {"angle": 0, "axis": "y", "origin": [8, 8, 19]},
			"faces": {
				"east": {"uv": [0, 0, 14, 4], "texture": "#barrel"},
				"south": {"uv": [0, 0, 4, 4], "texture": "#barrel"},
				"west": {"uv": [0, 0, 14, 4], "texture": "#barrel"},
				"up": {"uv": [0, 0, 14, 4], "rotation": 90, "texture": "#barrel"},
				"down": {"uv": [0, 0, 14, 4], "rotation": 90, "texture": "#barrel"}
			}
		},
		{
			"from": [7.7, 3, 31.8],
			"to": [8.3, 3.3, 32],
			"rotation": {"angle": 0, "axis": "y", "origin": [8, 8, 19]},
			"faces": {
				"east": {"uv": [0, 0, 14, 4], "texture": "#barrel"},
				"south": {"uv": [0, 0, 4, 4], "texture": "#barrel"},
				"west": {"uv": [0, 0, 14, 4], "texture": "#barrel"},
				"up": {"uv": [0, 0, 14, 4], "rotation": 90, "texture": "#barrel"},
				"down": {"uv": [0, 0, 14, 4], "rotation": 90, "texture": "#barrel"}
			}
		},
		{
			"from": [8.3, 4, 31.8],
			"to": [8.725, 4.3, 32],
			"rotation": {"angle": -45, "axis": "z", "origin": [8.3, 4.3, 29]},
			"faces": {
				"east": {"uv": [0, 0, 14, 4], "texture": "#barrel"},
				"south": {"uv": [0, 0, 4, 4], "texture": "#barrel"},
				"west": {"uv": [0, 0, 14, 4], "texture": "#barrel"},
				"up": {"uv": [0, 0, 14, 4], "rotation": 90, "texture": "#barrel"},
				"down": {"uv": [0, 0, 14, 4], "rotation": 90, "texture": "#barrel"}
			}
		},
		{
			"from": [7.275, 4, 31.8],
			"to": [7.7, 4.3, 32],
			"rotation": {"angle": 45, "axis": "z", "origin": [7.7, 4.3, 29]},
			"faces": {
				"east": {"uv": [0, 0, 14, 4], "texture": "#barrel"},
				"south": {"uv": [0, 0, 4, 4], "texture": "#barrel"},
				"west": {"uv": [0, 0, 14, 4], "texture": "#barrel"},
				"up": {"uv": [0, 0, 14, 4], "rotation": 90, "texture": "#barrel"},
				"down": {"uv": [0, 0, 14, 4], "rotation": 90, "texture": "#barrel"}
			}
		},
		{
			"from": [7.4, 3.3, 31.8],
			"to": [7.82, 3.6, 32],
			"rotation": {"angle": -45, "axis": "z", "origin": [7.4, 3.3, 29]},
			"faces": {
				"east": {"uv": [0, 0, 14, 4], "texture": "#barrel"},
				"south": {"uv": [0, 0, 4, 4], "texture": "#barrel"},
				"west": {"uv": [0, 0, 14, 4], "texture": "#barrel"},
				"up": {"uv": [0, 0, 14, 4], "rotation": 90, "texture": "#barrel"},
				"down": {"uv": [0, 0, 14, 4], "rotation": 90, "texture": "#barrel"}
			}
		},
		{
			"from": [8.18, 3.3, 31.8],
			"to": [8.6, 3.6, 32],
			"rotation": {"angle": 45, "axis": "z", "origin": [8.6, 3.3, 29]},
			"faces": {
				"east": {"uv": [0, 0, 14, 4], "texture": "#barrel"},
				"south": {"uv": [0, 0, 4, 4], "texture": "#barrel"},
				"west": {"uv": [0, 0, 14, 4], "texture": "#barrel"},
				"up": {"uv": [0, 0, 14, 4], "rotation": 90, "texture": "#barrel"},
				"down": {"uv": [0, 0, 14, 4], "rotation": 90, "texture": "#barrel"}
			}
		}
	],
	"display": {
		"thirdperson_righthand": {
			"translation": [0, 6, -17.25]
		},
		"thirdperson_lefthand": {
			"translation": [0, 5.75, -17]
		},
		"firstperson_righthand": {
			"translation": [-3.5, 8.5, -8.25],
			"scale": [0.8, 0.8, 0.8]
		},
		"firstperson_lefthand": {
			"translation": [0, 9.75, -10.75]
		},
		"ground": {
			"translation": [0, 5, -4.5]
		},
		"gui": {
			"rotation": [30, 225, 0],
			"translation": [1.5, 2.5, 0],
			"scale": [0.25898, 0.25898, 0.25898]
		},
		"fixed": {
			"rotation": [0, 90, 0],
			"translation": [0.75, 4, 0],
			"scale": [2, 0.45406, 0.28609]
		}
	}
}