{
	"credit": "Made with Blockbench",
	"textures": {
		"trim": "blocks/concrete_gray",
		"reticle": "cgm:blocks/red_dot",
		"trigger_cover": "blocks/concrete_silver",
		"base": "blocks/concrete_white"
	},
	"elements": [
		{
			"from": [6.4, 3.4, -13],
			"to": [6.8, 5, 29],
			"rotation": {"angle": 0, "axis": "y", "origin": [8, 8, -8]},
			"faces": {
				"north": {"uv": [11, 0, 11.4, 1.6], "texture": "#base", "tintindex": 0},
				"east": {"uv": [0, 1, 10, 2.6], "texture": "#base", "tintindex": 0},
				"south": {"uv": [1, 1, 1.4, 2.6], "texture": "#base", "tintindex": 0},
				"west": {"uv": [1, 1, 11, 2.6], "texture": "#base", "tintindex": 0}
			}
		},
		{
			"from": [7.6, 0.4, 24],
			"to": [8.4, 2.6, 25.5],
			"rotation": {"angle": 0, "axis": "y", "origin": [8, 8, 24]},
			"faces": {
				"north": {"uv": [0, 0, 1.2, 2.2], "texture": "#trim"},
				"east": {"uv": [0, 0, 1.5, 2.2], "texture": "#trim"},
				"south": {"uv": [0, 0, 1.2, 2.2], "texture": "#trim"},
				"west": {"uv": [0, 0, 1.5, 2.2], "texture": "#trim"},
				"up": {"uv": [0, 0, 1.2, 4], "texture": "#trim"}
			}
		},
		{
			"from": [7.9, 2, 23],
			"to": [8.1, 2.6, 23.2],
			"rotation": {"angle": 0, "axis": "y", "origin": [8, 8, 24]},
			"faces": {
				"north": {"uv": [0, 0, 0.2, 1], "texture": "#trigger_cover"},
				"east": {"uv": [0, 0, 0.2, 1], "texture": "#trigger_cover"},
				"south": {"uv": [0, 0, 0.2, 1], "texture": "#trigger_cover"},
				"west": {"uv": [0, 0, 0.2, 1], "texture": "#trigger_cover"},
				"up": {"uv": [0, 0, 0.2, 0.2], "texture": "#trigger_cover"},
				"down": {"uv": [0, 0, 0.2, 0.2], "texture": "#trigger_cover"}
			}
		},
		{
			"from": [7.9, 1.6, 23.4],
			"to": [8.1, 1.8, 24],
			"rotation": {"angle": 0, "axis": "y", "origin": [8, 8, 24]},
			"faces": {
				"north": {"uv": [0, 0, 0.2, 0.2], "texture": "#trigger_cover"},
				"east": {"uv": [0, 0, 1.7, 0.2], "texture": "#trigger_cover"},
				"south": {"uv": [0, 0, 4.2, -4.8], "texture": "#trigger_cover"},
				"west": {"uv": [0, 0, 1.7, 0.2], "texture": "#trigger_cover"},
				"up": {"uv": [0, 0, 0.2, 1.7], "texture": "#trigger_cover"},
				"down": {"uv": [0, 0, 0.2, 1.7], "texture": "#trigger_cover"}
			}
		},
		{
			"from": [6.8, 2, 29],
			"to": [9.2, 3, 32],
			"rotation": {"angle": 0, "axis": "y", "origin": [8, 8, 24]},
			"faces": {
				"north": {"uv": [0, 0, 2.4, 1], "texture": "#trim"},
				"south": {"uv": [0, 0, 2.4, 1], "texture": "#trim"},
				"up": {"uv": [0, 0, 2.4, 3], "texture": "#trim"},
				"down": {"uv": [0, 0, 2.4, 3], "texture": "#trim"}
			}
		},
		{
			"from": [6.8, 5.4, 29],
			"to": [9.2, 6.4, 32],
			"rotation": {"angle": 0, "axis": "y", "origin": [8, 8, 24]},
			"faces": {
				"north": {"uv": [0, 0, 2.4, 1], "texture": "#trim"},
				"south": {"uv": [0, 0, 2.4, 1], "texture": "#trim"},
				"up": {"uv": [0, 0, 2.4, 3], "texture": "#trim"},
				"down": {"uv": [0, 0, 2.4, 3], "texture": "#trim"}
			}
		},
		{
			"from": [5.8, 3, 29],
			"to": [6.8, 5.4, 32],
			"rotation": {"angle": 0, "axis": "y", "origin": [8, 8, 24]},
			"faces": {
				"north": {"uv": [0, 0, 1, 2.4], "texture": "#trim"},
				"east": {"uv": [0, 0, 3, 2.4], "texture": "#trim"},
				"south": {"uv": [0, 0, 1, 2.4], "texture": "#trim"},
				"west": {"uv": [0, 0, 3, 2.4], "texture": "#trim"}
			}
		},
		{
			"from": [9.2, 3, 29],
			"to": [10.2, 5.4, 32],
			"rotation": {"angle": 0, "axis": "y", "origin": [8, 8, 24]},
			"faces": {
				"north": {"uv": [0, 0, 1, 2.4], "texture": "#trim"},
				"east": {"uv": [0, 0, 3, 2.4], "texture": "#trim"},
				"south": {"uv": [0, 0, 1, 2.4], "texture": "#trim"},
				"west": {"uv": [0, 0, 3, 2.4], "texture": "#trim"}
			}
		},
		{
			"from": [5, 4.1, -14.6],
			"to": [5.8, 4.3, -14.4],
			"rotation": {"angle": 0, "axis": "y", "origin": [8, 8, -8]},
			"faces": {
				"north": {"uv": [0, 0, 0.8, 0.2], "texture": "#trim"},
				"south": {"uv": [0, 0, 0.8, 0.2], "texture": "#trim"},
				"up": {"uv": [0, 0, 0.8, 0.2], "texture": "#trim"},
				"down": {"uv": [0, 0, 0.8, 0.2], "texture": "#trim"}
			}
		},
		{
			"from": [4.3, 4.1, -14.5],
			"to": [4.5, 4.3, -14.5],
			"rotation": {"angle": 0, "axis": "y", "origin": [8, 8, -8]},
			"faces": {
				"north": {"uv": [0, 0, 16, 16], "texture": "#reticle"},
				"south": {"uv": [0, 0, 16, 16], "texture": "#reticle"}
			}
		},
		{
			"from": [5.8, 5.4, 29],
			"to": [6.8, 6.815, 32],
			"rotation": {"angle": -45, "axis": "z", "origin": [5.8, 5.4, 29]},
			"faces": {
				"north": {"uv": [0, 0, 1, 1.415], "texture": "#trim"},
				"east": {"uv": [0, 0, 3, 1.415], "texture": "#trim"},
				"south": {"uv": [0, 0, 1, 1.415], "texture": "#trim"},
				"west": {"uv": [0, 0, 3, 1.415], "texture": "#trim"},
				"up": {"uv": [0, 0, 1, 3], "texture": "#trim"}
			}
		},
		{
			"from": [9.2, 5.4, 29],
			"to": [10.2, 6.815, 32],
			"rotation": {"angle": 45, "axis": "z", "origin": [10.2, 5.4, 29]},
			"faces": {
				"north": {"uv": [0, 0, 1, 1.415], "texture": "#trim"},
				"east": {"uv": [0, 0, 3, 1.415], "texture": "#trim"},
				"south": {"uv": [0, 0, 1, 1.415], "texture": "#trim"},
				"west": {"uv": [0, 0, 3, 1.415], "texture": "#trim"},
				"up": {"uv": [0, 0, 1, 3], "texture": "#trim"}
			}
		},
		{
			"from": [5.8, 1.585, 29],
			"to": [6.8, 3, 32],
			"rotation": {"angle": 45, "axis": "z", "origin": [5.8, 3, 29]},
			"faces": {
				"north": {"uv": [0, 0, 1, 1.415], "texture": "#trim"},
				"east": {"uv": [0, 0, 3, 1.415], "texture": "#trim"},
				"south": {"uv": [0, 0, 1, 1.415], "texture": "#trim"},
				"west": {"uv": [0, 0, 3, 1.415], "texture": "#trim"},
				"down": {"uv": [0, 0, 1, 3], "texture": "#trim"}
			}
		},
		{
			"from": [9.2, 1.585, 29],
			"to": [10.2, 3, 32],
			"rotation": {"angle": -45, "axis": "z", "origin": [10.2, 3, 29]},
			"faces": {
				"north": {"uv": [0, 0, 1, 1.415], "texture": "#trim"},
				"east": {"uv": [0, 0, 3, 1.415], "texture": "#trim"},
				"south": {"uv": [0, 0, 1, 1.415], "texture": "#trim"},
				"west": {"uv": [0, 0, 3, 1.415], "texture": "#trim"},
				"down": {"uv": [0, 0, 1, 3], "texture": "#trim"}
			}
		},
		{
			"from": [6.8, 5.4, -16],
			"to": [9.2, 6.4, -13],
			"rotation": {"angle": 0, "axis": "y", "origin": [8, 8, -8]},
			"faces": {
				"north": {"uv": [0, 0, 2.4, 1], "texture": "#trim"},
				"south": {"uv": [0, 0, 2.4, 1], "texture": "#trim"},
				"up": {"uv": [0, 0, 2.4, 3], "texture": "#trim"},
				"down": {"uv": [0, 0, 2.4, 3], "texture": "#trim"}
			}
		},
		{
			"from": [5.8, 5.4, -16],
			"to": [6.8, 6.815, -13],
			"rotation": {"angle": -45, "axis": "z", "origin": [5.8, 5.4, -3]},
			"faces": {
				"north": {"uv": [0, 0, 1, 1.415], "texture": "#trim"},
				"east": {"uv": [0, 0, 3, 1.415], "texture": "#trim"},
				"south": {"uv": [0, 0, 1, 1.415], "texture": "#trim"},
				"west": {"uv": [0, 0, 3, 1.415], "texture": "#trim"},
				"up": {"uv": [0, 0, 1, 3], "texture": "#trim"}
			}
		},
		{
			"from": [5.8, 3, -16],
			"to": [6.8, 5.4, -13],
			"rotation": {"angle": 0, "axis": "y", "origin": [8, 8, -8]},
			"faces": {
				"north": {"uv": [0, 0, 1, 2.4], "texture": "#trim"},
				"east": {"uv": [0, 0, 3, 2.4], "texture": "#trim"},
				"south": {"uv": [0, 0, 1, 2.4], "texture": "#trim"},
				"west": {"uv": [0, 0, 3, 2.4], "texture": "#trim"}
			}
		},
		{
			"from": [5.8, 1.585, -16],
			"to": [6.8, 3, -13],
			"rotation": {"angle": 45, "axis": "z", "origin": [5.8, 3, -3]},
			"faces": {
				"north": {"uv": [0, 0, 1, 1.415], "texture": "#trim"},
				"east": {"uv": [0, 0, 3, 1.415], "texture": "#trim"},
				"south": {"uv": [0, 0, 1, 1.415], "texture": "#trim"},
				"west": {"uv": [0, 0, 3, 1.415], "texture": "#trim"},
				"down": {"uv": [0, 0, 1, 3], "texture": "#trim"}
			}
		},
		{
			"from": [6.8, 2, -16],
			"to": [9.2, 3, -13],
			"rotation": {"angle": 0, "axis": "y", "origin": [8, 8, -8]},
			"faces": {
				"north": {"uv": [0, 0, 2.4, 1], "texture": "#trim"},
				"south": {"uv": [0, 0, 2.4, 1], "texture": "#trim"},
				"up": {"uv": [0, 0, 2.4, 3], "texture": "#trim"},
				"down": {"uv": [0, 0, 2.4, 3], "texture": "#trim"}
			}
		},
		{
			"from": [9.2, 1.585, -16],
			"to": [10.2, 3, -13],
			"rotation": {"angle": -45, "axis": "z", "origin": [10.2, 3, -3]},
			"faces": {
				"north": {"uv": [0, 0, 1, 1.415], "texture": "#trim"},
				"east": {"uv": [0, 0, 3, 1.415], "texture": "#trim"},
				"south": {"uv": [0, 0, 1, 1.415], "texture": "#trim"},
				"west": {"uv": [0, 0, 3, 1.415], "texture": "#trim"},
				"down": {"uv": [0, 0, 1, 3], "texture": "#trim"}
			}
		},
		{
			"from": [9.2, 3, -16],
			"to": [10.2, 5.4, -13],
			"rotation": {"angle": 0, "axis": "y", "origin": [8, 8, -8]},
			"faces": {
				"north": {"uv": [0, 0, 1, 2.4], "texture": "#trim"},
				"east": {"uv": [0, 0, 3, 2.4], "texture": "#trim"},
				"south": {"uv": [0, 0, 1, 2.4], "texture": "#trim"},
				"west": {"uv": [0, 0, 3, 2.4], "texture": "#trim"}
			}
		},
		{
			"from": [9.2, 5.4, -16],
			"to": [10.2, 6.815, -13],
			"rotation": {"angle": 45, "axis": "z", "origin": [10.2, 5.4, -3]},
			"faces": {
				"north": {"uv": [0, 0, 1, 1.415], "texture": "#trim"},
				"east": {"uv": [0, 0, 3, 1.415], "texture": "#trim"},
				"south": {"uv": [0, 0, 1, 1.415], "texture": "#trim"},
				"west": {"uv": [0, 0, 3, 1.415], "texture": "#trim"},
				"up": {"uv": [0, 0, 1, 3], "texture": "#trim"}
			}
		},
		{
			"from": [9.2, 3.4, -13],
			"to": [9.6, 5, 29],
			"rotation": {"angle": 0, "axis": "y", "origin": [8, 8, -8]},
			"faces": {
				"north": {"uv": [11, 0, 11.4, 1.6], "texture": "#base", "tintindex": 0},
				"east": {"uv": [0, 1, 10, 2.6], "texture": "#base", "tintindex": 0},
				"south": {"uv": [1, 1, 1.4, 2.6], "texture": "#base", "tintindex": 0},
				"west": {"uv": [1, 1, 11, 2.6], "texture": "#base", "tintindex": 0}
			}
		},
		{
			"from": [7.2, 5.4, -13],
			"to": [8.8, 5.8, 29],
			"rotation": {"angle": 0, "axis": "y", "origin": [8, 8, -8]},
			"faces": {
				"east": {"uv": [0, 1, 10, 1.4], "texture": "#base", "tintindex": 0},
				"west": {"uv": [1, 1, 11, 1.4], "texture": "#base", "tintindex": 0},
				"up": {"uv": [1, 1, 2.6, 11], "texture": "#base", "tintindex": 0},
				"down": {"uv": [8, 1, 9.6, 11], "texture": "#base", "tintindex": 0}
			}
		},
		{
			"from": [7.2, 2.6, -13],
			"to": [8.8, 3, 29],
			"rotation": {"angle": 0, "axis": "y", "origin": [8, 8, -8]},
			"faces": {
				"north": {"uv": [11, 0, 12.6, 0.4], "texture": "#base", "tintindex": 0},
				"east": {"uv": [0, 1, 10, 1.4], "texture": "#base", "tintindex": 0},
				"south": {"uv": [1, 1, 2.6, 1.4], "texture": "#base", "tintindex": 0},
				"west": {"uv": [1, 1, 11, 1.4], "texture": "#base", "tintindex": 0},
				"up": {"uv": [1, 1, 2.6, 11], "texture": "#base", "tintindex": 0},
				"down": {"uv": [8, 1, 9.6, 11], "texture": "#base", "tintindex": 0}
			}
		},
		{
			"from": [7.6, 0, 24],
			"to": [8.4, 0.4, 25.5],
			"rotation": {"angle": 0, "axis": "y", "origin": [8, 8, 24]},
			"faces": {
				"north": {"uv": [0, 0, 1.2, 2.2], "texture": "#base"},
				"east": {"uv": [0, 0, 1.5, 0.4], "texture": "#base"},
				"south": {"uv": [0, 0, 1.2, 2.2], "texture": "#base"},
				"west": {"uv": [0, 0, 1.5, 0.4], "texture": "#base"},
				"down": {"uv": [0, 0, 1.2, 4], "texture": "#base"}
			}
		},
		{
			"from": [6.4, 5, -13],
			"to": [6.7, 6.131, 29],
			"rotation": {"angle": -45, "axis": "z", "origin": [6.4, 5, -8]},
			"faces": {
				"north": {"uv": [11, 0, 11.3, 1.131], "texture": "#base", "tintindex": 0},
				"east": {"uv": [0, 1, 10, 2.131], "texture": "#base", "tintindex": 0},
				"south": {"uv": [1, 1, 1.3, 2.131], "texture": "#base", "tintindex": 0},
				"west": {"uv": [1, 1, 11, 2.131], "texture": "#base", "tintindex": 0},
				"up": {"uv": [1, 1, 1.3, 11], "texture": "#base", "tintindex": 0},
				"down": {"uv": [8, 1, 8.3, 11], "texture": "#base", "tintindex": 0}
			}
		},
		{
			"from": [9.3, 5, -13],
			"to": [9.6, 6.131, 29],
			"rotation": {"angle": 45, "axis": "z", "origin": [9.6, 5, -8]},
			"faces": {
				"north": {"uv": [11, 0, 11.3, 1.131], "texture": "#base", "tintindex": 0},
				"east": {"uv": [0, 1, 10, 2.131], "texture": "#base", "tintindex": 0},
				"south": {"uv": [1, 1, 1.3, 2.131], "texture": "#base", "tintindex": 0},
				"west": {"uv": [1, 1, 11, 2.131], "texture": "#base", "tintindex": 0},
				"up": {"uv": [1, 1, 1.3, 11], "texture": "#base", "tintindex": 0},
				"down": {"uv": [8, 1, 8.3, 11], "texture": "#base", "tintindex": 0}
			}
		},
		{
			"from": [6.4, 2.269, -13],
			"to": [6.7, 3.4, 29],
			"rotation": {"angle": 45, "axis": "z", "origin": [6.4, 3.4, -8]},
			"faces": {
				"north": {"uv": [11, 0, 11.3, 1.131], "texture": "#base", "tintindex": 0},
				"east": {"uv": [0, 1, 10, 2.131], "texture": "#base", "tintindex": 0},
				"south": {"uv": [1, 1, 1.3, 2.131], "texture": "#base", "tintindex": 0},
				"west": {"uv": [1, 1, 11, 2.131], "texture": "#base", "tintindex": 0},
				"up": {"uv": [1, 1, 1.3, 11], "texture": "#base", "tintindex": 0},
				"down": {"uv": [8, 1, 8.3, 11], "texture": "#base", "tintindex": 0}
			}
		},
		{
			"from": [9.3, 2.269, -13],
			"to": [9.6, 3.4, 29],
			"rotation": {"angle": -45, "axis": "z", "origin": [9.6, 3.4, -8]},
			"faces": {
				"north": {"uv": [11, 0, 11.3, 1.131], "texture": "#base", "tintindex": 0},
				"east": {"uv": [0, 1, 10, 2.131], "texture": "#base", "tintindex": 0},
				"south": {"uv": [1, 1, 1.3, 2.131], "texture": "#base", "tintindex": 0},
				"west": {"uv": [1, 1, 11, 2.131], "texture": "#base", "tintindex": 0},
				"up": {"uv": [1, 1, 1.3, 11], "texture": "#base", "tintindex": 0},
				"down": {"uv": [8, 1, 8.3, 11], "texture": "#base", "tintindex": 0}
			}
		},
		{
			"from": [7.9, 1.6, 22.84],
			"to": [8.1, 1.8, 23.39],
			"rotation": {"angle": 45, "axis": "x", "origin": [8.5, 1.6, 23.4]},
			"faces": {
				"north": {"uv": [0, 0, 0.2, 0.2], "texture": "#trigger_cover"},
				"east": {"uv": [0, 0, 1.7, 0.2], "texture": "#trigger_cover"},
				"south": {"uv": [0, 0, 4.2, -4.8], "texture": "#trigger_cover"},
				"west": {"uv": [0, 0, 1.7, 0.2], "texture": "#trigger_cover"},
				"up": {"uv": [0, 0, 0.2, 1.7], "texture": "#trigger_cover"},
				"down": {"uv": [0, 0, 0.2, 1.7], "texture": "#trigger_cover"}
			}
		},
		{
			"from": [4.8, 3.8, -14.6],
			"to": [5, 4.6, -14.4],
			"rotation": {"angle": 0, "axis": "y", "origin": [8, 8, -8]},
			"faces": {
				"north": {"uv": [0, 0, 0.8, 0.2], "texture": "#trim"},
				"east": {"uv": [0, 0, 0.2, 0.2], "texture": "#trim"},
				"south": {"uv": [0, 0, 0.8, 0.2], "texture": "#trim"},
				"west": {"uv": [0, 0, 0.2, 0.2], "texture": "#trim"}
			}
		},
		{
			"from": [3.8, 3.8, -14.6],
			"to": [4, 4.6, -14.4],
			"rotation": {"angle": 0, "axis": "y", "origin": [8, 8, -8]},
			"faces": {
				"north": {"uv": [0, 0, 0.8, 0.2], "texture": "#trim"},
				"east": {"uv": [0, 0, 0.2, 0.2], "texture": "#trim"},
				"south": {"uv": [0, 0, 0.8, 0.2], "texture": "#trim"},
				"west": {"uv": [0, 0, 0.2, 0.2], "texture": "#trim"}
			}
		},
		{
			"from": [4, 3.6, -14.6],
			"to": [4.8, 3.8, -14.4],
			"rotation": {"angle": 0, "axis": "y", "origin": [8, 8, -8]},
			"faces": {
				"north": {"uv": [0, 0, 0.8, 0.2], "texture": "#trim"},
				"south": {"uv": [0, 0, 0.8, 0.2], "texture": "#trim"},
				"up": {"uv": [0, 0, 0.8, 0.2], "texture": "#trim"},
				"down": {"uv": [0, 0, 0.8, 0.2], "texture": "#trim"}
			}
		},
		{
			"from": [4, 4.6, -14.6],
			"to": [4.8, 4.8, -14.4],
			"rotation": {"angle": 0, "axis": "y", "origin": [8, 8, -8]},
			"faces": {
				"north": {"uv": [0, 0, 0.8, 0.2], "texture": "#trim"},
				"south": {"uv": [0, 0, 0.8, 0.2], "texture": "#trim"},
				"up": {"uv": [0, 0, 0.8, 0.2], "texture": "#trim"},
				"down": {"uv": [0, 0, 0.8, 0.2], "texture": "#trim"}
			}
		},
		{
			"from": [3.8, 4.6, -14.6],
			"to": [4, 4.882, -14.4],
			"rotation": {"angle": -45, "axis": "z", "origin": [3.8, 4.6, -14]},
			"faces": {
				"north": {"uv": [0, 0, 0.8, 0.2], "texture": "#trim"},
				"east": {"uv": [0, 0, 0.2, 0.2], "texture": "#trim"},
				"south": {"uv": [0, 0, 0.8, 0.2], "texture": "#trim"},
				"west": {"uv": [0, 0, 0.2, 0.2], "texture": "#trim"}
			}
		},
		{
			"from": [4.8, 4.6, -14.6],
			"to": [5, 4.882, -14.4],
			"rotation": {"angle": 45, "axis": "z", "origin": [5, 4.6, -14]},
			"faces": {
				"north": {"uv": [0, 0, 0.8, 0.2], "texture": "#trim"},
				"east": {"uv": [0, 0, 0.2, 0.2], "texture": "#trim"},
				"south": {"uv": [0, 0, 0.8, 0.2], "texture": "#trim"},
				"west": {"uv": [0, 0, 0.2, 0.2], "texture": "#trim"}
			}
		},
		{
			"from": [3.8, 3.518, -14.6],
			"to": [4, 3.8, -14.4],
			"rotation": {"angle": 45, "axis": "z", "origin": [3.8, 3.8, -14]},
			"faces": {
				"north": {"uv": [0, 0, 0.8, 0.2], "texture": "#trim"},
				"east": {"uv": [0, 0, 0.2, 0.2], "texture": "#trim"},
				"south": {"uv": [0, 0, 0.8, 0.2], "texture": "#trim"},
				"west": {"uv": [0, 0, 0.2, 0.2], "texture": "#trim"}
			}
		},
		{
			"from": [4.8, 3.518, -14.6],
			"to": [5, 3.8, -14.4],
			"rotation": {"angle": -45, "axis": "z", "origin": [5, 3.8, -14]},
			"faces": {
				"north": {"uv": [0, 0, 0.8, 0.2], "texture": "#trim"},
				"east": {"uv": [0, 0, 0.2, 0.2], "texture": "#trim"},
				"south": {"uv": [0, 0, 0.8, 0.2], "texture": "#trim"},
				"west": {"uv": [0, 0, 0.2, 0.2], "texture": "#trim"}
			}
		}
	],
	"display": {
		"thirdperson_righthand": {
			"translation": [0, 6, -16.25]
		},
		"thirdperson_lefthand": {
			"translation": [0, 5.75, -16.25]
		},
		"firstperson_righthand": {
			"translation": [-2.25, 9, -6.75],
			"scale": [0.8, 0.8, 0.8]
		},
		"firstperson_lefthand": {
			"translation": [0, 9.75, -11]
		},
		"ground": {
			"translation": [0, 3, 0]
		},
		"gui": {
			"rotation": [30, 225, 0],
			"translation": [0, 3, 0],
			"scale": [0.43945, 0.43945, 0.43945]
		},
		"fixed": {
			"rotation": [0, 90, 0],
			"translation": [0.25, 1.5, 0],
			"scale": [0.40625, 0.40625, 0.40625]
		}
	}
}