{
	"credit": "Made with Blockbench",
	"textures": {
		"barrel": "blocks/concrete_gray",
		"detail": "blocks/concrete_silver",
		"base": "blocks/concrete_white"
	},
	"elements": [
		{
			"from": [6, 0, 21],
			"to": [10, 3, 28],
			"rotation": {"angle": 0, "axis": "y", "origin": [8, 8, 20]},
			"faces": {
				"north": {"uv": [1, 1, 5, 4], "texture": "#base", "tintindex": 0},
				"east": {"uv": [1, 1, 8, 4], "texture": "#base", "tintindex": 0},
				"south": {"uv": [1, 1, 5, 4], "texture": "#base", "tintindex": 0},
				"west": {"uv": [1, 1, 8, 4], "texture": "#base", "tintindex": 0},
				"up": {"uv": [1, 1, 5, 8], "texture": "#base", "tintindex": 0},
				"down": {"uv": [1, 1, 5, 8], "texture": "#base", "tintindex": 0}
			}
		},
		{
			"from": [10, -0.5, 22],
			"to": [11, 1.5, 27],
			"rotation": {"angle": 0, "axis": "y", "origin": [8, 8, 20]},
			"faces": {
				"north": {"uv": [0, 0, 1, 2], "texture": "#detail"},
				"east": {"uv": [0, 0, 5, 2], "texture": "#detail"},
				"south": {"uv": [0, 0, 1, 2], "texture": "#detail"},
				"up": {"uv": [0, 0, 1, 5], "texture": "#detail"},
				"down": {"uv": [0, 0, 1, 5], "texture": "#detail"}
			}
		},
		{
			"from": [7.5, 0, 28],
			"to": [8.5, 1, 31.5],
			"rotation": {"angle": 0, "axis": "y", "origin": [8, 8, 20]},
			"faces": {
				"east": {"uv": [1, 0, 2, 1], "texture": "#detail"},
				"south": {"uv": [0, 0, 1.4, 1], "texture": "#detail"},
				"west": {"uv": [0, 0, 1, 1], "texture": "#detail"},
				"up": {"uv": [0, 0, 1.4, 3.5], "texture": "#detail"},
				"down": {"uv": [0, 0, 1.4, 3.5], "texture": "#detail"}
			}
		},
		{
			"from": [7.5, 3, 28],
			"to": [8.5, 4, 30.86],
			"rotation": {"angle": 22.5, "axis": "x", "origin": [8, 4, 28]},
			"faces": {
				"north": {"uv": [0, 0, 1.4, 1], "texture": "#detail"},
				"east": {"uv": [1, 0, 2, 1], "texture": "#detail"},
				"south": {"uv": [0, 0, 1.4, 1], "texture": "#detail"},
				"west": {"uv": [0, 0, 0, 0], "texture": "#detail"},
				"up": {"uv": [0, 0, 1.4, 3.8], "texture": "#detail"},
				"down": {"uv": [0, 0, 1.4, 3.8], "texture": "#detail"}
			}
		},
		{
			"from": [7.5, 1, 30.5],
			"to": [8.5, 2.05, 31.5],
			"rotation": {"angle": 0, "axis": "y", "origin": [8, 8, 20]},
			"faces": {
				"north": {"uv": [0, 0, 1, 1], "texture": "#detail"},
				"east": {"uv": [1, 0, 2, 1], "texture": "#detail"},
				"south": {"uv": [0, 0, 1.4, 1.5], "texture": "#detail"},
				"west": {"uv": [0, 0, 1, 1], "texture": "#detail"}
			}
		},
		{
			"from": [5.5, 3.2, 22],
			"to": [6.5, 5.2, 23],
			"rotation": {"angle": 45, "axis": "z", "origin": [6, 4, 23]},
			"faces": {
				"north": {"uv": [0, 0, 1, 2], "texture": "#detail"},
				"east": {"uv": [0, 0, 1, 2], "texture": "#detail"},
				"south": {"uv": [0, 0, 1, 2], "texture": "#detail"},
				"west": {"uv": [0, 0, 1, 2], "texture": "#detail"},
				"up": {"uv": [0, 0, 1, 1], "texture": "#detail"}
			}
		},
		{
			"from": [9.5, 3.2, 22],
			"to": [10.5, 5.2, 23],
			"rotation": {"angle": -45, "axis": "z", "origin": [10, 4, 23]},
			"faces": {
				"north": {"uv": [0, 0, 1, 2], "texture": "#detail"},
				"east": {"uv": [0, 0, 1, 2], "texture": "#detail"},
				"south": {"uv": [0, 0, 1, 2], "texture": "#detail"},
				"west": {"uv": [0, 0, 1, 2], "texture": "#detail"},
				"up": {"uv": [0, 0, 1, 1], "texture": "#detail"}
			}
		},
		{
			"from": [5.5, 4.2, 21.5],
			"to": [6.5, 5.2, 22],
			"rotation": {"angle": 45, "axis": "z", "origin": [6, 4, 23]},
			"faces": {
				"east": {"uv": [0, 0, 0.5, 1], "texture": "#detail"},
				"west": {"uv": [0, 0, 0.5, 1], "texture": "#detail"},
				"up": {"uv": [0, 0, 1, 0.5], "texture": "#detail"},
				"down": {"uv": [0, 0, 1, 0.5], "texture": "#detail"}
			}
		},
		{
			"from": [9.5, 4.2, 21.5],
			"to": [10.5, 5.2, 22],
			"rotation": {"angle": -45, "axis": "z", "origin": [10, 4, 23]},
			"faces": {
				"east": {"uv": [0, 0, 0.5, 1], "texture": "#detail"},
				"west": {"uv": [0, 0, 0.5, 1], "texture": "#detail"},
				"up": {"uv": [0, 0, 1, 0.5], "texture": "#detail"},
				"down": {"uv": [0, 0, 1, 0.5], "texture": "#detail"}
			}
		},
		{
			"from": [5.7, 4.4, 20.3],
			"to": [10.3, 5.4, 21.5],
			"rotation": {"angle": 0, "axis": "y", "origin": [8, 8, 20]},
			"faces": {
				"north": {"uv": [0, 0, 6.8, 1], "texture": "#detail"},
				"east": {"uv": [0, 0, 1.2, 1], "texture": "#detail"},
				"south": {"uv": [0, 0, 6.8, 1], "texture": "#detail"},
				"west": {"uv": [0, 0, 1.2, 1], "texture": "#detail"},
				"up": {"uv": [0, 0, 6.8, 1.2], "texture": "#detail"},
				"down": {"uv": [0, 0, 6.8, 1.2], "texture": "#detail"}
			}
		},
		{
			"from": [5.5, 5, 20.5],
			"to": [6.3, 6.2, 21.3],
			"rotation": {"angle": 0, "axis": "y", "origin": [8, 8, 20]},
			"faces": {
				"north": {"uv": [0, 0, 0.8, 2], "texture": "#barrel"},
				"east": {"uv": [0, 0, 0.8, 2], "texture": "#barrel"},
				"south": {"uv": [0, 0, 0.8, 2], "texture": "#barrel"},
				"west": {"uv": [0, 0, 0.8, 2], "texture": "#barrel"},
				"up": {"uv": [0, 0, 0.8, 0.8], "texture": "#barrel"},
				"down": {"uv": [0, 0, 0.8, 0.8], "texture": "#barrel"}
			}
		},
		{
			"from": [9.7, 5, 20.5],
			"to": [10.5, 6.2, 21.3],
			"rotation": {"angle": 0, "axis": "y", "origin": [8, 8, 20]},
			"faces": {
				"north": {"uv": [0, 0, 0.8, 2], "texture": "#barrel"},
				"east": {"uv": [0, 0, 0.8, 2], "texture": "#barrel"},
				"south": {"uv": [0, 0, 0.8, 2], "texture": "#barrel"},
				"west": {"uv": [0, 0, 0.8, 2], "texture": "#barrel"},
				"up": {"uv": [0, 0, 0.8, 0.8], "texture": "#barrel"},
				"down": {"uv": [0, 0, 0.8, 0.8], "texture": "#barrel"}
			}
		},
		{
			"from": [6.3, 6.2, 20.5],
			"to": [9.7, 7, 21.3],
			"rotation": {"angle": 0, "axis": "y", "origin": [8, 8, 20]},
			"faces": {
				"north": {"uv": [0, 0, 3.4, 0.8], "texture": "#barrel"},
				"east": {"uv": [0, 0, 0.8, 0.8], "texture": "#barrel"},
				"south": {"uv": [6.6, 0, 10, 0.8], "texture": "#barrel"},
				"west": {"uv": [0, 0, 0.8, 0.8], "texture": "#barrel"},
				"up": {"uv": [0, 0, 3.4, 0.8], "texture": "#barrel"},
				"down": {"uv": [0, 0, 3.4, 0.8], "texture": "#barrel"}
			}
		},
		{
			"from": [6.5, 2.3, -16],
			"to": [7.5, 3.3, 21],
			"rotation": {"angle": 45, "axis": "z", "origin": [7, 3, 0]},
			"faces": {
				"north": {"uv": [0, 0, 1, 1], "texture": "#barrel"},
				"east": {"uv": [0, 0, 16, 1], "texture": "#barrel"},
				"south": {"uv": [0, 0, 1, 1], "texture": "#barrel"},
				"west": {"uv": [0, 0, 16, 1], "texture": "#barrel"},
				"up": {"uv": [0, 0, 1, 16], "texture": "#barrel"},
				"down": {"uv": [0, 0, 1, 16], "texture": "#barrel"}
			}
		},
		{
			"from": [8.5, 2.3, -16],
			"to": [9.5, 3.3, 21],
			"rotation": {"angle": -45, "axis": "z", "origin": [9, 3, 0]},
			"faces": {
				"north": {"uv": [0, 0, 1, 1], "texture": "#barrel"},
				"east": {"uv": [0, 0, 16, 1], "texture": "#barrel"},
				"south": {"uv": [0, 0, 1, 1], "texture": "#barrel"},
				"west": {"uv": [0, 0, 16, 1], "texture": "#barrel"},
				"up": {"uv": [0, 0, 1, 16], "texture": "#barrel"},
				"down": {"uv": [0, 0, 1, 16], "texture": "#barrel"}
			}
		},
		{
			"from": [8.3, 0.5, -16],
			"to": [9.3, 1.5, 21],
			"rotation": {"angle": -45, "axis": "z", "origin": [9, 1, 0]},
			"faces": {
				"north": {"uv": [0, 0, 1, 1], "texture": "#barrel"},
				"east": {"uv": [0, 0, 16, 1], "texture": "#barrel"},
				"south": {"uv": [0, 0, 1, 1], "texture": "#barrel"},
				"west": {"uv": [0, 0, 16, 1], "texture": "#barrel"},
				"up": {"uv": [0, 0, 1, 16], "texture": "#barrel"},
				"down": {"uv": [0, 0, 1, 16], "texture": "#barrel"}
			}
		},
		{
			"from": [6.7, 0.5, -16],
			"to": [7.7, 1.5, 21],
			"rotation": {"angle": 45, "axis": "z", "origin": [7, 1, 0]},
			"faces": {
				"north": {"uv": [0, 0, 1, 1], "texture": "#barrel"},
				"east": {"uv": [0, 0, 16, 1], "texture": "#barrel"},
				"south": {"uv": [0, 0, 1, 1], "texture": "#barrel"},
				"west": {"uv": [0, 0, 16, 1], "texture": "#barrel"},
				"up": {"uv": [0, 0, 1, 16], "texture": "#barrel"},
				"down": {"uv": [0, 0, 1, 16], "texture": "#barrel"}
			}
		},
		{
			"from": [6.9, 0.2, -15],
			"to": [9.1, 3.8, -14.6],
			"rotation": {"angle": 0, "axis": "y", "origin": [8, 8, -1]},
			"faces": {
				"north": {"uv": [1, 1, 4.6, 4.6], "texture": "#detail"},
				"east": {"uv": [0, 0, 0.4, 3.6], "texture": "#detail"},
				"south": {"uv": [0, 0, 3.6, 3.6], "texture": "#detail"},
				"west": {"uv": [0, 0, 0.4, 3.6], "texture": "#detail"},
				"up": {"uv": [0, 0, 3.6, 0.4], "texture": "#detail"},
				"down": {"uv": [0, 0, 3.6, 0.4], "texture": "#detail"}
			}
		},
		{
			"from": [7, 3, 21],
			"to": [9, 4, 28],
			"rotation": {"angle": 0, "axis": "y", "origin": [8, 8, 20]},
			"faces": {
				"north": {"uv": [1, 1, 3, 2], "texture": "#base", "tintindex": 0},
				"east": {"uv": [1, 1, 8, 2], "texture": "#base", "tintindex": 0},
				"south": {"uv": [1, 1, 3, 2], "texture": "#base", "tintindex": 0},
				"west": {"uv": [1, 1, 8, 2], "texture": "#base", "tintindex": 0},
				"up": {"uv": [1, 1, 3, 8], "texture": "#base", "tintindex": 0}
			}
		},
		{
			"from": [5.59, 3, 21],
			"to": [7, 4, 28],
			"rotation": {"angle": 45, "axis": "z", "origin": [7, 4, 20]},
			"faces": {
				"north": {"uv": [1, 1, 2.41, 2], "texture": "#base", "tintindex": 0},
				"south": {"uv": [1, 1, 2.41, 2], "texture": "#base", "tintindex": 0},
				"west": {"uv": [1, 1, 8, 2], "texture": "#base", "tintindex": 0},
				"up": {"uv": [1, 1, 2.41, 8], "texture": "#base", "tintindex": 0}
			}
		},
		{
			"from": [9, 3, 21],
			"to": [10.41, 4, 28],
			"rotation": {"angle": -45, "axis": "z", "origin": [9, 4, 20]},
			"faces": {
				"north": {"uv": [1, 1, 2.41, 2], "texture": "#base", "tintindex": 0},
				"east": {"uv": [1, 1, 8, 2], "texture": "#base", "tintindex": 0},
				"south": {"uv": [1, 1, 2.41, 2], "texture": "#base", "tintindex": 0},
				"up": {"uv": [1, 1, 2.41, 8], "texture": "#base", "tintindex": 0}
			}
		},
		{
			"from": [7.5, 2.05, 30.5],
			"to": [8.5, 3.26, 31.5],
			"rotation": {"angle": -45, "axis": "x", "origin": [10, 2.05, 31.5]},
			"faces": {
				"north": {"uv": [0, 0, 1, 1], "texture": "#detail"},
				"east": {"uv": [1, 0, 2, 1], "texture": "#detail"},
				"south": {"uv": [0, 0, 1.4, 1.5], "texture": "#detail"},
				"west": {"uv": [0, 0, 1, 1], "texture": "#detail"},
				"up": {"uv": [0, 0, 1.4, 1], "texture": "#detail"},
				"down": {"uv": [0, 0, 1.4, 1], "texture": "#detail"}
			}
		},
		{
			"from": [5.5, 4.2, 20.3],
			"to": [6.78, 5.2, 21.5],
			"rotation": {"angle": 45, "axis": "z", "origin": [6, 4, 23]},
			"faces": {
				"north": {"uv": [0, 0, 1.28, 1], "texture": "#detail"},
				"east": {"uv": [0, 0, 1.2, 1], "texture": "#detail"},
				"south": {"uv": [0, 0, 1.28, 1], "texture": "#detail"},
				"west": {"uv": [0, 0, 1.2, 1], "texture": "#detail"},
				"up": {"uv": [0, 0, 1.28, 1.2], "texture": "#detail"},
				"down": {"uv": [0, 0, 1.28, 1.2], "texture": "#detail"}
			}
		},
		{
			"from": [9.22, 4.2, 20.3],
			"to": [10.5, 5.2, 21.5],
			"rotation": {"angle": -45, "axis": "z", "origin": [10, 4, 23]},
			"faces": {
				"north": {"uv": [0, 0, 1.28, 1], "texture": "#detail"},
				"east": {"uv": [0, 0, 1.2, 1], "texture": "#detail"},
				"south": {"uv": [0, 0, 1.28, 1], "texture": "#detail"},
				"west": {"uv": [0, 0, 1.2, 1], "texture": "#detail"},
				"up": {"uv": [0, 0, 1.28, 1.2], "texture": "#detail"},
				"down": {"uv": [0, 0, 1.28, 1.2], "texture": "#detail"}
			}
		},
		{
			"from": [5.5, 5.4, 20.5],
			"to": [6.63, 6.2, 21.3],
			"rotation": {"angle": 45, "axis": "z", "origin": [5.5, 6.2, 21]},
			"faces": {
				"north": {"uv": [0, 0, 1.13, 0.8], "texture": "#barrel"},
				"east": {"uv": [0, 0, 0.8, 0.8], "texture": "#barrel"},
				"south": {"uv": [0, 0, 1.13, 0.8], "texture": "#barrel"},
				"west": {"uv": [0, 0, 0.8, 0.8], "texture": "#barrel"},
				"up": {"uv": [0, 0, 1.13, 0.8], "texture": "#barrel"},
				"down": {"uv": [0, 0, 1.13, 0.8], "texture": "#barrel"}
			}
		},
		{
			"from": [9.37, 5.4, 20.5],
			"to": [10.5, 6.2, 21.3],
			"rotation": {"angle": -45, "axis": "z", "origin": [10.5, 6.2, 21]},
			"faces": {
				"north": {"uv": [0, 0, 1.13, 0.8], "texture": "#barrel"},
				"east": {"uv": [0, 0, 0.8, 0.8], "texture": "#barrel"},
				"south": {"uv": [0, 0, 1.13, 0.8], "texture": "#barrel"},
				"west": {"uv": [0, 0, 0.8, 0.8], "texture": "#barrel"},
				"up": {"uv": [0, 0, 1.13, 0.8], "texture": "#barrel"},
				"down": {"uv": [0, 0, 1.13, 0.8], "texture": "#barrel"}
			}
		},
		{
			"from": [11, 0, 22],
			"to": [11.5, 1, 27],
			"rotation": {"angle": 0, "axis": "y", "origin": [8, 8, 20]},
			"faces": {
				"north": {"uv": [0, 0, 0.5, 1], "texture": "#detail"},
				"east": {"uv": [0, 0, 5, 1], "texture": "#detail"},
				"south": {"uv": [0, 0, 0.5, 1], "texture": "#detail"}
			}
		},
		{
			"from": [11, 1, 22],
			"to": [11.5, 1.7, 27],
			"rotation": {"angle": 45, "axis": "z", "origin": [11.5, 1, 22]},
			"faces": {
				"north": {"uv": [0, 0, 0.5, 0.7], "texture": "#detail"},
				"east": {"uv": [0, 0, 5, 0.7], "texture": "#detail"},
				"south": {"uv": [0, 0, 0.5, 0.7], "texture": "#detail"},
				"up": {"uv": [0, 0, 0.5, 5], "texture": "#detail"}
			}
		},
		{
			"from": [11, -0.7, 22],
			"to": [11.5, 0, 27],
			"rotation": {"angle": -45, "axis": "z", "origin": [11.5, 0, 22]},
			"faces": {
				"north": {"uv": [0, 0, 0.5, 0.7], "texture": "#detail"},
				"east": {"uv": [0, 0, 5, 0.7], "texture": "#detail"},
				"south": {"uv": [0, 0, 0.5, 0.7], "texture": "#detail"},
				"up": {"uv": [0, 0, 0.5, 5], "texture": "#detail"},
				"down": {"uv": [0, 0, 0.5, 5], "texture": "#detail"}
			}
		},
		{
			"from": [10, -0.5, 22],
			"to": [10.5, 0.2, 27],
			"rotation": {"angle": 45, "axis": "z", "origin": [10, -0.5, 22]},
			"faces": {
				"north": {"uv": [0, 0, 0.5, 0.7], "texture": "#detail"},
				"south": {"uv": [0, 0, 0.5, 0.7], "texture": "#detail"},
				"west": {"uv": [0, 0, 5, 0.7], "texture": "#detail"}
			}
		},
		{
			"from": [5.95, 2, 21.1],
			"to": [10.05, 2.5, 27.9],
			"rotation": {"angle": 0, "axis": "y", "origin": [8, 8, 20]},
			"faces": {
				"north": {"uv": [0, 0, 4.1, 0.5], "texture": "#barrel"},
				"east": {"uv": [0, 0, 6.8, 0.5], "texture": "#barrel"},
				"south": {"uv": [0, 0, 4.1, 0.5], "texture": "#barrel"},
				"west": {"uv": [0, 0, 6.8, 0.5], "texture": "#barrel"},
				"up": {"uv": [0, 0, 4.1, 6.8], "texture": "#barrel"},
				"down": {"uv": [0, 0, 4.1, 6.8], "texture": "#barrel"}
			}
		},
		{
			"from": [6.2, 0.9, -15],
			"to": [9.8, 3.1, -14.6],
			"rotation": {"angle": 0, "axis": "y", "origin": [8, 8, -1]},
			"faces": {
				"north": {"uv": [1, 1, 4.6, 4.6], "texture": "#detail"},
				"east": {"uv": [0, 0, 0.4, 3.6], "texture": "#detail"},
				"south": {"uv": [0, 0, 3.6, 3.6], "texture": "#detail"},
				"west": {"uv": [0, 0, 0.4, 3.6], "texture": "#detail"},
				"up": {"uv": [0, 0, 3.6, 0.4], "texture": "#detail"},
				"down": {"uv": [0, 0, 3.6, 0.4], "texture": "#detail"}
			}
		},
		{
			"from": [6.2, 3.1, -15],
			"to": [10.3, 4.09, -14.6],
			"rotation": {"angle": -45, "axis": "z", "origin": [6.2, 3.1, -13]},
			"faces": {
				"north": {"uv": [1, 1, 4.6, 4.6], "texture": "#detail"},
				"east": {"uv": [0, 0, 0.4, 3.6], "texture": "#detail"},
				"south": {"uv": [0, 0, 3.6, 3.6], "texture": "#detail"},
				"west": {"uv": [0, 0, 0.4, 3.6], "texture": "#detail"},
				"up": {"uv": [0, 0, 3.6, 0.4], "texture": "#detail"},
				"down": {"uv": [0, 0, 3.6, 0.4], "texture": "#detail"}
			}
		},
		{
			"from": [5.7, 3.1, -15],
			"to": [9.8, 4.09, -14.6],
			"rotation": {"angle": 45, "axis": "z", "origin": [9.8, 3.1, -13]},
			"faces": {
				"north": {"uv": [1, 1, 4.6, 4.6], "texture": "#detail"},
				"east": {"uv": [0, 0, 0.4, 3.6], "texture": "#detail"},
				"south": {"uv": [0, 0, 3.6, 3.6], "texture": "#detail"},
				"west": {"uv": [0, 0, 0.4, 3.6], "texture": "#detail"},
				"up": {"uv": [0, 0, 3.6, 0.4], "texture": "#detail"},
				"down": {"uv": [0, 0, 3.6, 0.4], "texture": "#detail"}
			}
		},
		{
			"from": [6.9, 0.2, -13],
			"to": [9.1, 3.8, -12.6],
			"rotation": {"angle": 0, "axis": "y", "origin": [8, 8, -1]},
			"faces": {
				"north": {"uv": [1, 1, 4.6, 4.6], "texture": "#detail"},
				"east": {"uv": [0, 0, 0.4, 3.6], "texture": "#detail"},
				"south": {"uv": [0, 0, 3.6, 3.6], "texture": "#detail"},
				"west": {"uv": [0, 0, 0.4, 3.6], "texture": "#detail"},
				"up": {"uv": [0, 0, 3.6, 0.4], "texture": "#detail"},
				"down": {"uv": [0, 0, 3.6, 0.4], "texture": "#detail"}
			}
		},
		{
			"from": [6.9, 0.2, -8],
			"to": [9.1, 3.8, -7.6],
			"rotation": {"angle": 0, "axis": "y", "origin": [8, 8, -1]},
			"faces": {
				"north": {"uv": [1, 1, 4.6, 4.6], "texture": "#detail"},
				"east": {"uv": [0, 0, 0.4, 3.6], "texture": "#detail"},
				"south": {"uv": [0, 0, 3.6, 3.6], "texture": "#detail"},
				"west": {"uv": [0, 0, 0.4, 3.6], "texture": "#detail"},
				"up": {"uv": [0, 0, 3.6, 0.4], "texture": "#detail"},
				"down": {"uv": [0, 0, 3.6, 0.4], "texture": "#detail"}
			}
		},
		{
			"from": [6.9, 0.2, -3],
			"to": [9.1, 3.8, -2.6],
			"rotation": {"angle": 0, "axis": "y", "origin": [8, 8, -1]},
			"faces": {
				"north": {"uv": [1, 1, 4.6, 4.6], "texture": "#detail"},
				"east": {"uv": [0, 0, 0.4, 3.6], "texture": "#detail"},
				"south": {"uv": [0, 0, 3.6, 3.6], "texture": "#detail"},
				"west": {"uv": [0, 0, 0.4, 3.6], "texture": "#detail"},
				"up": {"uv": [0, 0, 3.6, 0.4], "texture": "#detail"},
				"down": {"uv": [0, 0, 3.6, 0.4], "texture": "#detail"}
			}
		},
		{
			"from": [5.7, 3.1, 3],
			"to": [9.8, 4.09, 3.4],
			"rotation": {"angle": 45, "axis": "z", "origin": [9.8, 3.1, -7]},
			"faces": {
				"north": {"uv": [1, 1, 4.6, 4.6], "texture": "#detail"},
				"east": {"uv": [0, 0, 0.4, 3.6], "texture": "#detail"},
				"south": {"uv": [0, 0, 3.6, 3.6], "texture": "#detail"},
				"west": {"uv": [0, 0, 0.4, 3.6], "texture": "#detail"},
				"up": {"uv": [0, 0, 3.6, 0.4], "texture": "#detail"},
				"down": {"uv": [0, 0, 3.6, 0.4], "texture": "#detail"}
			}
		},
		{
			"from": [6.2, 0.9, 3],
			"to": [9.8, 3.1, 3.4],
			"rotation": {"angle": 0, "axis": "y", "origin": [8, 8, 5]},
			"faces": {
				"north": {"uv": [1, 1, 4.6, 4.6], "texture": "#detail"},
				"east": {"uv": [0, 0, 0.4, 3.6], "texture": "#detail"},
				"south": {"uv": [0, 0, 3.6, 3.6], "texture": "#detail"},
				"west": {"uv": [0, 0, 0.4, 3.6], "texture": "#detail"},
				"up": {"uv": [0, 0, 3.6, 0.4], "texture": "#detail"},
				"down": {"uv": [0, 0, 3.6, 0.4], "texture": "#detail"}
			}
		},
		{
			"from": [6.2, 3.1, 3],
			"to": [10.3, 4.09, 3.4],
			"rotation": {"angle": -45, "axis": "z", "origin": [6.2, 3.1, -7]},
			"faces": {
				"north": {"uv": [1, 1, 4.6, 4.6], "texture": "#detail"},
				"east": {"uv": [0, 0, 0.4, 3.6], "texture": "#detail"},
				"south": {"uv": [0, 0, 3.6, 3.6], "texture": "#detail"},
				"west": {"uv": [0, 0, 0.4, 3.6], "texture": "#detail"},
				"up": {"uv": [0, 0, 3.6, 0.4], "texture": "#detail"},
				"down": {"uv": [0, 0, 3.6, 0.4], "texture": "#detail"}
			}
		},
		{
			"from": [6.9, 0.2, 3],
			"to": [9.1, 3.8, 3.4],
			"rotation": {"angle": 0, "axis": "y", "origin": [8, 8, 5]},
			"faces": {
				"north": {"uv": [1, 1, 4.6, 4.6], "texture": "#detail"},
				"east": {"uv": [0, 0, 0.4, 3.6], "texture": "#detail"},
				"south": {"uv": [0, 0, 3.6, 3.6], "texture": "#detail"},
				"west": {"uv": [0, 0, 0.4, 3.6], "texture": "#detail"},
				"up": {"uv": [0, 0, 3.6, 0.4], "texture": "#detail"},
				"down": {"uv": [0, 0, 3.6, 0.4], "texture": "#detail"}
			}
		},
		{
			"from": [5.7, 3.1, 9],
			"to": [9.8, 4.09, 9.4],
			"rotation": {"angle": 45, "axis": "z", "origin": [9.8, 3.1, -1]},
			"faces": {
				"north": {"uv": [1, 1, 4.6, 4.6], "texture": "#detail"},
				"east": {"uv": [0, 0, 0.4, 3.6], "texture": "#detail"},
				"south": {"uv": [0, 0, 3.6, 3.6], "texture": "#detail"},
				"west": {"uv": [0, 0, 0.4, 3.6], "texture": "#detail"},
				"up": {"uv": [0, 0, 3.6, 0.4], "texture": "#detail"},
				"down": {"uv": [0, 0, 3.6, 0.4], "texture": "#detail"}
			}
		},
		{
			"from": [6.2, 0.9, 9],
			"to": [9.8, 3.1, 9.4],
			"rotation": {"angle": 0, "axis": "y", "origin": [8, 8, 11]},
			"faces": {
				"north": {"uv": [1, 1, 4.6, 4.6], "texture": "#detail"},
				"east": {"uv": [0, 0, 0.4, 3.6], "texture": "#detail"},
				"south": {"uv": [0, 0, 3.6, 3.6], "texture": "#detail"},
				"west": {"uv": [0, 0, 0.4, 3.6], "texture": "#detail"},
				"up": {"uv": [0, 0, 3.6, 0.4], "texture": "#detail"},
				"down": {"uv": [0, 0, 3.6, 0.4], "texture": "#detail"}
			}
		},
		{
			"from": [6.2, 3.1, 9],
			"to": [10.3, 4.09, 9.4],
			"rotation": {"angle": -45, "axis": "z", "origin": [6.2, 3.1, -1]},
			"faces": {
				"north": {"uv": [1, 1, 4.6, 4.6], "texture": "#detail"},
				"east": {"uv": [0, 0, 0.4, 3.6], "texture": "#detail"},
				"south": {"uv": [0, 0, 3.6, 3.6], "texture": "#detail"},
				"west": {"uv": [0, 0, 0.4, 3.6], "texture": "#detail"},
				"up": {"uv": [0, 0, 3.6, 0.4], "texture": "#detail"},
				"down": {"uv": [0, 0, 3.6, 0.4], "texture": "#detail"}
			}
		},
		{
			"from": [6.9, 0.2, 9],
			"to": [9.1, 3.8, 9.4],
			"rotation": {"angle": 0, "axis": "y", "origin": [8, 8, 11]},
			"faces": {
				"north": {"uv": [1, 1, 4.6, 4.6], "texture": "#detail"},
				"east": {"uv": [0, 0, 0.4, 3.6], "texture": "#detail"},
				"south": {"uv": [0, 0, 3.6, 3.6], "texture": "#detail"},
				"west": {"uv": [0, 0, 0.4, 3.6], "texture": "#detail"},
				"up": {"uv": [0, 0, 3.6, 0.4], "texture": "#detail"},
				"down": {"uv": [0, 0, 3.6, 0.4], "texture": "#detail"}
			}
		},
		{
			"from": [5.7, 3.1, 15],
			"to": [9.8, 4.09, 15.4],
			"rotation": {"angle": 45, "axis": "z", "origin": [9.8, 3.1, 5]},
			"faces": {
				"north": {"uv": [1, 1, 4.6, 4.6], "texture": "#detail"},
				"east": {"uv": [0, 0, 0.4, 3.6], "texture": "#detail"},
				"south": {"uv": [0, 0, 3.6, 3.6], "texture": "#detail"},
				"west": {"uv": [0, 0, 0.4, 3.6], "texture": "#detail"},
				"up": {"uv": [0, 0, 3.6, 0.4], "texture": "#detail"},
				"down": {"uv": [0, 0, 3.6, 0.4], "texture": "#detail"}
			}
		},
		{
			"from": [6.2, 0.9, 15],
			"to": [9.8, 3.1, 15.4],
			"rotation": {"angle": 0, "axis": "y", "origin": [8, 8, 17]},
			"faces": {
				"north": {"uv": [1, 1, 4.6, 4.6], "texture": "#detail"},
				"east": {"uv": [0, 0, 0.4, 3.6], "texture": "#detail"},
				"south": {"uv": [0, 0, 3.6, 3.6], "texture": "#detail"},
				"west": {"uv": [0, 0, 0.4, 3.6], "texture": "#detail"},
				"up": {"uv": [0, 0, 3.6, 0.4], "texture": "#detail"},
				"down": {"uv": [0, 0, 3.6, 0.4], "texture": "#detail"}
			}
		},
		{
			"from": [6.2, 3.1, 15],
			"to": [10.3, 4.09, 15.4],
			"rotation": {"angle": -45, "axis": "z", "origin": [6.2, 3.1, 5]},
			"faces": {
				"north": {"uv": [1, 1, 4.6, 4.6], "texture": "#detail"},
				"east": {"uv": [0, 0, 0.4, 3.6], "texture": "#detail"},
				"south": {"uv": [0, 0, 3.6, 3.6], "texture": "#detail"},
				"west": {"uv": [0, 0, 0.4, 3.6], "texture": "#detail"},
				"up": {"uv": [0, 0, 3.6, 0.4], "texture": "#detail"},
				"down": {"uv": [0, 0, 3.6, 0.4], "texture": "#detail"}
			}
		},
		{
			"from": [6.9, 0.2, 15],
			"to": [9.1, 3.8, 15.4],
			"rotation": {"angle": 0, "axis": "y", "origin": [8, 8, 17]},
			"faces": {
				"north": {"uv": [1, 1, 4.6, 4.6], "texture": "#detail"},
				"east": {"uv": [0, 0, 0.4, 3.6], "texture": "#detail"},
				"south": {"uv": [0, 0, 3.6, 3.6], "texture": "#detail"},
				"west": {"uv": [0, 0, 0.4, 3.6], "texture": "#detail"},
				"up": {"uv": [0, 0, 3.6, 0.4], "texture": "#detail"},
				"down": {"uv": [0, 0, 3.6, 0.4], "texture": "#detail"}
			}
		},
		{
			"from": [6.9, 0.2, 20.6],
			"to": [9.1, 3.8, 21],
			"rotation": {"angle": 0, "axis": "y", "origin": [8, 8, 20]},
			"faces": {
				"north": {"uv": [1, 1, 4.6, 4.6], "texture": "#detail"},
				"east": {"uv": [0, 0, 0.4, 3.6], "texture": "#detail"},
				"south": {"uv": [0, 0, 3.6, 3.6], "texture": "#detail"},
				"west": {"uv": [0, 0, 0.4, 3.6], "texture": "#detail"},
				"up": {"uv": [0, 0, 3.6, 0.4], "texture": "#detail"},
				"down": {"uv": [0, 0, 3.6, 0.4], "texture": "#detail"}
			}
		},
		{
			"from": [6.2, 0.9, -13],
			"to": [9.8, 3.1, -12.6],
			"rotation": {"angle": 0, "axis": "y", "origin": [8, 8, -1]},
			"faces": {
				"north": {"uv": [1, 1, 4.6, 4.6], "texture": "#detail"},
				"east": {"uv": [0, 0, 0.4, 3.6], "texture": "#detail"},
				"south": {"uv": [0, 0, 3.6, 3.6], "texture": "#detail"},
				"west": {"uv": [0, 0, 0.4, 3.6], "texture": "#detail"},
				"up": {"uv": [0, 0, 3.6, 0.4], "texture": "#detail"},
				"down": {"uv": [0, 0, 3.6, 0.4], "texture": "#detail"}
			}
		},
		{
			"from": [6.2, 0.9, -8],
			"to": [9.8, 3.1, -7.6],
			"rotation": {"angle": 0, "axis": "y", "origin": [8, 8, -1]},
			"faces": {
				"north": {"uv": [1, 1, 4.6, 4.6], "texture": "#detail"},
				"east": {"uv": [0, 0, 0.4, 3.6], "texture": "#detail"},
				"south": {"uv": [0, 0, 3.6, 3.6], "texture": "#detail"},
				"west": {"uv": [0, 0, 0.4, 3.6], "texture": "#detail"},
				"up": {"uv": [0, 0, 3.6, 0.4], "texture": "#detail"},
				"down": {"uv": [0, 0, 3.6, 0.4], "texture": "#detail"}
			}
		},
		{
			"from": [6.2, 0.9, -3],
			"to": [9.8, 3.1, -2.6],
			"rotation": {"angle": 0, "axis": "y", "origin": [8, 8, -1]},
			"faces": {
				"north": {"uv": [1, 1, 4.6, 4.6], "texture": "#detail"},
				"east": {"uv": [0, 0, 0.4, 3.6], "texture": "#detail"},
				"south": {"uv": [0, 0, 3.6, 3.6], "texture": "#detail"},
				"west": {"uv": [0, 0, 0.4, 3.6], "texture": "#detail"},
				"up": {"uv": [0, 0, 3.6, 0.4], "texture": "#detail"},
				"down": {"uv": [0, 0, 3.6, 0.4], "texture": "#detail"}
			}
		},
		{
			"from": [6.2, 0.9, 20.6],
			"to": [9.8, 3.1, 21],
			"rotation": {"angle": 0, "axis": "y", "origin": [8, 8, 20]},
			"faces": {
				"north": {"uv": [1, 1, 4.6, 4.6], "texture": "#detail"},
				"east": {"uv": [0, 0, 0.4, 3.6], "texture": "#detail"},
				"south": {"uv": [0, 0, 3.6, 3.6], "texture": "#detail"},
				"west": {"uv": [0, 0, 0.4, 3.6], "texture": "#detail"},
				"up": {"uv": [0, 0, 3.6, 0.4], "texture": "#detail"},
				"down": {"uv": [0, 0, 3.6, 0.4], "texture": "#detail"}
			}
		},
		{
			"from": [6.2, 3.1, -13],
			"to": [10.3, 4.09, -12.6],
			"rotation": {"angle": -45, "axis": "z", "origin": [6.2, 3.1, -13]},
			"faces": {
				"north": {"uv": [1, 1, 4.6, 4.6], "texture": "#detail"},
				"east": {"uv": [0, 0, 0.4, 3.6], "texture": "#detail"},
				"south": {"uv": [0, 0, 3.6, 3.6], "texture": "#detail"},
				"west": {"uv": [0, 0, 0.4, 3.6], "texture": "#detail"},
				"up": {"uv": [0, 0, 3.6, 0.4], "texture": "#detail"},
				"down": {"uv": [0, 0, 3.6, 0.4], "texture": "#detail"}
			}
		},
		{
			"from": [6.2, 3.1, -8],
			"to": [10.3, 4.09, -7.6],
			"rotation": {"angle": -45, "axis": "z", "origin": [6.2, 3.1, -13]},
			"faces": {
				"north": {"uv": [1, 1, 4.6, 4.6], "texture": "#detail"},
				"east": {"uv": [0, 0, 0.4, 3.6], "texture": "#detail"},
				"south": {"uv": [0, 0, 3.6, 3.6], "texture": "#detail"},
				"west": {"uv": [0, 0, 0.4, 3.6], "texture": "#detail"},
				"up": {"uv": [0, 0, 3.6, 0.4], "texture": "#detail"},
				"down": {"uv": [0, 0, 3.6, 0.4], "texture": "#detail"}
			}
		},
		{
			"from": [6.2, 3.1, -3],
			"to": [10.3, 4.09, -2.6],
			"rotation": {"angle": -45, "axis": "z", "origin": [6.2, 3.1, -13]},
			"faces": {
				"north": {"uv": [1, 1, 4.6, 4.6], "texture": "#detail"},
				"east": {"uv": [0, 0, 0.4, 3.6], "texture": "#detail"},
				"south": {"uv": [0, 0, 3.6, 3.6], "texture": "#detail"},
				"west": {"uv": [0, 0, 0.4, 3.6], "texture": "#detail"},
				"up": {"uv": [0, 0, 3.6, 0.4], "texture": "#detail"},
				"down": {"uv": [0, 0, 3.6, 0.4], "texture": "#detail"}
			}
		},
		{
			"from": [6.2, 3.1, 20.6],
			"to": [10.3, 4.09, 21],
			"rotation": {"angle": -45, "axis": "z", "origin": [6.2, 3.1, 8]},
			"faces": {
				"north": {"uv": [1, 1, 4.6, 4.6], "texture": "#detail"},
				"east": {"uv": [0, 0, 0.4, 3.6], "texture": "#detail"},
				"south": {"uv": [0, 0, 3.6, 3.6], "texture": "#detail"},
				"west": {"uv": [0, 0, 0.4, 3.6], "texture": "#detail"},
				"up": {"uv": [0, 0, 3.6, 0.4], "texture": "#detail"},
				"down": {"uv": [0, 0, 3.6, 0.4], "texture": "#detail"}
			}
		},
		{
			"from": [5.7, 3.1, -13],
			"to": [9.8, 4.09, -12.6],
			"rotation": {"angle": 45, "axis": "z", "origin": [9.8, 3.1, -13]},
			"faces": {
				"north": {"uv": [1, 1, 4.6, 4.6], "texture": "#detail"},
				"east": {"uv": [0, 0, 0.4, 3.6], "texture": "#detail"},
				"south": {"uv": [0, 0, 3.6, 3.6], "texture": "#detail"},
				"west": {"uv": [0, 0, 0.4, 3.6], "texture": "#detail"},
				"up": {"uv": [0, 0, 3.6, 0.4], "texture": "#detail"},
				"down": {"uv": [0, 0, 3.6, 0.4], "texture": "#detail"}
			}
		},
		{
			"from": [5.7, 3.1, -8],
			"to": [9.8, 4.09, -7.6],
			"rotation": {"angle": 45, "axis": "z", "origin": [9.8, 3.1, -13]},
			"faces": {
				"north": {"uv": [1, 1, 4.6, 4.6], "texture": "#detail"},
				"east": {"uv": [0, 0, 0.4, 3.6], "texture": "#detail"},
				"south": {"uv": [0, 0, 3.6, 3.6], "texture": "#detail"},
				"west": {"uv": [0, 0, 0.4, 3.6], "texture": "#detail"},
				"up": {"uv": [0, 0, 3.6, 0.4], "texture": "#detail"},
				"down": {"uv": [0, 0, 3.6, 0.4], "texture": "#detail"}
			}
		},
		{
			"from": [5.7, 3.1, -3],
			"to": [9.8, 4.09, -2.6],
			"rotation": {"angle": 45, "axis": "z", "origin": [9.8, 3.1, -13]},
			"faces": {
				"north": {"uv": [1, 1, 4.6, 4.6], "texture": "#detail"},
				"east": {"uv": [0, 0, 0.4, 3.6], "texture": "#detail"},
				"south": {"uv": [0, 0, 3.6, 3.6], "texture": "#detail"},
				"west": {"uv": [0, 0, 0.4, 3.6], "texture": "#detail"},
				"up": {"uv": [0, 0, 3.6, 0.4], "texture": "#detail"},
				"down": {"uv": [0, 0, 3.6, 0.4], "texture": "#detail"}
			}
		},
		{
			"from": [5.7, 3.1, 20.6],
			"to": [9.8, 4.09, 21],
			"rotation": {"angle": 45, "axis": "z", "origin": [9.8, 3.1, 8]},
			"faces": {
				"north": {"uv": [1, 1, 4.6, 4.6], "texture": "#detail"},
				"east": {"uv": [0, 0, 0.4, 3.6], "texture": "#detail"},
				"south": {"uv": [0, 0, 3.6, 3.6], "texture": "#detail"},
				"west": {"uv": [0, 0, 0.4, 3.6], "texture": "#detail"},
				"up": {"uv": [0, 0, 3.6, 0.4], "texture": "#detail"},
				"down": {"uv": [0, 0, 3.6, 0.4], "texture": "#detail"}
			}
		}
	],
	"display": {
		"thirdperson_righthand": {
			"rotation": [75, 0, 0],
			"translation": [0, 10, 4]
		},
		"firstperson_righthand": {
			"translation": [-3.5, 7.5, 3],
			"scale": [0.8, 0.8, 0.8]
		},
		"ground": {
			"translation": [0, 5, 0]
		},
		"gui": {
			"rotation": [30, 225, 0],
			"translation": [-1, 3, 0],
			"scale": [0.75, 0.75, 0.75]
		},
		"fixed": {
			"rotation": [0, 90, 0],
			"translation": [-0.5, 10, 0],
			"scale": [2, 2, 2]
		}
	}
}