{
	"credit": "Made with Blockbench",
	"textures": {
		"11": "cgm:blocks/concrete_gray",
		"barrel": "cgm:blocks/concrete_silver",
		"base": "cgm:blocks/concrete_white"
	},
	"elements": [
		{
			"from": [7.2, 2.3, 24.2],
			"to": [8.8, 2.7, 26.2],
			"rotation": {"angle": 0, "axis": "y", "origin": [8, 8, 19]},
			"faces": {
				"north": {"uv": [1, 1, 2.6, 3], "texture": "#base", "tintindex": 0},
				"east": {"uv": [1, 3, 3, 10], "rotation": 270, "texture": "#base", "tintindex": 0},
				"south": {"uv": [1, 1, 3.6, 4], "texture": "#base", "tintindex": 0},
				"west": {"uv": [1, 3, 3, 10], "rotation": 90, "texture": "#base", "tintindex": 0},
				"down": {"uv": [1, 1, 6.6, 3], "rotation": 90, "texture": "#base", "tintindex": 0}
			}
		},
		{
			"from": [7.4, -0.1, 24.7],
			"to": [8.6, 3, 26],
			"rotation": {"angle": -22.5, "axis": "x", "origin": [8, 4.5, 26]},
			"faces": {
				"north": {"uv": [0, 0, 1.2, 4.7], "texture": "#11"},
				"east": {"uv": [0, 0, 5, 16], "texture": "#11"},
				"south": {"uv": [0, 0, 5, 16], "texture": "#11"},
				"west": {"uv": [0, 0, 5, 16], "texture": "#11"},
				"down": {"uv": [0, 0, 5, 5], "texture": "#11"}
			}
		},
		{
			"from": [7.9, 1.3, 24.5],
			"to": [8.1, 2.3, 24.7],
			"rotation": {"angle": 0, "axis": "y", "origin": [8, 8, 19]},
			"faces": {
				"east": {"uv": [0, 0, 0.2, 1], "texture": "#barrel"},
				"south": {"uv": [0, 0, 0.2, 1], "texture": "#barrel"},
				"west": {"uv": [0, 0, 0.2, 1], "texture": "#barrel"}
			}
		},
		{
			"from": [7.9, 1.3, 24.5],
			"to": [8.1, 1.5, 26.2],
			"rotation": {"angle": 0, "axis": "y", "origin": [8, 8, 19]},
			"faces": {
				"east": {"uv": [0, 0, 1.7, 0.2], "texture": "#barrel"},
				"south": {"uv": [0, 0, 4.2, -4.8], "texture": "#barrel"},
				"west": {"uv": [0, 0, 1.7, 0.2], "texture": "#barrel"},
				"up": {"uv": [0, 0, 0.2, 1.7], "texture": "#barrel"},
				"down": {"uv": [0, 0, 0.2, 1.7], "texture": "#barrel"}
			}
		},
		{
			"from": [7.4, 3.3, 26.6],
			"to": [8.6, 4, 31.8],
			"rotation": {"angle": 0, "axis": "y", "origin": [8, 8, 19]},
			"faces": {
				"east": {"uv": [0, 0, 14, 4], "texture": "#11"},
				"west": {"uv": [0, 0, 14, 4], "texture": "#11"},
				"up": {"uv": [0, 0, 14, 4], "rotation": 90, "texture": "#11"},
				"down": {"uv": [0, 0, 14, 4], "rotation": 90, "texture": "#11"}
			}
		},
		{
			"from": [7.7, 1, 30.7],
			"to": [8.3, 3, 31.7],
			"rotation": {"angle": 0, "axis": "y", "origin": [8, 8, 19]},
			"faces": {
				"north": {"uv": [0, 0, 4, 9], "texture": "#11"},
				"east": {"uv": [0, 0, 4, 9], "texture": "#11"},
				"south": {"uv": [0, 0, 4, 9], "texture": "#11"},
				"west": {"uv": [0, 0, 4, 9], "texture": "#11"},
				"down": {"uv": [0, 0, 4, 4], "texture": "#11"}
			}
		},
		{
			"from": [7.7, 0.6, 30.7],
			"to": [8.3, 4.2, 31.7],
			"rotation": {"angle": -45, "axis": "x", "origin": [8, 0.6, 30.7]},
			"faces": {
				"north": {"uv": [0, 0, 4, 13], "texture": "#11"},
				"east": {"uv": [0, 0, 4, 13], "texture": "#11"},
				"south": {"uv": [0, 0, 4, 13], "texture": "#11"},
				"west": {"uv": [0, 0, 4, 13], "texture": "#11"}
			}
		},
		{
			"from": [7.9, 1.7, 25.2],
			"to": [8.1, 2.3, 25.4],
			"rotation": {"angle": 0, "axis": "y", "origin": [8, 8, 19]},
			"faces": {
				"north": {"uv": [0, 0, 0.2, 1], "texture": "#11"},
				"east": {"uv": [0, 0, 0.2, 1], "texture": "#11"},
				"south": {"uv": [0, 0, 0.2, 1], "texture": "#11"},
				"west": {"uv": [0, 0, 0.2, 1], "texture": "#11"},
				"down": {"uv": [0, 0, 0.2, 0.2], "texture": "#11"}
			}
		},
		{
			"from": [7.6, 4, 24.2],
			"to": [8.4, 4.4, 26.6],
			"rotation": {"angle": 0, "axis": "y", "origin": [8, 8, 19]},
			"faces": {
				"north": {"uv": [1, 1, 2.6, 3], "texture": "#base", "tintindex": 0},
				"south": {"uv": [1, 1, 3.6, 4], "texture": "#base", "tintindex": 0},
				"up": {"uv": [1, 3, 2.6, 10], "rotation": 180, "texture": "#base", "tintindex": 0}
			}
		},
		{
			"from": [7.2, 3.6, 24.2],
			"to": [7.766, 4, 26.6],
			"rotation": {"angle": 45, "axis": "z", "origin": [7.2, 4, 21.5]},
			"faces": {
				"north": {"uv": [1, 1, 2.6, 3], "texture": "#base", "tintindex": 0},
				"east": {"uv": [1, 3, 3, 10], "rotation": 270, "texture": "#base", "tintindex": 0},
				"south": {"uv": [1, 1, 3.6, 4], "texture": "#base", "tintindex": 0},
				"west": {"uv": [1, 3, 3, 10], "rotation": 90, "texture": "#base", "tintindex": 0},
				"up": {"uv": [1, 3, 2.6, 10], "rotation": 180, "texture": "#base", "tintindex": 0},
				"down": {"uv": [1, 1, 6.6, 3], "rotation": 90, "texture": "#base", "tintindex": 0}
			}
		},
		{
			"from": [8.234, 3.6, 24.2],
			"to": [8.8, 4, 26.6],
			"rotation": {"angle": -45, "axis": "z", "origin": [8.8, 4, 21.5]},
			"faces": {
				"north": {"uv": [1, 1, 2.6, 3], "texture": "#base", "tintindex": 0},
				"east": {"uv": [1, 3, 3, 10], "rotation": 270, "texture": "#base", "tintindex": 0},
				"south": {"uv": [1, 1, 3.6, 4], "texture": "#base", "tintindex": 0},
				"west": {"uv": [1, 3, 3, 10], "rotation": 90, "texture": "#base", "tintindex": 0},
				"up": {"uv": [1, 3, 2.6, 10], "rotation": 180, "texture": "#base", "tintindex": 0},
				"down": {"uv": [1, 1, 6.6, 3], "rotation": 90, "texture": "#base", "tintindex": 0}
			}
		},
		{
			"from": [7.7, 4, 26.6],
			"to": [8.3, 4.3, 31.8],
			"rotation": {"angle": 0, "axis": "y", "origin": [8, 8, 19]},
			"faces": {
				"east": {"uv": [0, 0, 14, 4], "texture": "#11"},
				"west": {"uv": [0, 0, 14, 4], "texture": "#11"},
				"up": {"uv": [0, 0, 14, 4], "rotation": 90, "texture": "#11"}
			}
		},
		{
			"from": [7.275, 4, 26.6],
			"to": [7.7, 4.3, 31.8],
			"rotation": {"angle": 45, "axis": "z", "origin": [7.7, 4.3, 29]},
			"faces": {
				"east": {"uv": [0, 0, 14, 4], "texture": "#11"},
				"south": {"uv": [0, 0, 4, 4], "texture": "#11"},
				"west": {"uv": [0, 0, 14, 4], "texture": "#11"},
				"up": {"uv": [0, 0, 14, 4], "rotation": 90, "texture": "#11"},
				"down": {"uv": [0, 0, 14, 4], "rotation": 90, "texture": "#11"}
			}
		},
		{
			"from": [8.3, 4, 26.6],
			"to": [8.725, 4.3, 31.8],
			"rotation": {"angle": -45, "axis": "z", "origin": [8.3, 4.3, 29]},
			"faces": {
				"east": {"uv": [0, 0, 14, 4], "texture": "#11"},
				"south": {"uv": [0, 0, 4, 4], "texture": "#11"},
				"west": {"uv": [0, 0, 14, 4], "texture": "#11"},
				"up": {"uv": [0, 0, 14, 4], "rotation": 90, "texture": "#11"},
				"down": {"uv": [0, 0, 14, 4], "rotation": 90, "texture": "#11"}
			}
		},
		{
			"from": [7.4, 3.3, 26.6],
			"to": [7.82, 3.6, 31.8],
			"rotation": {"angle": -45, "axis": "z", "origin": [7.4, 3.3, 29]},
			"faces": {
				"east": {"uv": [0, 0, 14, 4], "texture": "#11"},
				"south": {"uv": [0, 0, 4, 4], "texture": "#11"},
				"west": {"uv": [0, 0, 14, 4], "texture": "#11"},
				"up": {"uv": [0, 0, 14, 4], "rotation": 90, "texture": "#11"},
				"down": {"uv": [0, 0, 14, 4], "rotation": 90, "texture": "#11"}
			}
		},
		{
			"from": [7.7, 3, 26.6],
			"to": [8.3, 3.3, 31.8],
			"rotation": {"angle": 0, "axis": "y", "origin": [8, 8, 19]},
			"faces": {
				"east": {"uv": [0, 0, 14, 4], "texture": "#11"},
				"west": {"uv": [0, 0, 14, 4], "texture": "#11"},
				"down": {"uv": [0, 0, 14, 4], "rotation": 90, "texture": "#11"}
			}
		},
		{
			"from": [8.18, 3.3, 26.6],
			"to": [8.6, 3.6, 31.8],
			"rotation": {"angle": 45, "axis": "z", "origin": [8.6, 3.3, 29]},
			"faces": {
				"east": {"uv": [0, 0, 14, 4], "texture": "#11"},
				"south": {"uv": [0, 0, 4, 4], "texture": "#11"},
				"west": {"uv": [0, 0, 14, 4], "texture": "#11"},
				"up": {"uv": [0, 0, 14, 4], "rotation": 90, "texture": "#11"},
				"down": {"uv": [0, 0, 14, 4], "rotation": 90, "texture": "#11"}
			}
		},
		{
			"from": [7.7, 0.6, 30.7],
			"to": [8.3, 1.1, 31.3],
			"rotation": {"angle": 0, "axis": "y", "origin": [8, 8, 19]},
			"faces": {
				"north": {"uv": [0, 0, 4, 9], "texture": "#11"},
				"east": {"uv": [0, 0, 4, 9], "texture": "#11"},
				"south": {"uv": [0, 0, 4, 9], "texture": "#11"},
				"west": {"uv": [0, 0, 4, 9], "texture": "#11"},
				"down": {"uv": [0, 0, 4, 4], "texture": "#11"}
			}
		},
		{
			"from": [7.7, 0.6, 30.8],
			"to": [8.3, 1.17, 31.3],
			"rotation": {"angle": 45, "axis": "x", "origin": [8, 0.6, 31.3]},
			"faces": {
				"north": {"uv": [0, 0, 4, 9], "texture": "#11"},
				"east": {"uv": [0, 0, 4, 9], "texture": "#11"},
				"south": {"uv": [0, 0, 4, 9], "texture": "#11"},
				"west": {"uv": [0, 0, 4, 9], "texture": "#11"},
				"down": {"uv": [0, 0, 4, 4], "texture": "#11"}
			}
		},
		{
			"from": [7.2, 2.7, 24.2],
			"to": [8.8, 4, 26.6],
			"rotation": {"angle": 0, "axis": "y", "origin": [8, 8, 19]},
			"faces": {
				"north": {"uv": [1, 1, 2.6, 3], "texture": "#base", "tintindex": 0},
				"east": {"uv": [1, 3, 3, 10], "rotation": 270, "texture": "#base", "tintindex": 0},
				"south": {"uv": [1, 1, 3.6, 4], "texture": "#base", "tintindex": 0},
				"west": {"uv": [1, 3, 3, 10], "rotation": 90, "texture": "#base", "tintindex": 0},
				"up": {"uv": [1, 3, 2.6, 10], "rotation": 180, "texture": "#base", "tintindex": 0},
				"down": {"uv": [1, 1, 6.6, 3], "rotation": 90, "texture": "#base", "tintindex": 0}
			}
		},
		{
			"from": [7.2, 2.3, 26.2],
			"to": [8.8, 2.7, 26.765],
			"rotation": {"angle": -45, "axis": "x", "origin": [8, 2.3, 26.2]},
			"faces": {
				"north": {"uv": [1, 1, 2.6, 3], "texture": "#base", "tintindex": 0},
				"east": {"uv": [1, 3, 3, 10], "rotation": 270, "texture": "#base", "tintindex": 0},
				"south": {"uv": [1, 1, 3.6, 4], "texture": "#base", "tintindex": 0},
				"west": {"uv": [1, 3, 3, 10], "rotation": 90, "texture": "#base", "tintindex": 0},
				"up": {"uv": [1, 3, 2.6, 10], "rotation": 180, "texture": "#base", "tintindex": 0},
				"down": {"uv": [1, 1, 6.6, 3], "rotation": 90, "texture": "#base", "tintindex": 0}
			}
		},
		{
			"from": [7.4, -0.5, 24.7],
			"to": [8.6, -0.1, 26],
			"rotation": {"angle": -22.5, "axis": "x", "origin": [8, 4.5, 26]},
			"faces": {
				"north": {"uv": [0, 0, 1.2, 4.7], "texture": "#base", "tintindex": 0},
				"east": {"uv": [0, 0, 5, 16], "texture": "#base", "tintindex": 0},
				"south": {"uv": [0, 0, 5, 16], "texture": "#base", "tintindex": 0},
				"west": {"uv": [0, 0, 5, 16], "texture": "#base", "tintindex": 0},
				"down": {"uv": [0, 0, 5, 5], "texture": "#base", "tintindex": 0}
			}
		},
		{
			"from": [7.4, 3.3, 31.8],
			"to": [8.6, 4, 32],
			"rotation": {"angle": 0, "axis": "y", "origin": [8, 8, 19]},
			"faces": {
				"east": {"uv": [0, 0, 14, 4], "texture": "#barrel"},
				"south": {"uv": [0, 0, 4, 4], "texture": "#barrel"},
				"west": {"uv": [0, 0, 14, 4], "texture": "#barrel"},
				"up": {"uv": [0, 0, 14, 4], "rotation": 90, "texture": "#barrel"},
				"down": {"uv": [0, 0, 14, 4], "rotation": 90, "texture": "#barrel"}
			}
		},
		{
			"from": [7.7, 4, 31.8],
			"to": [8.3, 4.3, 32],
			"rotation": {"angle": 0, "axis": "y", "origin": [8, 8, 19]},
			"faces": {
				"east": {"uv": [0, 0, 14, 4], "texture": "#barrel"},
				"south": {"uv": [0, 0, 4, 4], "texture": "#barrel"},
				"west": {"uv": [0, 0, 14, 4], "texture": "#barrel"},
				"up": {"uv": [0, 0, 14, 4], "rotation": 90, "texture": "#barrel"}
			}
		},
		{
			"from": [7.7, 3, 31.8],
			"to": [8.3, 3.3, 32],
			"rotation": {"angle": 0, "axis": "y", "origin": [8, 8, 19]},
			"faces": {
				"east": {"uv": [0, 0, 14, 4], "texture": "#barrel"},
				"south": {"uv": [0, 0, 4, 4], "texture": "#barrel"},
				"west": {"uv": [0, 0, 14, 4], "texture": "#barrel"},
				"down": {"uv": [0, 0, 14, 4], "rotation": 90, "texture": "#barrel"}
			}
		},
		{
			"from": [8.3, 4, 31.8],
			"to": [8.725, 4.3, 32],
			"rotation": {"angle": -45, "axis": "z", "origin": [8.3, 4.3, 29]},
			"faces": {
				"east": {"uv": [0, 0, 14, 4], "texture": "#barrel"},
				"south": {"uv": [0, 0, 4, 4], "texture": "#barrel"},
				"west": {"uv": [0, 0, 14, 4], "texture": "#barrel"},
				"up": {"uv": [0, 0, 14, 4], "rotation": 90, "texture": "#barrel"},
				"down": {"uv": [0, 0, 14, 4], "rotation": 90, "texture": "#barrel"}
			}
		},
		{
			"from": [7.275, 4, 31.8],
			"to": [7.7, 4.3, 32],
			"rotation": {"angle": 45, "axis": "z", "origin": [7.7, 4.3, 29]},
			"faces": {
				"east": {"uv": [0, 0, 14, 4], "texture": "#barrel"},
				"south": {"uv": [0, 0, 4, 4], "texture": "#barrel"},
				"west": {"uv": [0, 0, 14, 4], "texture": "#barrel"},
				"up": {"uv": [0, 0, 14, 4], "rotation": 90, "texture": "#barrel"},
				"down": {"uv": [0, 0, 14, 4], "rotation": 90, "texture": "#barrel"}
			}
		},
		{
			"from": [7.4, 3.3, 31.8],
			"to": [7.82, 3.6, 32],
			"rotation": {"angle": -45, "axis": "z", "origin": [7.4, 3.3, 29]},
			"faces": {
				"east": {"uv": [0, 0, 14, 4], "texture": "#barrel"},
				"south": {"uv": [0, 0, 4, 4], "texture": "#barrel"},
				"west": {"uv": [0, 0, 14, 4], "texture": "#barrel"},
				"up": {"uv": [0, 0, 14, 4], "rotation": 90, "texture": "#barrel"},
				"down": {"uv": [0, 0, 14, 4], "rotation": 90, "texture": "#barrel"}
			}
		},
		{
			"from": [8.18, 3.3, 31.8],
			"to": [8.6, 3.6, 32],
			"rotation": {"angle": 45, "axis": "z", "origin": [8.6, 3.3, 29]},
			"faces": {
				"east": {"uv": [0, 0, 14, 4], "texture": "#barrel"},
				"south": {"uv": [0, 0, 4, 4], "texture": "#barrel"},
				"west": {"uv": [0, 0, 14, 4], "texture": "#barrel"},
				"up": {"uv": [0, 0, 14, 4], "rotation": 90, "texture": "#barrel"},
				"down": {"uv": [0, 0, 14, 4], "rotation": 90, "texture": "#barrel"}
			}
		},
		{
			"from": [7.6, 4.6, 19.7],
			"to": [8.4, 5.2, 24.3],
			"rotation": {"angle": 0, "axis": "y", "origin": [8, 8, 19]},
			"faces": {
				"east": {"uv": [0, 0, 4.6, 0.6], "texture": "#11"},
				"south": {"uv": [1, 1, 3.6, 4], "texture": "#11"},
				"west": {"uv": [0, 0, 4.6, 0.6], "texture": "#11"},
				"up": {"uv": [1, 3, 2.6, 10], "rotation": 180, "texture": "#11"},
				"down": {"uv": [1, 1, 6.6, 3], "rotation": 90, "texture": "#11"}
			}
		},
		{
			"from": [7.6, 4.6, 24.3],
			"to": [8.4, 5.2, 25.5],
			"rotation": {"angle": 45, "axis": "x", "origin": [8, 5.2, 24.3]},
			"faces": {
				"north": {"uv": [1, 1, 2.6, 3], "texture": "#11"},
				"east": {"uv": [0, 0, 1.2, 0.6], "texture": "#11"},
				"south": {"uv": [1, 1, 3.6, 4], "texture": "#11"},
				"west": {"uv": [0, 0, 1.2, 0.6], "texture": "#11"},
				"up": {"uv": [1, 3, 2.6, 10], "rotation": 180, "texture": "#11"},
				"down": {"uv": [1, 1, 6.6, 3], "rotation": 90, "texture": "#11"}
			}
		},
		{
			"from": [5.5, 0.8, 20.2],
			"to": [10.5, 2.8, 23.7],
			"rotation": {"angle": 0, "axis": "y", "origin": [8, 8, 19]},
			"faces": {
				"north": {"uv": [0, 0, 5, 2], "texture": "#barrel"},
				"east": {"uv": [0, 0, 3.5, 2], "texture": "#barrel"},
				"west": {"uv": [0, 0, 3.5, 2], "texture": "#barrel"},
				"up": {"uv": [0, 0, 5, 3.5], "texture": "#barrel"},
				"down": {"uv": [0, 0, 5, 3.5], "texture": "#barrel"}
			}
		},
		{
			"from": [7, 2.8, 20.2],
			"to": [9, 4.3, 23.7],
			"rotation": {"angle": 0, "axis": "y", "origin": [8, 8, 19]},
			"faces": {
				"north": {"uv": [0, 0, 2, 1.5], "texture": "#barrel"},
				"east": {"uv": [0, 0, 3.5, 1.5], "texture": "#barrel"},
				"west": {"uv": [0, 0, 3.5, 1.5], "texture": "#barrel"},
				"up": {"uv": [0, 0, 2, 3.5], "texture": "#barrel"}
			}
		},
		{
			"from": [7, -0.7, 20.2],
			"to": [9, 0.8, 23.7],
			"rotation": {"angle": 0, "axis": "y", "origin": [8, 8, 19]},
			"faces": {
				"north": {"uv": [0, 0, 2, 1.5], "texture": "#barrel"},
				"east": {"uv": [0, 0, 3.5, 1.5], "texture": "#barrel"},
				"west": {"uv": [0, 0, 3.5, 1.5], "texture": "#barrel"},
				"down": {"uv": [0, 0, 2, 3.5], "texture": "#barrel"}
			}
		},
		{
			"from": [4.88, 2.8, 20.2],
			"to": [7, 4.3, 23.7],
			"rotation": {"angle": 45, "axis": "z", "origin": [7, 4.3, 19]},
			"faces": {
				"north": {"uv": [0, 0, 2.12, 1.5], "texture": "#barrel"},
				"east": {"uv": [0, 0, 3.5, 1.5], "texture": "#barrel"},
				"south": {"uv": [0, 0, 2.12, 1.5], "texture": "#barrel"},
				"west": {"uv": [0, 0, 3.5, 1.5], "texture": "#barrel"},
				"up": {"uv": [0, 0, 2.12, 3.5], "texture": "#barrel"}
			}
		},
		{
			"from": [5.4, 0.7, 23.7],
			"to": [10.6, 2.9, 24.2],
			"rotation": {"angle": 0, "axis": "y", "origin": [8, 8, 19]},
			"faces": {
				"north": {"uv": [0, 0, 5.2, 2.2], "texture": "#base", "tintindex": 0},
				"east": {"uv": [0, 0, 0.5, 2.2], "texture": "#base", "tintindex": 0},
				"south": {"uv": [0, 0, 5.2, 2.2], "texture": "#base", "tintindex": 0},
				"west": {"uv": [0, 0, 0.5, 2.2], "texture": "#base", "tintindex": 0}
			}
		},
		{
			"from": [6.9, -0.8, 23.7],
			"to": [9.1, 4.4, 24.2],
			"rotation": {"angle": 0, "axis": "y", "origin": [8, 8, 19]},
			"faces": {
				"north": {"uv": [0, 0, 2.2, 5.2], "texture": "#base", "tintindex": 0},
				"east": {"uv": [0, 0, 0.5, 5.2], "texture": "#base", "tintindex": 0},
				"south": {"uv": [0, 0, 2.2, 5.2], "texture": "#base", "tintindex": 0},
				"west": {"uv": [0, 0, 0.5, 5.2], "texture": "#base", "tintindex": 0},
				"up": {"uv": [0, 0, 2.2, 0.5], "texture": "#base", "tintindex": 0},
				"down": {"uv": [0, 0, 2.2, 0.5], "texture": "#base", "tintindex": 0}
			}
		},
		{
			"from": [5.4, 2.9, 23.7],
			"to": [6.6, 5.02, 24.2],
			"rotation": {"angle": -45, "axis": "z", "origin": [5.4, 2.9, 21]},
			"faces": {
				"north": {"uv": [0, 0, 1.2, 2.12], "texture": "#base", "tintindex": 0},
				"south": {"uv": [0, 0, 1.2, 2.12], "texture": "#base", "tintindex": 0},
				"west": {"uv": [0, 0, 0.5, 2.12], "texture": "#base", "tintindex": 0},
				"up": {"uv": [0, 0, 1.2, 0.5], "texture": "#base", "tintindex": 0}
			}
		},
		{
			"from": [9, 2.8, 20.2],
			"to": [11.12, 4.3, 23.7],
			"rotation": {"angle": -45, "axis": "z", "origin": [9, 4.3, 19]},
			"faces": {
				"north": {"uv": [0, 0, 2.12, 1.5], "texture": "#barrel"},
				"east": {"uv": [0, 0, 3.5, 1.5], "texture": "#barrel"},
				"south": {"uv": [0, 0, 2.12, 1.5], "texture": "#barrel"},
				"west": {"uv": [0, 0, 3.5, 1.5], "texture": "#barrel"},
				"up": {"uv": [0, 0, 2.12, 3.5], "texture": "#barrel"}
			}
		},
		{
			"from": [9.4, 2.9, 23.7],
			"to": [10.6, 5.02, 24.2],
			"rotation": {"angle": 45, "axis": "z", "origin": [10.6, 2.9, 21]},
			"faces": {
				"north": {"uv": [0, 0, 1.2, 2.12], "texture": "#base", "tintindex": 0},
				"east": {"uv": [0, 0, 0.5, 2.12], "texture": "#base", "tintindex": 0},
				"south": {"uv": [0, 0, 1.2, 2.12], "texture": "#base", "tintindex": 0},
				"up": {"uv": [0, 0, 1.2, 0.5], "texture": "#base", "tintindex": 0}
			}
		},
		{
			"from": [5.4, -1.42, 23.7],
			"to": [6.6, 0.7, 24.2],
			"rotation": {"angle": 45, "axis": "z", "origin": [5.4, 0.7, 21]},
			"faces": {
				"north": {"uv": [0, 0, 1.2, 2.12], "texture": "#base", "tintindex": 0},
				"south": {"uv": [0, 0, 1.2, 2.12], "texture": "#base", "tintindex": 0},
				"west": {"uv": [0, 0, 0.5, 2.12], "texture": "#base", "tintindex": 0},
				"down": {"uv": [0, 0, 1.2, 0.5], "texture": "#base", "tintindex": 0}
			}
		},
		{
			"from": [9.4, -1.42, 23.7],
			"to": [10.6, 0.7, 24.2],
			"rotation": {"angle": -45, "axis": "z", "origin": [10.6, 0.7, 21]},
			"faces": {
				"north": {"uv": [0, 0, 1.2, 2.12], "texture": "#base", "tintindex": 0},
				"east": {"uv": [0, 0, 0.5, 2.12], "texture": "#base", "tintindex": 0},
				"south": {"uv": [0, 0, 1.2, 2.12], "texture": "#base", "tintindex": 0},
				"down": {"uv": [0, 0, 1.2, 0.5], "texture": "#base", "tintindex": 0}
			}
		},
		{
			"from": [4.88, -0.7, 20.2],
			"to": [7, 0.8, 23.7],
			"rotation": {"angle": -45, "axis": "z", "origin": [7, -0.7, 19]},
			"faces": {
				"north": {"uv": [0, 0, 2.12, 1.5], "texture": "#barrel"},
				"south": {"uv": [0, 0, 2.12, 1.5], "texture": "#barrel"},
				"west": {"uv": [0, 0, 3.5, 1.5], "texture": "#barrel"},
				"down": {"uv": [0, 0, 2.12, 3.5], "texture": "#barrel"}
			}
		},
		{
			"from": [9, -0.7, 20.2],
			"to": [11.12, 0.8, 23.7],
			"rotation": {"angle": 45, "axis": "z", "origin": [9, -0.7, 19]},
			"faces": {
				"north": {"uv": [0, 0, 2.12, 1.5], "texture": "#barrel"},
				"east": {"uv": [0, 0, 3.5, 1.5], "texture": "#barrel"},
				"south": {"uv": [0, 0, 2.12, 1.5], "texture": "#barrel"},
				"down": {"uv": [0, 0, 2.12, 3.5], "texture": "#barrel"}
			}
		},
		{
			"from": [5.4, 0.7, 19.7],
			"to": [10.6, 2.9, 20.2],
			"rotation": {"angle": 0, "axis": "y", "origin": [8, 8, 19]},
			"faces": {
				"north": {"uv": [0, 0, 5.2, 2.2], "texture": "#base", "tintindex": 0},
				"east": {"uv": [0, 0, 0.5, 2.2], "texture": "#base", "tintindex": 0},
				"south": {"uv": [0, 0, 5.2, 2.2], "texture": "#base", "tintindex": 0},
				"west": {"uv": [0, 0, 0.5, 2.2], "texture": "#base", "tintindex": 0}
			}
		},
		{
			"from": [5.4, 2.9, 19.7],
			"to": [6.6, 5.02, 20.2],
			"rotation": {"angle": -45, "axis": "z", "origin": [5.4, 2.9, 21]},
			"faces": {
				"north": {"uv": [0, 0, 1.2, 2.12], "texture": "#base", "tintindex": 0},
				"south": {"uv": [0, 0, 1.2, 2.12], "texture": "#base", "tintindex": 0},
				"west": {"uv": [0, 0, 0.5, 2.12], "texture": "#base", "tintindex": 0},
				"up": {"uv": [0, 0, 1.2, 0.5], "texture": "#base", "tintindex": 0}
			}
		},
		{
			"from": [6.9, -0.8, 19.7],
			"to": [9.1, 4.4, 20.2],
			"rotation": {"angle": 0, "axis": "y", "origin": [8, 8, 19]},
			"faces": {
				"north": {"uv": [0, 0, 2.2, 5.2], "texture": "#base", "tintindex": 0},
				"east": {"uv": [0, 0, 0.5, 5.2], "texture": "#base", "tintindex": 0},
				"south": {"uv": [0, 0, 2.2, 5.2], "texture": "#base", "tintindex": 0},
				"west": {"uv": [0, 0, 0.5, 5.2], "texture": "#base", "tintindex": 0},
				"up": {"uv": [0, 0, 2.2, 0.5], "texture": "#base", "tintindex": 0},
				"down": {"uv": [0, 0, 2.2, 0.5], "texture": "#base", "tintindex": 0}
			}
		},
		{
			"from": [5.4, -1.42, 19.7],
			"to": [6.6, 0.7, 20.2],
			"rotation": {"angle": 45, "axis": "z", "origin": [5.4, 0.7, 21]},
			"faces": {
				"north": {"uv": [0, 0, 1.2, 2.12], "texture": "#base", "tintindex": 0},
				"south": {"uv": [0, 0, 1.2, 2.12], "texture": "#base", "tintindex": 0},
				"west": {"uv": [0, 0, 0.5, 2.12], "texture": "#base", "tintindex": 0},
				"down": {"uv": [0, 0, 1.2, 0.5], "texture": "#base", "tintindex": 0}
			}
		},
		{
			"from": [9.4, 2.9, 19.7],
			"to": [10.6, 5.02, 20.2],
			"rotation": {"angle": 45, "axis": "z", "origin": [10.6, 2.9, 21]},
			"faces": {
				"north": {"uv": [0, 0, 1.2, 2.12], "texture": "#base", "tintindex": 0},
				"east": {"uv": [0, 0, 0.5, 2.12], "texture": "#base", "tintindex": 0},
				"south": {"uv": [0, 0, 1.2, 2.12], "texture": "#base", "tintindex": 0},
				"up": {"uv": [0, 0, 1.2, 0.5], "texture": "#base", "tintindex": 0}
			}
		},
		{
			"from": [9.4, -1.42, 19.7],
			"to": [10.6, 0.7, 20.2],
			"rotation": {"angle": -45, "axis": "z", "origin": [10.6, 0.7, 21]},
			"faces": {
				"north": {"uv": [0, 0, 1.2, 2.12], "texture": "#base", "tintindex": 0},
				"east": {"uv": [0, 0, 0.5, 2.12], "texture": "#base", "tintindex": 0},
				"south": {"uv": [0, 0, 1.2, 2.12], "texture": "#base", "tintindex": 0},
				"down": {"uv": [0, 0, 1.2, 0.5], "texture": "#base", "tintindex": 0}
			}
		},
		{
			"from": [7.6, 4.3, 19.1],
			"to": [8.4, 5.2, 19.7],
			"rotation": {"angle": 0, "axis": "y", "origin": [8, 8, 19]},
			"faces": {
				"north": {"uv": [1, 1, 2.6, 3], "texture": "#11"},
				"east": {"uv": [0, 0, 0.6, 0.9], "texture": "#11"},
				"south": {"uv": [1, 1, 3.6, 4], "texture": "#11"},
				"west": {"uv": [0, 0, 0.6, 0.9], "texture": "#11"},
				"up": {"uv": [1, 3, 2.6, 10], "rotation": 180, "texture": "#11"},
				"down": {"uv": [1, 1, 6.6, 3], "rotation": 90, "texture": "#11"}
			}
		},
		{
			"from": [7.5, 3.9, 16.7],
			"to": [8.5, 4.3, 19.7],
			"rotation": {"angle": 0, "axis": "y", "origin": [8, 8, 19]},
			"faces": {
				"north": {"uv": [1, 1, 2.6, 3], "texture": "#base", "tintindex": 0},
				"east": {"uv": [0, 0, 3, 0.4], "texture": "#base", "tintindex": 0},
				"west": {"uv": [0, 0, 3, 0.4], "texture": "#base", "tintindex": 0},
				"up": {"uv": [1, 3, 2.6, 10], "rotation": 180, "texture": "#base", "tintindex": 0},
				"down": {"uv": [1, 1, 6.6, 3], "rotation": 90, "texture": "#base", "tintindex": 0}
			}
		},
		{
			"from": [6.8, 2.6, 16.7],
			"to": [7.2, 3.6, 19.7],
			"rotation": {"angle": 0, "axis": "y", "origin": [8, 8, 19]},
			"faces": {
				"north": {"uv": [1, 1, 2.6, 3], "texture": "#base", "tintindex": 0},
				"east": {"uv": [0, 0, 3, 1], "texture": "#base", "tintindex": 0},
				"south": {"uv": [1, 1, 3.6, 4], "texture": "#base", "tintindex": 0},
				"west": {"uv": [0, 0, 3, 1], "texture": "#base", "tintindex": 0},
				"up": {"uv": [1, 3, 2.6, 10], "rotation": 180, "texture": "#base", "tintindex": 0},
				"down": {"uv": [1, 1, 6.6, 3], "rotation": 90, "texture": "#base", "tintindex": 0}
			}
		},
		{
			"from": [8.8, 2.6, 16.7],
			"to": [9.2, 3.6, 19.7],
			"rotation": {"angle": 0, "axis": "y", "origin": [8, 8, 19]},
			"faces": {
				"north": {"uv": [1, 1, 2.6, 3], "texture": "#base", "tintindex": 0},
				"east": {"uv": [0, 0, 3, 1], "texture": "#base", "tintindex": 0},
				"south": {"uv": [1, 1, 3.6, 4], "texture": "#base", "tintindex": 0},
				"west": {"uv": [0, 0, 3, 1], "texture": "#base", "tintindex": 0},
				"up": {"uv": [1, 3, 2.6, 10], "rotation": 180, "texture": "#base", "tintindex": 0},
				"down": {"uv": [1, 1, 6.6, 3], "rotation": 90, "texture": "#base", "tintindex": 0}
			}
		},
		{
			"from": [6.8, 3.6, 16.7],
			"to": [7.2, 4.59, 19.7],
			"rotation": {"angle": -45, "axis": "z", "origin": [6.8, 3.6, 19]},
			"faces": {
				"north": {"uv": [1, 1, 2.6, 3], "texture": "#base", "tintindex": 0},
				"east": {"uv": [0, 0, 3, 0.99], "texture": "#base", "tintindex": 0},
				"south": {"uv": [1, 1, 3.6, 4], "texture": "#base", "tintindex": 0},
				"west": {"uv": [0, 0, 3, 0.99], "texture": "#base", "tintindex": 0},
				"up": {"uv": [1, 3, 2.6, 10], "rotation": 180, "texture": "#base", "tintindex": 0},
				"down": {"uv": [1, 1, 6.6, 3], "rotation": 90, "texture": "#base", "tintindex": 0}
			}
		},
		{
			"from": [8.8, 3.6, 16.7],
			"to": [9.2, 4.59, 19.7],
			"rotation": {"angle": 45, "axis": "z", "origin": [9.2, 3.6, 19]},
			"faces": {
				"north": {"uv": [1, 1, 2.6, 3], "texture": "#base", "tintindex": 0},
				"east": {"uv": [0, 0, 3, 0.99], "texture": "#base", "tintindex": 0},
				"south": {"uv": [1, 1, 3.6, 4], "texture": "#base", "tintindex": 0},
				"west": {"uv": [0, 0, 3, 0.99], "texture": "#base", "tintindex": 0},
				"up": {"uv": [1, 3, 2.6, 10], "rotation": 180, "texture": "#base", "tintindex": 0},
				"down": {"uv": [1, 1, 6.6, 3], "rotation": 90, "texture": "#base", "tintindex": 0}
			}
		},
		{
			"from": [6.8, 1.61, 16.7],
			"to": [7.2, 2.6, 19.7],
			"rotation": {"angle": 45, "axis": "z", "origin": [6.8, 2.6, 19]},
			"faces": {
				"north": {"uv": [1, 1, 2.6, 3], "texture": "#base", "tintindex": 0},
				"east": {"uv": [0, 0, 3, 0.99], "texture": "#base", "tintindex": 0},
				"south": {"uv": [1, 1, 3.6, 4], "texture": "#base", "tintindex": 0},
				"west": {"uv": [0, 0, 3, 0.99], "texture": "#base", "tintindex": 0},
				"up": {"uv": [1, 3, 2.6, 10], "rotation": 180, "texture": "#base", "tintindex": 0},
				"down": {"uv": [1, 1, 6.6, 3], "rotation": 90, "texture": "#base", "tintindex": 0}
			}
		},
		{
			"from": [7.5, 1.9, 16.7],
			"to": [8.5, 2.3, 19.7],
			"rotation": {"angle": 0, "axis": "y", "origin": [8, 8, 19]},
			"faces": {
				"north": {"uv": [1, 1, 2.6, 3], "texture": "#base", "tintindex": 0},
				"east": {"uv": [0, 0, 3, 0.4], "texture": "#base", "tintindex": 0},
				"west": {"uv": [0, 0, 3, 0.4], "texture": "#base", "tintindex": 0},
				"up": {"uv": [1, 3, 2.6, 10], "rotation": 180, "texture": "#base", "tintindex": 0},
				"down": {"uv": [1, 1, 6.6, 3], "rotation": 90, "texture": "#base", "tintindex": 0}
			}
		},
		{
			"from": [8.8, 1.61, 16.7],
			"to": [9.2, 2.6, 19.7],
			"rotation": {"angle": -45, "axis": "z", "origin": [9.2, 2.6, 19]},
			"faces": {
				"north": {"uv": [1, 1, 2.6, 3], "texture": "#base", "tintindex": 0},
				"east": {"uv": [0, 0, 3, 0.99], "texture": "#base", "tintindex": 0},
				"south": {"uv": [1, 1, 3.6, 4], "texture": "#base", "tintindex": 0},
				"west": {"uv": [0, 0, 3, 0.99], "texture": "#base", "tintindex": 0},
				"up": {"uv": [1, 3, 2.6, 10], "rotation": 180, "texture": "#base", "tintindex": 0},
				"down": {"uv": [1, 1, 6.6, 3], "rotation": 90, "texture": "#base", "tintindex": 0}
			}
		},
		{
			"from": [7.6, 3.7, -15.6],
			"to": [8.4, 4.1, 16.7],
			"rotation": {"angle": 0, "axis": "y", "origin": [8, 8, -12]},
			"faces": {
				"north": {"uv": [1, 1, 2.6, 3], "texture": "#11"},
				"east": {"uv": [0, 0, 4.3, 0.4], "texture": "#11"},
				"west": {"uv": [0, 0, 4.3, 0.4], "texture": "#11"},
				"up": {"uv": [1, 3, 2.6, 10], "rotation": 180, "texture": "#11"},
				"down": {"uv": [1, 1, 6.6, 3], "rotation": 90, "texture": "#11"}
			}
		},
		{
			"from": [7.6, 2.1, -15.6],
			"to": [8.4, 2.5, 16.7],
			"rotation": {"angle": 0, "axis": "y", "origin": [8, 8, -12]},
			"faces": {
				"north": {"uv": [1, 1, 2.6, 3], "texture": "#11"},
				"east": {"uv": [0, 0, 4.3, 0.4], "texture": "#11"},
				"west": {"uv": [0, 0, 4.3, 0.4], "texture": "#11"},
				"up": {"uv": [1, 3, 2.6, 10], "rotation": 180, "texture": "#11"},
				"down": {"uv": [1, 1, 6.6, 3], "rotation": 90, "texture": "#11"}
			}
		},
		{
			"from": [7, 2.7, -15.6],
			"to": [7.4, 3.5, 16.7],
			"rotation": {"angle": 0, "axis": "y", "origin": [8, 8, -12]},
			"faces": {
				"north": {"uv": [1, 1, 2.6, 3], "texture": "#11"},
				"east": {"uv": [0, 0, 4.3, 0.8], "texture": "#11"},
				"west": {"uv": [0, 0, 4.3, 0.8], "texture": "#11"},
				"up": {"uv": [1, 3, 2.6, 10], "rotation": 180, "texture": "#11"},
				"down": {"uv": [1, 1, 6.6, 3], "rotation": 90, "texture": "#11"}
			}
		},
		{
			"from": [8.6, 2.7, -15.6],
			"to": [9, 3.5, 16.7],
			"rotation": {"angle": 0, "axis": "y", "origin": [8, 8, -12]},
			"faces": {
				"north": {"uv": [1, 1, 2.6, 3], "texture": "#11"},
				"east": {"uv": [0, 0, 4.3, 0.8], "texture": "#11"},
				"west": {"uv": [0, 0, 4.3, 0.8], "texture": "#11"},
				"up": {"uv": [1, 3, 2.6, 10], "rotation": 180, "texture": "#11"},
				"down": {"uv": [1, 1, 6.6, 3], "rotation": 90, "texture": "#11"}
			}
		},
		{
			"from": [7, 3.5, -15.6],
			"to": [7.4, 4.35, 16.7],
			"rotation": {"angle": -45, "axis": "z", "origin": [7, 3.5, -15]},
			"faces": {
				"north": {"uv": [1, 1, 2.6, 3], "texture": "#11"},
				"east": {"uv": [0, 0, 4.3, 0.85], "texture": "#11"},
				"south": {"uv": [1, 1, 3.6, 4], "texture": "#11"},
				"west": {"uv": [0, 0, 4.3, 0.85], "texture": "#11"},
				"up": {"uv": [1, 3, 2.6, 10], "rotation": 180, "texture": "#11"},
				"down": {"uv": [1, 1, 6.6, 3], "rotation": 90, "texture": "#11"}
			}
		},
		{
			"from": [8.6, 3.5, -15.6],
			"to": [9, 4.35, 16.7],
			"rotation": {"angle": 45, "axis": "z", "origin": [9, 3.5, -15]},
			"faces": {
				"north": {"uv": [1, 1, 2.6, 3], "texture": "#11"},
				"east": {"uv": [0, 0, 4.3, 0.85], "texture": "#11"},
				"south": {"uv": [1, 1, 3.6, 4], "texture": "#11"},
				"west": {"uv": [0, 0, 4.3, 0.85], "texture": "#11"},
				"up": {"uv": [1, 3, 2.6, 10], "rotation": 180, "texture": "#11"},
				"down": {"uv": [1, 1, 6.6, 3], "rotation": 90, "texture": "#11"}
			}
		},
		{
			"from": [7, 1.85, -15.6],
			"to": [7.4, 2.7, 16.7],
			"rotation": {"angle": 45, "axis": "z", "origin": [7, 2.7, -15]},
			"faces": {
				"north": {"uv": [1, 1, 2.6, 3], "texture": "#11"},
				"east": {"uv": [0, 0, 4.3, 0.85], "texture": "#11"},
				"south": {"uv": [1, 1, 3.6, 4], "texture": "#11"},
				"west": {"uv": [0, 0, 4.3, 0.85], "texture": "#11"},
				"up": {"uv": [1, 3, 2.6, 10], "rotation": 180, "texture": "#11"},
				"down": {"uv": [1, 1, 6.6, 3], "rotation": 90, "texture": "#11"}
			}
		},
		{
			"from": [8.6, 1.85, -15.6],
			"to": [9, 2.7, 16.7],
			"rotation": {"angle": -45, "axis": "z", "origin": [9, 2.7, -15]},
			"faces": {
				"north": {"uv": [1, 1, 2.6, 3], "texture": "#11"},
				"east": {"uv": [0, 0, 4.3, 0.85], "texture": "#11"},
				"south": {"uv": [1, 1, 3.6, 4], "texture": "#11"},
				"west": {"uv": [0, 0, 4.3, 0.85], "texture": "#11"},
				"up": {"uv": [1, 3, 2.6, 10], "rotation": 180, "texture": "#11"},
				"down": {"uv": [1, 1, 6.6, 3], "rotation": 90, "texture": "#11"}
			}
		},
		{
			"from": [7.5, -1, 17],
			"to": [8.5, 2, 18],
			"rotation": {"angle": 0, "axis": "y", "origin": [8, 8, 19]},
			"faces": {
				"north": {"uv": [0, 0, 1, 3], "texture": "#11"},
				"east": {"uv": [0, 0, 1, 3], "texture": "#11"},
				"south": {"uv": [0, 0, 1, 3], "texture": "#11"},
				"west": {"uv": [0, 0, 1, 3], "texture": "#11"},
				"up": {"uv": [0, 0, 1, 1], "texture": "#11"},
				"down": {"uv": [0, 0, 1, 1], "texture": "#11"}
			}
		}
	],
	"display": {
		"thirdperson_righthand": {
			"translation": [0, 6, -17]
		},
		"thirdperson_lefthand": {
			"translation": [0, 6, -17.25]
		},
		"firstperson_righthand": {
			"translation": [0.25, 8.5, -9],
			"scale": [0.8, 0.8, 0.8]
		},
		"firstperson_lefthand": {
			"translation": [0, 9.75, -12]
		},
		"ground": {
			"translation": [0, 5, -4.5]
		},
		"gui": {
			"rotation": [30, 225, 0],
			"translation": [-0.2, 3.3, 0],
			"scale": [0.44, 0.44, 0.44]
		},
		"fixed": {
			"rotation": [0, 90, 0],
			"translation": [-0.5, 4.25, 0],
			"scale": [0.44, 0.44, 0.44]
		}
	}
}