{
	"credit": "Made with Blockbench",
	"textures": {
		"1": "cgm:blocks/concrete_gray",
		"detail": "cgm:blocks/concrete_silver",
		"base": "cgm:blocks/concrete_white"
	},
	"elements": [
		{
			"from": [7.3, 3.3, 25],
			"to": [7.5, 4.3, 31],
			"rotation": {"angle": 0, "axis": "y", "origin": [8, 8, 24]},
			"faces": {
				"east": {"uv": [1, 1, 3, 7.5], "rotation": 90, "texture": "#base", "tintindex": 0},
				"south": {"uv": [1, 1, 2.4, 2.4], "texture": "#base", "tintindex": 0},
				"west": {"uv": [1, 1, 3, 7.5], "rotation": 270, "texture": "#base", "tintindex": 0},
				"up": {"uv": [1, 1, 2.4, 7.5], "texture": "#base", "tintindex": 0},
				"down": {"uv": [8, 1, 9.4, 2], "texture": "#base", "tintindex": 0}
			}
		},
		{
			"from": [7.9, 4.5, 25.1],
			"to": [8.1, 4.9, 25.4],
			"rotation": {"angle": 0, "axis": "y", "origin": [8, 8, 24]},
			"faces": {
				"north": {"uv": [0, 0, 0.4, 0.4], "texture": "#1"},
				"east": {"uv": [0, 0, 0.4, 0.4], "texture": "#1"},
				"south": {"uv": [0, 0, 0.4, 0.4], "texture": "#1"},
				"west": {"uv": [0, 0, 0.4, 0.4], "texture": "#1"},
				"up": {"uv": [0, 0, 0.4, 0.4], "texture": "#1"}
			}
		},
		{
			"from": [7.6, 2.5, 26],
			"to": [8.4, 3.1, 31],
			"rotation": {"angle": 0, "axis": "y", "origin": [8, 8, 24]},
			"faces": {
				"north": {"uv": [0, 0, 1.2, 1], "texture": "#1"},
				"east": {"uv": [0, 0, 5, 0.6], "texture": "#1"},
				"south": {"uv": [0, 0, 1.2, 1], "texture": "#1"},
				"west": {"uv": [0, 0, 5, 0.6], "texture": "#1"},
				"down": {"uv": [0, 0, 1.2, 5], "texture": "#1"}
			}
		},
		{
			"from": [7.5, 0.9, 30],
			"to": [8.5, 4.31, 31.2],
			"rotation": {"angle": -22.5, "axis": "x", "origin": [8, 4.5, 31.5]},
			"faces": {
				"north": {"uv": [0, 0, 1.2, 2.2], "texture": "#1"},
				"east": {"uv": [0, 0, 1.2, 3.41], "texture": "#1"},
				"south": {"uv": [0, 0, 1.2, 2.2], "texture": "#1"},
				"west": {"uv": [0, 0, 1.2, 3.41], "texture": "#1"},
				"up": {"uv": [0, 0, 1.2, 4], "texture": "#1"},
				"down": {"uv": [0, 0, 1.2, 4], "texture": "#1"}
			}
		},
		{
			"from": [7.9, 1.9, 30],
			"to": [8.1, 2.3, 30.2],
			"rotation": {"angle": 0, "axis": "y", "origin": [8, 8, 24]},
			"faces": {
				"north": {"uv": [0, 0, 0.2, 1], "texture": "#detail"},
				"east": {"uv": [0, 0, 0.2, 1], "texture": "#detail"},
				"south": {"uv": [0, 0, 0.2, 1], "texture": "#detail"},
				"west": {"uv": [0, 0, 0.2, 1], "texture": "#detail"},
				"down": {"uv": [0, 0, 0.2, 0.2], "texture": "#detail"}
			}
		},
		{
			"from": [7.9, 1.5, 30.4],
			"to": [8.1, 1.7, 31.3],
			"rotation": {"angle": 0, "axis": "y", "origin": [8, 8, 24]},
			"faces": {
				"north": {"uv": [0, 0, 0.2, 0.2], "texture": "#detail"},
				"east": {"uv": [0, 0, 1.7, 0.2], "texture": "#detail"},
				"south": {"uv": [0, 0, 4.2, -4.8], "texture": "#detail"},
				"west": {"uv": [0, 0, 1.7, 0.2], "texture": "#detail"},
				"up": {"uv": [0, 0, 0.2, 1.7], "texture": "#detail"},
				"down": {"uv": [0, 0, 0.2, 1.7], "texture": "#detail"}
			}
		},
		{
			"from": [8.5, 3.3, 25],
			"to": [8.7, 4.3, 31],
			"rotation": {"angle": 0, "axis": "y", "origin": [8, 8, 24]},
			"faces": {
				"east": {"uv": [1, 1, 3, 7.5], "rotation": 90, "texture": "#base", "tintindex": 0},
				"south": {"uv": [1, 1, 2.4, 2.4], "texture": "#base", "tintindex": 0},
				"west": {"uv": [1, 1, 3, 7.5], "rotation": 270, "texture": "#base", "tintindex": 0},
				"up": {"uv": [1, 1, 2.4, 7.5], "texture": "#base", "tintindex": 0},
				"down": {"uv": [8, 1, 9.4, 2], "texture": "#base", "tintindex": 0}
			}
		},
		{
			"from": [7.5, 4.3, 25],
			"to": [8.5, 4.5, 31],
			"rotation": {"angle": 0, "axis": "y", "origin": [8, 8, 24]},
			"faces": {
				"north": {"uv": [11, 0, 12, 1], "texture": "#base", "tintindex": 0},
				"east": {"uv": [1, 1, 3, 7.5], "rotation": 90, "texture": "#base", "tintindex": 0},
				"south": {"uv": [1, 1, 2.4, 2.4], "texture": "#base", "tintindex": 0},
				"west": {"uv": [1, 1, 3, 7.5], "rotation": 270, "texture": "#base", "tintindex": 0},
				"up": {"uv": [1, 1, 2.4, 7.5], "texture": "#base", "tintindex": 0},
				"down": {"uv": [8, 1, 9.4, 2], "texture": "#base", "tintindex": 0}
			}
		},
		{
			"from": [7.5, 3.1, 25],
			"to": [8.5, 3.3, 31],
			"rotation": {"angle": 0, "axis": "y", "origin": [8, 8, 24]},
			"faces": {
				"north": {"uv": [11, 0, 12, 1], "texture": "#base", "tintindex": 0},
				"east": {"uv": [1, 1, 3, 7.5], "rotation": 90, "texture": "#base", "tintindex": 0},
				"south": {"uv": [1, 1, 2.4, 2.4], "texture": "#base", "tintindex": 0},
				"west": {"uv": [1, 1, 3, 7.5], "rotation": 270, "texture": "#base", "tintindex": 0},
				"up": {"uv": [1, 1, 2.4, 7.5], "texture": "#base", "tintindex": 0},
				"down": {"uv": [8, 1, 9.4, 2], "texture": "#base", "tintindex": 0}
			}
		},
		{
			"from": [7.3, 4.3, 25],
			"to": [7.5, 4.58, 31],
			"rotation": {"angle": -45, "axis": "z", "origin": [7.3, 4.3, 27]},
			"faces": {
				"north": {"uv": [11, 0, 12, 1], "texture": "#base", "tintindex": 0},
				"east": {"uv": [1, 1, 3, 7.5], "rotation": 90, "texture": "#base", "tintindex": 0},
				"south": {"uv": [1, 1, 2.4, 2.4], "texture": "#base", "tintindex": 0},
				"west": {"uv": [1, 1, 3, 7.5], "rotation": 270, "texture": "#base", "tintindex": 0},
				"up": {"uv": [1, 1, 2.4, 7.5], "texture": "#base", "tintindex": 0},
				"down": {"uv": [8, 1, 9.4, 2], "texture": "#base", "tintindex": 0}
			}
		},
		{
			"from": [8.5, 4.3, 25],
			"to": [8.7, 4.58, 31],
			"rotation": {"angle": 45, "axis": "z", "origin": [8.7, 4.3, 27]},
			"faces": {
				"north": {"uv": [11, 0, 12, 1], "texture": "#base", "tintindex": 0},
				"east": {"uv": [1, 1, 3, 7.5], "rotation": 90, "texture": "#base", "tintindex": 0},
				"south": {"uv": [1, 1, 2.4, 2.4], "texture": "#base", "tintindex": 0},
				"west": {"uv": [1, 1, 3, 7.5], "rotation": 270, "texture": "#base", "tintindex": 0},
				"up": {"uv": [1, 1, 2.4, 7.5], "texture": "#base", "tintindex": 0},
				"down": {"uv": [8, 1, 9.4, 2], "texture": "#base", "tintindex": 0}
			}
		},
		{
			"from": [7.3, 3.02, 25],
			"to": [7.5, 3.3, 31],
			"rotation": {"angle": 45, "axis": "z", "origin": [7.3, 3.3, 27]},
			"faces": {
				"north": {"uv": [11, 0, 12, 1], "texture": "#base", "tintindex": 0},
				"east": {"uv": [1, 1, 3, 7.5], "rotation": 90, "texture": "#base", "tintindex": 0},
				"south": {"uv": [1, 1, 2.4, 2.4], "texture": "#base", "tintindex": 0},
				"west": {"uv": [1, 1, 3, 7.5], "rotation": 270, "texture": "#base", "tintindex": 0},
				"up": {"uv": [1, 1, 2.4, 7.5], "texture": "#base", "tintindex": 0},
				"down": {"uv": [8, 1, 9.4, 2], "texture": "#base", "tintindex": 0}
			}
		},
		{
			"from": [8.5, 3.02, 25],
			"to": [8.7, 3.3, 31],
			"rotation": {"angle": -45, "axis": "z", "origin": [8.7, 3.3, 27]},
			"faces": {
				"north": {"uv": [11, 0, 12, 1], "texture": "#base", "tintindex": 0},
				"east": {"uv": [1, 1, 3, 7.5], "rotation": 90, "texture": "#base", "tintindex": 0},
				"south": {"uv": [1, 1, 2.4, 2.4], "texture": "#base", "tintindex": 0},
				"west": {"uv": [1, 1, 3, 7.5], "rotation": 270, "texture": "#base", "tintindex": 0},
				"up": {"uv": [1, 1, 2.4, 7.5], "texture": "#base", "tintindex": 0},
				"down": {"uv": [8, 1, 9.4, 2], "texture": "#base", "tintindex": 0}
			}
		},
		{
			"from": [7.5, 4.08, 29.5],
			"to": [8.5, 4.5, 31],
			"rotation": {"angle": -45, "axis": "x", "origin": [8, 4.5, 31]},
			"faces": {
				"north": {"uv": [0, 0, 1.2, 2.2], "texture": "#1"},
				"east": {"uv": [0, 0, 1.5, 0.42], "texture": "#1"},
				"south": {"uv": [0, 0, 1.2, 2.2], "texture": "#1"},
				"west": {"uv": [0, 0, 1.5, 0.42], "texture": "#1"},
				"up": {"uv": [0, 0, 1.2, 4], "texture": "#1"},
				"down": {"uv": [0, 0, 1.2, 4], "texture": "#1"}
			}
		},
		{
			"from": [7.9, 1.34, 30],
			"to": [8.1, 1.9, 30.2],
			"rotation": {"angle": -45, "axis": "x", "origin": [8, 1.9, 30]},
			"faces": {
				"north": {"uv": [0, 0, 0.2, 1], "texture": "#detail"},
				"east": {"uv": [0, 0, 0.2, 1], "texture": "#detail"},
				"south": {"uv": [0, 0, 0.2, 1], "texture": "#detail"},
				"west": {"uv": [0, 0, 0.2, 1], "texture": "#detail"},
				"up": {"uv": [0, 0, 0.2, 0.2], "texture": "#detail"},
				"down": {"uv": [0, 0, 0.2, 0.2], "texture": "#detail"}
			}
		},
		{
			"from": [7.3, 3.3, -15.2],
			"to": [7.5, 4.3, 25],
			"rotation": {"angle": 0, "axis": "y", "origin": [8, 8, -16]},
			"faces": {
				"north": {"uv": [11, 0, 11.2, 1], "texture": "#detail", "tintindex": 0},
				"east": {"uv": [1, 1, 1.2, 2], "rotation": 90, "texture": "#detail", "tintindex": 0},
				"west": {"uv": [1, 1, 1.2, 2], "rotation": 270, "texture": "#detail", "tintindex": 0},
				"up": {"uv": [1, 1, 1.2, 1.2], "texture": "#detail", "tintindex": 0},
				"down": {"uv": [8, 1, 8.2, 1.2], "texture": "#detail", "tintindex": 0}
			}
		},
		{
			"from": [8.5, 3.3, -15.2],
			"to": [8.7, 4.3, 25],
			"rotation": {"angle": 0, "axis": "y", "origin": [8, 8, -16]},
			"faces": {
				"north": {"uv": [11, 0, 11.2, 1], "texture": "#detail", "tintindex": 0},
				"east": {"uv": [1, 1, 1.2, 2], "rotation": 90, "texture": "#detail", "tintindex": 0},
				"west": {"uv": [1, 1, 1.2, 2], "rotation": 270, "texture": "#detail", "tintindex": 0},
				"up": {"uv": [1, 1, 1.2, 1.2], "texture": "#detail", "tintindex": 0},
				"down": {"uv": [8, 1, 8.2, 1.2], "texture": "#detail", "tintindex": 0}
			}
		},
		{
			"from": [7.5, 3.1, -15.2],
			"to": [8.5, 3.3, 25],
			"rotation": {"angle": 0, "axis": "y", "origin": [8, 8, -16]},
			"faces": {
				"north": {"uv": [11, 0, 12, 0.2], "texture": "#detail", "tintindex": 0},
				"east": {"uv": [1, 1, 1.2, 1.2], "rotation": 90, "texture": "#detail", "tintindex": 0},
				"south": {"uv": [1, 1, 2, 1.2], "texture": "#detail", "tintindex": 0},
				"west": {"uv": [1, 1, 1.2, 1.2], "rotation": 270, "texture": "#detail", "tintindex": 0},
				"up": {"uv": [1, 1, 2, 1.2], "texture": "#detail", "tintindex": 0},
				"down": {"uv": [8, 1, 9, 1.2], "texture": "#detail", "tintindex": 0}
			}
		},
		{
			"from": [7.5, 4.3, -15.2],
			"to": [8.5, 4.5, 25],
			"rotation": {"angle": 0, "axis": "y", "origin": [8, 8, -16]},
			"faces": {
				"north": {"uv": [11, 0, 12, 0.2], "texture": "#detail", "tintindex": 0},
				"east": {"uv": [1, 1, 1.2, 1.2], "rotation": 90, "texture": "#detail", "tintindex": 0},
				"south": {"uv": [1, 1, 2, 1.2], "texture": "#detail", "tintindex": 0},
				"west": {"uv": [1, 1, 1.2, 1.2], "rotation": 270, "texture": "#detail", "tintindex": 0},
				"up": {"uv": [1, 1, 2, 1.2], "texture": "#detail", "tintindex": 0},
				"down": {"uv": [8, 1, 9, 1.2], "texture": "#detail", "tintindex": 0}
			}
		},
		{
			"from": [7.3, 4.3, -15.2],
			"to": [7.5, 4.58, 25],
			"rotation": {"angle": -45, "axis": "z", "origin": [7.3, 4.3, -16]},
			"faces": {
				"north": {"uv": [11, 0, 11.2, 0.28], "texture": "#detail", "tintindex": 0},
				"east": {"uv": [1, 1, 1.2, 1.28], "rotation": 90, "texture": "#detail", "tintindex": 0},
				"south": {"uv": [1, 1, 1.2, 1.28], "texture": "#detail", "tintindex": 0},
				"west": {"uv": [1, 1, 1.2, 1.28], "rotation": 270, "texture": "#detail", "tintindex": 0},
				"up": {"uv": [1, 1, 1.2, 1.2], "texture": "#detail", "tintindex": 0},
				"down": {"uv": [8, 1, 8.2, 1.2], "texture": "#detail", "tintindex": 0}
			}
		},
		{
			"from": [8.5, 4.3, -15.2],
			"to": [8.7, 4.58, 25],
			"rotation": {"angle": 45, "axis": "z", "origin": [8.7, 4.3, -16]},
			"faces": {
				"north": {"uv": [11, 0, 11.2, 0.28], "texture": "#detail", "tintindex": 0},
				"east": {"uv": [1, 1, 1.2, 1.28], "rotation": 90, "texture": "#detail", "tintindex": 0},
				"south": {"uv": [1, 1, 1.2, 1.28], "texture": "#detail", "tintindex": 0},
				"west": {"uv": [1, 1, 1.2, 1.28], "rotation": 270, "texture": "#detail", "tintindex": 0},
				"up": {"uv": [1, 1, 1.2, 1.2], "texture": "#detail", "tintindex": 0},
				"down": {"uv": [8, 1, 8.2, 1.2], "texture": "#detail", "tintindex": 0}
			}
		},
		{
			"from": [7.3, 3.02, -15.2],
			"to": [7.5, 3.3, 25],
			"rotation": {"angle": 45, "axis": "z", "origin": [7.3, 3.3, -16]},
			"faces": {
				"north": {"uv": [11, 0, 11.2, 0.28], "texture": "#detail", "tintindex": 0},
				"east": {"uv": [1, 1, 1.2, 1.28], "rotation": 90, "texture": "#detail", "tintindex": 0},
				"south": {"uv": [1, 1, 1.2, 1.28], "texture": "#detail", "tintindex": 0},
				"west": {"uv": [1, 1, 1.2, 1.28], "rotation": 270, "texture": "#detail", "tintindex": 0},
				"up": {"uv": [1, 1, 1.2, 1.2], "texture": "#detail", "tintindex": 0},
				"down": {"uv": [8, 1, 8.2, 1.2], "texture": "#detail", "tintindex": 0}
			}
		},
		{
			"from": [8.5, 3.02, -15.2],
			"to": [8.7, 3.3, 25],
			"rotation": {"angle": -45, "axis": "z", "origin": [8.7, 3.3, -16]},
			"faces": {
				"north": {"uv": [11, 0, 11.2, 0.28], "texture": "#detail", "tintindex": 0},
				"east": {"uv": [1, 1, 1.2, 1.28], "rotation": 90, "texture": "#detail", "tintindex": 0},
				"south": {"uv": [1, 1, 1.2, 1.28], "texture": "#detail", "tintindex": 0},
				"west": {"uv": [1, 1, 1.2, 1.28], "rotation": 270, "texture": "#detail", "tintindex": 0},
				"up": {"uv": [1, 1, 1.2, 1.2], "texture": "#detail", "tintindex": 0},
				"down": {"uv": [8, 1, 8.2, 1.2], "texture": "#detail", "tintindex": 0}
			}
		},
		{
			"from": [7.8, 2.3, 26],
			"to": [8.2, 2.5, 31],
			"rotation": {"angle": 0, "axis": "y", "origin": [8, 8, 24]},
			"faces": {
				"north": {"uv": [0, 0, 1.2, 1], "texture": "#1"},
				"east": {"uv": [0, 0, 5, 0.2], "texture": "#1"},
				"south": {"uv": [0, 0, 1.2, 1], "texture": "#1"},
				"west": {"uv": [0, 0, 5, 0.2], "texture": "#1"},
				"down": {"uv": [0, 0, 1.2, 5], "texture": "#1"}
			}
		},
		{
			"from": [7.52, 2.3, 26],
			"to": [7.8, 2.5, 31],
			"rotation": {"angle": -45, "axis": "z", "origin": [7.8, 2.3, 25]},
			"faces": {
				"north": {"uv": [0, 0, 1.2, 1], "texture": "#1"},
				"east": {"uv": [0, 0, 5, 0.2], "texture": "#1"},
				"south": {"uv": [0, 0, 1.2, 1], "texture": "#1"},
				"west": {"uv": [0, 0, 5, 0.2], "texture": "#1"},
				"down": {"uv": [0, 0, 1.2, 5], "texture": "#1"}
			}
		},
		{
			"from": [8.2, 2.3, 26],
			"to": [8.48, 2.5, 31],
			"rotation": {"angle": 45, "axis": "z", "origin": [8.2, 2.3, 25]},
			"faces": {
				"north": {"uv": [0, 0, 1.2, 1], "texture": "#1"},
				"east": {"uv": [0, 0, 5, 0.2], "texture": "#1"},
				"south": {"uv": [0, 0, 1.2, 1], "texture": "#1"},
				"west": {"uv": [0, 0, 5, 0.2], "texture": "#1"},
				"down": {"uv": [0, 0, 1.2, 5], "texture": "#1"}
			}
		},
		{
			"from": [7.5, 0.5, 30],
			"to": [8.5, 0.9, 31.2],
			"rotation": {"angle": -22.5, "axis": "x", "origin": [8, 4.5, 31.5]},
			"faces": {
				"north": {"uv": [0, 0, 1.2, 2.2], "texture": "#base", "tintindex": 0},
				"east": {"uv": [0, 0, 1.2, 0.4], "texture": "#base", "tintindex": 0},
				"south": {"uv": [0, 0, 1.2, 2.2], "texture": "#base", "tintindex": 0},
				"west": {"uv": [0, 0, 1.2, 0.4], "texture": "#base", "tintindex": 0},
				"down": {"uv": [0, 0, 1.2, 4], "texture": "#base", "tintindex": 0}
			}
		}
	],
	"display": {
		"thirdperson_righthand": {
			"rotation": [20, 0, 0],
			"translation": [0, 12.3, -19]
		},
		"thirdperson_lefthand": {
			"translation": [0, 5.75, -22.5]
		},
		"firstperson_righthand": {
			"translation": [-3.5, 9.75, -10.5],
			"scale": [0.8, 0.8, 0.8]
		},
		"firstperson_lefthand": {
			"translation": [0, 9.75, -17.5]
		},
		"ground": {
			"translation": [0, 3, -5]
		},
		"gui": {
			"rotation": [30, 225, 0],
			"translation": [-0.35, 2.25, 0],
			"scale": [0.44, 0.44, 0.44]
		},
		"fixed": {
			"rotation": [0, 90, 0],
			"translation": [0, 2, 0],
			"scale": [0.44, 0.44, 0.44]
		}
	}
}