{
	"credit": "Made with Blockbench",
	"textures": {
		"barrel": "cgm:blocks/concrete_silver",
		"detail": "cgm:blocks/concrete_gray",
		"base": "cgm:blocks/concrete_white"
	},
	"elements": [
		{
			"from": [7.2, 2.3, 25.7],
			"to": [8.8, 2.7, 31.1],
			"rotation": {"angle": 0, "axis": "y", "origin": [8, 8, 23]},
			"faces": {
				"north": {"uv": [1, 1, 2.6, 1.4], "texture": "#base", "tintindex": 0},
				"east": {"uv": [1, 3, 6.4, 3.4], "texture": "#base", "tintindex": 0},
				"west": {"uv": [1, 3, 6.4, 3.4], "texture": "#base", "tintindex": 0},
				"down": {"uv": [1, 1, 2.6, 6.4], "rotation": 90, "texture": "#base", "tintindex": 0}
			}
		},
		{
			"from": [7.4, -0.1, 28.7],
			"to": [8.6, 2.8, 30],
			"rotation": {"angle": -22.5, "axis": "x", "origin": [8, 4.5, 30]},
			"faces": {
				"north": {"uv": [0, 0, 1.2, 2.9], "texture": "#detail"},
				"east": {"uv": [0, 0, 1.3, 2.9], "texture": "#detail"},
				"south": {"uv": [0, 0, 1.2, 2.9], "texture": "#detail"},
				"west": {"uv": [0, 0, 1.3, 2.9], "texture": "#detail"}
			}
		},
		{
			"from": [7.9, 1.3, 28.5],
			"to": [8.1, 3.3, 28.7],
			"rotation": {"angle": 22.5, "axis": "x", "origin": [8, 2.3, 28.5]},
			"faces": {
				"east": {"uv": [0, 0, 0.2, 1], "texture": "#barrel"},
				"south": {"uv": [0, 0, 0.2, 1], "texture": "#barrel"},
				"west": {"uv": [0, 0, 0.2, 1], "texture": "#barrel"}
			}
		},
		{
			"from": [7.9, 1.3, 28.09],
			"to": [8.1, 1.5, 29.99],
			"rotation": {"angle": 0, "axis": "y", "origin": [8, 8, 23]},
			"faces": {
				"east": {"uv": [0, 0, 1.7, 0.2], "texture": "#barrel"},
				"west": {"uv": [0, 0, 1.7, 0.2], "texture": "#barrel"},
				"up": {"uv": [0, 0, 0.2, 1.7], "texture": "#barrel"},
				"down": {"uv": [0, 0, 0.2, 1.7], "texture": "#barrel"}
			}
		},
		{
			"from": [7.21, 1.3, 26.115],
			"to": [8.79, 2.3, 28.085],
			"rotation": {"angle": 0, "axis": "y", "origin": [8, 8, 23]},
			"faces": {
				"east": {"uv": [0, 0, 1.97, 1], "texture": "#base", "tintindex": 0},
				"west": {"uv": [0, 0, 1.97, 1], "texture": "#base", "tintindex": 0},
				"down": {"uv": [0, 0, 1.58, 1.97], "rotation": 180, "texture": "#base", "tintindex": 0}
			}
		},
		{
			"from": [7.5, -0.6, 26.2],
			"to": [8.5, 1.4, 28],
			"rotation": {"angle": 0, "axis": "y", "origin": [8, 8, 23]},
			"faces": {
				"north": {"uv": [0, 0, 1, 2], "texture": "#detail"},
				"east": {"uv": [0, 0, 1.8, 2], "texture": "#detail"},
				"south": {"uv": [0, 0, 1, 2], "texture": "#detail"},
				"west": {"uv": [0, 0, 1.8, 2], "texture": "#detail"},
				"down": {"uv": [0, 0, 1, 1.8], "texture": "#detail"}
			}
		},
		{
			"from": [7.7, 3.8, -15.3],
			"to": [8.3, 4, 24.7],
			"rotation": {"angle": 0, "axis": "y", "origin": [8, 8, -16]},
			"faces": {
				"north": {"uv": [0, 0, 0.6, 0.2], "texture": "#barrel"},
				"east": {"uv": [0, 0, 4, 0.2], "rotation": 180, "texture": "#barrel"},
				"west": {"uv": [0, 0, 4, 0.2], "texture": "#barrel"},
				"up": {"uv": [0, 0, 4, 1], "rotation": 90, "texture": "#barrel"},
				"down": {"uv": [0, 0, 4, 1], "rotation": 270, "texture": "#barrel"}
			}
		},
		{
			"from": [7.9, 1.7, 29.2],
			"to": [8.1, 2.3, 29.4],
			"rotation": {"angle": 0, "axis": "y", "origin": [8, 8, 23]},
			"faces": {
				"north": {"uv": [0, 0, 0.2, 1], "texture": "#detail"},
				"east": {"uv": [0, 0, 0.2, 1], "texture": "#detail"},
				"south": {"uv": [0, 0, 0.2, 1], "texture": "#detail"},
				"west": {"uv": [0, 0, 0.2, 1], "texture": "#detail"},
				"down": {"uv": [0, 0, 0.2, 0.2], "texture": "#detail"}
			}
		},
		{
			"from": [7.7, 3, -15.3],
			"to": [8.3, 3.2, 24.7],
			"rotation": {"angle": 0, "axis": "y", "origin": [8, 8, -16]},
			"faces": {
				"north": {"uv": [0, 0, 0.6, 0.2], "texture": "#barrel"},
				"east": {"uv": [0, 0, 4, 0.2], "rotation": 180, "texture": "#barrel"},
				"west": {"uv": [0, 0, 4, 0.2], "texture": "#barrel"},
				"up": {"uv": [0, 0, 4, 1], "rotation": 90, "texture": "#barrel"},
				"down": {"uv": [0, 0, 4, 1], "rotation": 270, "texture": "#barrel"}
			}
		},
		{
			"from": [7.5, 3.2, -15.3],
			"to": [7.7, 3.8, 24.7],
			"rotation": {"angle": 0, "axis": "y", "origin": [8, 8, -16]},
			"faces": {
				"north": {"uv": [0, 0, 0.2, 0.6], "texture": "#barrel"},
				"east": {"uv": [0, 0, 4, 0.6], "rotation": 180, "texture": "#barrel"},
				"west": {"uv": [0, 0, 4, 0.6], "texture": "#barrel"}
			}
		},
		{
			"from": [8.3, 3.2, -15.3],
			"to": [8.5, 3.8, 24.7],
			"rotation": {"angle": 0, "axis": "y", "origin": [8, 8, -16]},
			"faces": {
				"north": {"uv": [0, 0, 0.2, 0.6], "texture": "#barrel"},
				"east": {"uv": [0, 0, 4, 0.6], "rotation": 180, "texture": "#barrel"},
				"west": {"uv": [0, 0, 4, 0.6], "texture": "#barrel"}
			}
		},
		{
			"from": [7.613, 2.8, 24.7],
			"to": [8.387, 4.2, 25.7],
			"rotation": {"angle": 0, "axis": "y", "origin": [8, 8, 23]},
			"faces": {
				"north": {"uv": [0, 0, 1.2, 1.4], "texture": "#detail"},
				"east": {"uv": [0, 0, 6, 1.4], "texture": "#detail"},
				"west": {"uv": [0, 0, 6, 1.4], "texture": "#detail"},
				"up": {"uv": [0, 0, 1.2, 6], "rotation": 90, "texture": "#detail"},
				"down": {"uv": [0, 0, 1.2, 6], "rotation": 90, "texture": "#detail"}
			}
		},
		{
			"from": [7.3, 3.113, 24.7],
			"to": [7.5, 3.887, 25.7],
			"rotation": {"angle": 0, "axis": "y", "origin": [8, 8, 23]},
			"faces": {
				"north": {"uv": [0, 0, 0.2, 1], "texture": "#detail"},
				"west": {"uv": [0, 0, 1, 0.774], "texture": "#detail"}
			}
		},
		{
			"from": [8.5, 3.113, 24.7],
			"to": [8.7, 3.887, 25.7],
			"rotation": {"angle": 0, "axis": "y", "origin": [8, 8, 23]},
			"faces": {
				"north": {"uv": [0, 0, 0.2, 1], "texture": "#detail"},
				"east": {"uv": [0, 0, 1, 0.774], "texture": "#detail"}
			}
		},
		{
			"from": [7.3, 3.887, 24.7],
			"to": [8.837, 4.33, 25.7],
			"rotation": {"angle": -45, "axis": "z", "origin": [7.3, 3.887, 24.8]},
			"faces": {
				"north": {"uv": [0, 0, 0.3, 0.565], "texture": "#detail"},
				"east": {"uv": [0, 0, 6, 0.565], "texture": "#detail"},
				"west": {"uv": [0, 0, 6, 0.565], "texture": "#detail"}
			}
		},
		{
			"from": [7.163, 3.887, 24.7],
			"to": [8.7, 4.33, 25.7],
			"rotation": {"angle": 45, "axis": "z", "origin": [8.7, 3.887, 25]},
			"faces": {
				"north": {"uv": [0, 0, 0.3, 0.565], "texture": "#detail"},
				"east": {"uv": [0, 0, 1, 0.283], "texture": "#detail"},
				"west": {"uv": [0, 0, 6, 0.565], "texture": "#detail"}
			}
		},
		{
			"from": [7.5, 3.8, -15.3],
			"to": [7.7, 4.082, 24.7],
			"rotation": {"angle": -45, "axis": "z", "origin": [7.5, 3.8, -23]},
			"faces": {
				"north": {"uv": [0, 0, 0.2, 0.282], "texture": "#barrel"},
				"east": {"uv": [0, 0, 4, 0.282], "rotation": 180, "texture": "#barrel"},
				"west": {"uv": [0, 0, 4, 0.282], "texture": "#barrel"}
			}
		},
		{
			"from": [8.3, 3.8, -15.3],
			"to": [8.5, 4.082, 24.7],
			"rotation": {"angle": 45, "axis": "z", "origin": [8.5, 3.8, -23]},
			"faces": {
				"north": {"uv": [0, 0, 0.2, 0.282], "texture": "#barrel"},
				"east": {"uv": [0, 0, 4, 0.282], "rotation": 180, "texture": "#barrel"},
				"west": {"uv": [0, 0, 4, 0.282], "texture": "#barrel"}
			}
		},
		{
			"from": [8.3, 2.918, -15.3],
			"to": [8.5, 3.2, 24.7],
			"rotation": {"angle": -45, "axis": "z", "origin": [8.5, 3.2, -23]},
			"faces": {
				"north": {"uv": [0, 0, 0.2, 0.282], "texture": "#barrel"},
				"east": {"uv": [0, 0, 4, 0.282], "rotation": 180, "texture": "#barrel"},
				"west": {"uv": [0, 0, 4, 0.282], "texture": "#barrel"}
			}
		},
		{
			"from": [7.5, 2.918, -15.3],
			"to": [7.7, 3.2, 24.7],
			"rotation": {"angle": 45, "axis": "z", "origin": [7.5, 3.2, -23]},
			"faces": {
				"north": {"uv": [0, 0, 0.2, 0.282], "texture": "#barrel"},
				"east": {"uv": [0, 0, 4, 0.282], "rotation": 180, "texture": "#barrel"},
				"west": {"uv": [0, 0, 4, 0.282], "texture": "#barrel"}
			}
		},
		{
			"from": [7.6, 4, 25.7],
			"to": [8.4, 4.4, 31.5],
			"rotation": {"angle": 0, "axis": "y", "origin": [8, 8, 23]},
			"faces": {
				"north": {"uv": [1, 1, 1.8, 1.4], "texture": "#base", "tintindex": 0},
				"south": {"uv": [1, 1, 1.8, 1.4], "texture": "#base", "tintindex": 0},
				"up": {"uv": [1, 3, 1.8, 8.8], "texture": "#base", "tintindex": 0}
			}
		},
		{
			"from": [7.2, 3.6, 25.7],
			"to": [7.766, 4, 31.5],
			"rotation": {"angle": 45, "axis": "z", "origin": [7.2, 4, 25.5]},
			"faces": {
				"north": {"uv": [1, 1, 1.566, 1.4], "texture": "#base", "tintindex": 0},
				"south": {"uv": [1, 1, 1.566, 1.4], "texture": "#base", "tintindex": 0},
				"up": {"uv": [1, 3, 1.566, 8.8], "texture": "#base", "tintindex": 0}
			}
		},
		{
			"from": [8.234, 3.6, 25.7],
			"to": [8.8, 4, 31.5],
			"rotation": {"angle": -45, "axis": "z", "origin": [8.8, 4, 25.5]},
			"faces": {
				"north": {"uv": [1, 1, 1.566, 1.4], "texture": "#base", "tintindex": 0},
				"south": {"uv": [1, 1, 1.566, 1.4], "texture": "#base", "tintindex": 0},
				"up": {"uv": [1, 3, 1.566, 8.8], "texture": "#base", "tintindex": 0}
			}
		},
		{
			"from": [7.2, 2.7, 25.7],
			"to": [8.8, 4, 31.5],
			"rotation": {"angle": 0, "axis": "y", "origin": [8, 8, 23]},
			"faces": {
				"north": {"uv": [1, 1, 2.6, 2.3], "texture": "#base", "tintindex": 0},
				"east": {"uv": [1, 3, 6.8, 4.3], "texture": "#base", "tintindex": 0},
				"south": {"uv": [1, 1, 2.6, 2.3], "texture": "#base", "tintindex": 0},
				"west": {"uv": [1, 3, 6.8, 4.3], "texture": "#base", "tintindex": 0}
			}
		},
		{
			"from": [7.2, 2.3, 31.1],
			"to": [8.8, 2.7, 31.665],
			"rotation": {"angle": -45, "axis": "x", "origin": [8, 2.3, 31.1]},
			"faces": {
				"east": {"uv": [1, 3, 1.565, 3.4], "rotation": 270, "texture": "#base", "tintindex": 0},
				"west": {"uv": [1, 3, 1.565, 3.4], "rotation": 90, "texture": "#base", "tintindex": 0},
				"down": {"uv": [1, 1, 2.6, 1.565], "rotation": 90, "texture": "#base", "tintindex": 0}
			}
		},
		{
			"from": [7.4, -0.5, 28.7],
			"to": [8.6, -0.1, 30],
			"rotation": {"angle": -22.5, "axis": "x", "origin": [8, 4.5, 30]},
			"faces": {
				"north": {"uv": [0, 0, 1.2, 0.4], "texture": "#base", "tintindex": 0},
				"east": {"uv": [0, 0, 1.3, 0.4], "texture": "#base", "tintindex": 0},
				"south": {"uv": [0, 0, 1.2, 0.4], "texture": "#base", "tintindex": 0},
				"west": {"uv": [0, 0, 1.3, 0.4], "texture": "#base", "tintindex": 0},
				"down": {"uv": [0, 0, 1.2, 1.3], "texture": "#base", "tintindex": 0}
			}
		},
		{
			"from": [7.21, 1.22, 25.7],
			"to": [8.79, 2.3, 26.1],
			"rotation": {"angle": -22.5, "axis": "x", "origin": [8, 2.3, 25.7]},
			"faces": {
				"north": {"uv": [0, 0, 1.58, 1.08], "texture": "#base", "tintindex": 0},
				"east": {"uv": [0, 0, 0.4, 1.08], "texture": "#base", "tintindex": 0},
				"west": {"uv": [0, 0, 0.4, 1.08], "texture": "#base", "tintindex": 0}
			}
		},
		{
			"from": [7.21, 1.22, 28.1],
			"to": [8.79, 2.3, 28.5],
			"rotation": {"angle": 22.5, "axis": "x", "origin": [8, 2.3, 28.5]},
			"faces": {
				"east": {"uv": [0, 0, 0.4, 1.08], "texture": "#base", "tintindex": 0},
				"south": {"uv": [0, 0, 1.58, 1.08], "texture": "#base", "tintindex": 0},
				"west": {"uv": [0, 0, 0.4, 1.08], "texture": "#base", "tintindex": 0}
			}
		},
		{
			"from": [7.91, 4.4, 26],
			"to": [8.11, 4.9, 26.5],
			"rotation": {"angle": 0, "axis": "y", "origin": [8, 8, 23]},
			"faces": {
				"north": {"uv": [0, 0, 0.2, 0.5], "texture": "#detail"},
				"east": {"uv": [0, 0, 0.5, 0.5], "texture": "#detail"},
				"south": {"uv": [0, 0, 0.2, 0.5], "texture": "#detail"},
				"west": {"uv": [0, 0, 0.5, 0.5], "texture": "#detail"},
				"up": {"uv": [0, 0, 0.2, 0.5], "texture": "#detail"}
			}
		}
	],
	"display": {
		"thirdperson_righthand": {
			"rotation": [20, 0, 0],
			"translation": [0, 13.3, -17.35]
		},
		"thirdperson_lefthand": {
			"translation": [0, 6, -21.5]
		},
		"firstperson_righthand": {
			"translation": [-3.5, 10, -9.5],
			"scale": [0.8, 0.8, 0.8]
		},
		"firstperson_lefthand": {
			"translation": [0, 9.5, -16]
		},
		"ground": {
			"translation": [0, 5, -4.5]
		},
		"gui": {
			"rotation": [30, 225, 0],
			"translation": [-0.05, 2.45, 0],
			"scale": [0.44, 0.44, 0.44]
		},
		"fixed": {
			"rotation": [0, 90, 0],
			"translation": [0.25, 3.25, 0],
			"scale": [0.44, 0.44, 0.44]
		}
	}
}