{
	"credit": "Made with Blockbench",
	"textures": {
		"barrel": "blocks/concrete_gray",
		"detail": "blocks/concrete_silver"
	},
	"elements": [
		{
			"from": [6.5, 2.3, -16],
			"to": [7.5, 3.3, 10],
			"rotation": {"angle": 45, "axis": "z", "origin": [7, 3, 0]},
			"faces": {
				"north": {"uv": [0, 0, 1, 1], "texture": "#barrel"},
				"east": {"uv": [0, 0, 15.9, 1], "texture": "#barrel"},
				"south": {"uv": [0, 0, 1, 1], "texture": "#barrel"},
				"west": {"uv": [0, 0, 15.9, 1], "texture": "#barrel"},
				"up": {"uv": [0, 0, 1, 15.9], "texture": "#barrel"},
				"down": {"uv": [0, 0, 1, 15.9], "texture": "#barrel"}
			}
		},
		{
			"from": [8.5, 2.3, -16],
			"to": [9.5, 3.3, 10],
			"rotation": {"angle": -45, "axis": "z", "origin": [9, 3, 0]},
			"faces": {
				"north": {"uv": [0, 0, 1, 1], "texture": "#barrel"},
				"east": {"uv": [0, 0, 15.9, 1], "texture": "#barrel"},
				"south": {"uv": [0, 0, 1, 1], "texture": "#barrel"},
				"west": {"uv": [0, 0, 15.9, 1], "texture": "#barrel"},
				"up": {"uv": [0, 0, 1, 15.9], "texture": "#barrel"},
				"down": {"uv": [0, 0, 1, 15.9], "texture": "#barrel"}
			}
		},
		{
			"from": [8.3, 0.5, -16],
			"to": [9.3, 1.5, 10],
			"rotation": {"angle": -45, "axis": "z", "origin": [9, 1, 0]},
			"faces": {
				"north": {"uv": [0, 0, 1, 1], "texture": "#barrel"},
				"east": {"uv": [0, 0, 15.9, 1], "texture": "#barrel"},
				"south": {"uv": [0, 0, 1, 1], "texture": "#barrel"},
				"west": {"uv": [0, 0, 15.9, 1], "texture": "#barrel"},
				"up": {"uv": [0, 0, 1, 15.9], "texture": "#barrel"},
				"down": {"uv": [0, 0, 1, 15.9], "texture": "#barrel"}
			}
		},
		{
			"from": [6.7, 0.5, -16],
			"to": [7.7, 1.5, 10],
			"rotation": {"angle": 45, "axis": "z", "origin": [7, 1, 0]},
			"faces": {
				"north": {"uv": [0, 0, 1, 1], "texture": "#barrel"},
				"east": {"uv": [0, 0, 15.9, 1], "texture": "#barrel"},
				"south": {"uv": [0, 0, 1, 1], "texture": "#barrel"},
				"west": {"uv": [0, 0, 15.9, 1], "texture": "#barrel"},
				"up": {"uv": [0, 0, 1, 15.9], "texture": "#barrel"},
				"down": {"uv": [0, 0, 1, 15.9], "texture": "#barrel"}
			}
		},
		{
			"from": [6.9, 0.2, -15],
			"to": [9.1, 3.8, -14.6],
			"rotation": {"angle": 0, "axis": "y", "origin": [8, 8, -1]},
			"faces": {
				"north": {"uv": [1, 1, 4.6, 4.6], "texture": "#detail"},
				"east": {"uv": [0, 0, 0.4, 3.6], "texture": "#detail"},
				"south": {"uv": [0, 0, 3.6, 3.6], "texture": "#detail"},
				"west": {"uv": [0, 0, 0.4, 3.6], "texture": "#detail"},
				"up": {"uv": [0, 0, 3.6, 0.4], "texture": "#detail"},
				"down": {"uv": [0, 0, 3.6, 0.4], "texture": "#detail"}
			}
		},
		{
			"from": [6.2, 0.9, -15],
			"to": [9.8, 3.1, -14.6],
			"rotation": {"angle": 0, "axis": "y", "origin": [8, 8, -1]},
			"faces": {
				"north": {"uv": [1, 1, 4.6, 4.6], "texture": "#detail"},
				"east": {"uv": [0, 0, 0.4, 3.6], "texture": "#detail"},
				"south": {"uv": [0, 0, 3.6, 3.6], "texture": "#detail"},
				"west": {"uv": [0, 0, 0.4, 3.6], "texture": "#detail"},
				"up": {"uv": [0, 0, 3.6, 0.4], "texture": "#detail"},
				"down": {"uv": [0, 0, 3.6, 0.4], "texture": "#detail"}
			}
		},
		{
			"from": [6.2, 3.1, -15],
			"to": [10.3, 4.09, -14.6],
			"rotation": {"angle": -45, "axis": "z", "origin": [6.2, 3.1, -13]},
			"faces": {
				"north": {"uv": [1, 1, 4.6, 4.6], "texture": "#detail"},
				"east": {"uv": [0, 0, 0.4, 3.6], "texture": "#detail"},
				"south": {"uv": [0, 0, 3.6, 3.6], "texture": "#detail"},
				"west": {"uv": [0, 0, 0.4, 3.6], "texture": "#detail"},
				"up": {"uv": [0, 0, 3.6, 0.4], "texture": "#detail"},
				"down": {"uv": [0, 0, 3.6, 0.4], "texture": "#detail"}
			}
		},
		{
			"from": [5.7, 3.1, -15],
			"to": [9.8, 4.09, -14.6],
			"rotation": {"angle": 45, "axis": "z", "origin": [9.8, 3.1, -13]},
			"faces": {
				"north": {"uv": [1, 1, 4.6, 4.6], "texture": "#detail"},
				"east": {"uv": [0, 0, 0.4, 3.6], "texture": "#detail"},
				"south": {"uv": [0, 0, 3.6, 3.6], "texture": "#detail"},
				"west": {"uv": [0, 0, 0.4, 3.6], "texture": "#detail"},
				"up": {"uv": [0, 0, 3.6, 0.4], "texture": "#detail"},
				"down": {"uv": [0, 0, 3.6, 0.4], "texture": "#detail"}
			}
		},
		{
			"from": [6.9, 0.2, -13],
			"to": [9.1, 3.8, -12.6],
			"rotation": {"angle": 0, "axis": "y", "origin": [8, 8, -1]},
			"faces": {
				"north": {"uv": [1, 1, 4.6, 4.6], "texture": "#detail"},
				"east": {"uv": [0, 0, 0.4, 3.6], "texture": "#detail"},
				"south": {"uv": [0, 0, 3.6, 3.6], "texture": "#detail"},
				"west": {"uv": [0, 0, 0.4, 3.6], "texture": "#detail"},
				"up": {"uv": [0, 0, 3.6, 0.4], "texture": "#detail"},
				"down": {"uv": [0, 0, 3.6, 0.4], "texture": "#detail"}
			}
		},
		{
			"from": [6.9, 0.2, -8],
			"to": [9.1, 3.8, -7.6],
			"rotation": {"angle": 0, "axis": "y", "origin": [8, 8, -1]},
			"faces": {
				"north": {"uv": [1, 1, 4.6, 4.6], "texture": "#detail"},
				"east": {"uv": [0, 0, 0.4, 3.6], "texture": "#detail"},
				"south": {"uv": [0, 0, 3.6, 3.6], "texture": "#detail"},
				"west": {"uv": [0, 0, 0.4, 3.6], "texture": "#detail"},
				"up": {"uv": [0, 0, 3.6, 0.4], "texture": "#detail"},
				"down": {"uv": [0, 0, 3.6, 0.4], "texture": "#detail"}
			}
		},
		{
			"from": [6.9, 0.2, -3],
			"to": [9.1, 3.8, -2.6],
			"rotation": {"angle": 0, "axis": "y", "origin": [8, 8, -1]},
			"faces": {
				"north": {"uv": [1, 1, 4.6, 4.6], "texture": "#detail"},
				"east": {"uv": [0, 0, 0.4, 3.6], "texture": "#detail"},
				"south": {"uv": [0, 0, 3.6, 3.6], "texture": "#detail"},
				"west": {"uv": [0, 0, 0.4, 3.6], "texture": "#detail"},
				"up": {"uv": [0, 0, 3.6, 0.4], "texture": "#detail"},
				"down": {"uv": [0, 0, 3.6, 0.4], "texture": "#detail"}
			}
		},
		{
			"from": [6.9, 0.2, -0.4],
			"to": [9.1, 3.8, 0],
			"rotation": {"angle": 0, "axis": "y", "origin": [8, 8, -1]},
			"faces": {
				"north": {"uv": [1, 1, 4.6, 4.6], "texture": "#detail"},
				"east": {"uv": [0, 0, 0.4, 3.6], "texture": "#detail"},
				"south": {"uv": [0, 0, 3.6, 3.6], "texture": "#detail"},
				"west": {"uv": [0, 0, 0.4, 3.6], "texture": "#detail"},
				"up": {"uv": [0, 0, 3.6, 0.4], "texture": "#detail"},
				"down": {"uv": [0, 0, 3.6, 0.4], "texture": "#detail"}
			}
		},
		{
			"from": [5.7, 3.1, 5.6],
			"to": [9.8, 4.09, 6],
			"rotation": {"angle": 45, "axis": "z", "origin": [9.8, 3.1, -7]},
			"faces": {
				"north": {"uv": [1, 1, 4.6, 4.6], "texture": "#detail"},
				"east": {"uv": [0, 0, 0.4, 3.6], "texture": "#detail"},
				"south": {"uv": [0, 0, 3.6, 3.6], "texture": "#detail"},
				"west": {"uv": [0, 0, 0.4, 3.6], "texture": "#detail"},
				"up": {"uv": [0, 0, 3.6, 0.4], "texture": "#detail"},
				"down": {"uv": [0, 0, 3.6, 0.4], "texture": "#detail"}
			}
		},
		{
			"from": [6.2, 0.9, 5.6],
			"to": [9.8, 3.1, 6],
			"rotation": {"angle": 0, "axis": "y", "origin": [8, 8, 5]},
			"faces": {
				"north": {"uv": [1, 1, 4.6, 4.6], "texture": "#detail"},
				"east": {"uv": [0, 0, 0.4, 3.6], "texture": "#detail"},
				"south": {"uv": [0, 0, 3.6, 3.6], "texture": "#detail"},
				"west": {"uv": [0, 0, 0.4, 3.6], "texture": "#detail"},
				"up": {"uv": [0, 0, 3.6, 0.4], "texture": "#detail"},
				"down": {"uv": [0, 0, 3.6, 0.4], "texture": "#detail"}
			}
		},
		{
			"from": [6.2, 3.1, 5.6],
			"to": [10.3, 4.09, 6],
			"rotation": {"angle": -45, "axis": "z", "origin": [6.2, 3.1, -7]},
			"faces": {
				"north": {"uv": [1, 1, 4.6, 4.6], "texture": "#detail"},
				"east": {"uv": [0, 0, 0.4, 3.6], "texture": "#detail"},
				"south": {"uv": [0, 0, 3.6, 3.6], "texture": "#detail"},
				"west": {"uv": [0, 0, 0.4, 3.6], "texture": "#detail"},
				"up": {"uv": [0, 0, 3.6, 0.4], "texture": "#detail"},
				"down": {"uv": [0, 0, 3.6, 0.4], "texture": "#detail"}
			}
		},
		{
			"from": [6.9, 0.2, 5.6],
			"to": [9.1, 3.8, 6],
			"rotation": {"angle": 0, "axis": "y", "origin": [8, 8, 5]},
			"faces": {
				"north": {"uv": [1, 1, 4.6, 4.6], "texture": "#detail"},
				"east": {"uv": [0, 0, 0.4, 3.6], "texture": "#detail"},
				"south": {"uv": [0, 0, 3.6, 3.6], "texture": "#detail"},
				"west": {"uv": [0, 0, 0.4, 3.6], "texture": "#detail"},
				"up": {"uv": [0, 0, 3.6, 0.4], "texture": "#detail"},
				"down": {"uv": [0, 0, 3.6, 0.4], "texture": "#detail"}
			}
		},
		{
			"from": [5.7, 3.1, 7.6],
			"to": [9.8, 4.09, 8],
			"rotation": {"angle": 45, "axis": "z", "origin": [9.8, 3.1, -5]},
			"faces": {
				"north": {"uv": [1, 1, 4.6, 4.6], "texture": "#detail"},
				"east": {"uv": [0, 0, 0.4, 3.6], "texture": "#detail"},
				"south": {"uv": [0, 0, 3.6, 3.6], "texture": "#detail"},
				"west": {"uv": [0, 0, 0.4, 3.6], "texture": "#detail"},
				"up": {"uv": [0, 0, 3.6, 0.4], "texture": "#detail"},
				"down": {"uv": [0, 0, 3.6, 0.4], "texture": "#detail"}
			}
		},
		{
			"from": [6.2, 0.9, 7.6],
			"to": [9.8, 3.1, 8],
			"rotation": {"angle": 0, "axis": "y", "origin": [8, 8, 7]},
			"faces": {
				"north": {"uv": [1, 1, 4.6, 4.6], "texture": "#detail"},
				"east": {"uv": [0, 0, 0.4, 3.6], "texture": "#detail"},
				"south": {"uv": [0, 0, 3.6, 3.6], "texture": "#detail"},
				"west": {"uv": [0, 0, 0.4, 3.6], "texture": "#detail"},
				"up": {"uv": [0, 0, 3.6, 0.4], "texture": "#detail"},
				"down": {"uv": [0, 0, 3.6, 0.4], "texture": "#detail"}
			}
		},
		{
			"from": [6.2, 3.1, 7.6],
			"to": [10.3, 4.09, 8],
			"rotation": {"angle": -45, "axis": "z", "origin": [6.2, 3.1, -5]},
			"faces": {
				"north": {"uv": [1, 1, 4.6, 4.6], "texture": "#detail"},
				"east": {"uv": [0, 0, 0.4, 3.6], "texture": "#detail"},
				"south": {"uv": [0, 0, 3.6, 3.6], "texture": "#detail"},
				"west": {"uv": [0, 0, 0.4, 3.6], "texture": "#detail"},
				"up": {"uv": [0, 0, 3.6, 0.4], "texture": "#detail"},
				"down": {"uv": [0, 0, 3.6, 0.4], "texture": "#detail"}
			}
		},
		{
			"from": [6.9, 0.2, 7.6],
			"to": [9.1, 3.8, 8],
			"rotation": {"angle": 0, "axis": "y", "origin": [8, 8, 7]},
			"faces": {
				"north": {"uv": [1, 1, 4.6, 4.6], "texture": "#detail"},
				"east": {"uv": [0, 0, 0.4, 3.6], "texture": "#detail"},
				"south": {"uv": [0, 0, 3.6, 3.6], "texture": "#detail"},
				"west": {"uv": [0, 0, 0.4, 3.6], "texture": "#detail"},
				"up": {"uv": [0, 0, 3.6, 0.4], "texture": "#detail"},
				"down": {"uv": [0, 0, 3.6, 0.4], "texture": "#detail"}
			}
		},
		{
			"from": [6.2, 0.9, -13],
			"to": [9.8, 3.1, -12.6],
			"rotation": {"angle": 0, "axis": "y", "origin": [8, 8, -1]},
			"faces": {
				"north": {"uv": [1, 1, 4.6, 4.6], "texture": "#detail"},
				"east": {"uv": [0, 0, 0.4, 3.6], "texture": "#detail"},
				"south": {"uv": [0, 0, 3.6, 3.6], "texture": "#detail"},
				"west": {"uv": [0, 0, 0.4, 3.6], "texture": "#detail"},
				"up": {"uv": [0, 0, 3.6, 0.4], "texture": "#detail"},
				"down": {"uv": [0, 0, 3.6, 0.4], "texture": "#detail"}
			}
		},
		{
			"from": [6.2, 0.9, -8],
			"to": [9.8, 3.1, -7.6],
			"rotation": {"angle": 0, "axis": "y", "origin": [8, 8, -1]},
			"faces": {
				"north": {"uv": [1, 1, 4.6, 4.6], "texture": "#detail"},
				"east": {"uv": [0, 0, 0.4, 3.6], "texture": "#detail"},
				"south": {"uv": [0, 0, 3.6, 3.6], "texture": "#detail"},
				"west": {"uv": [0, 0, 0.4, 3.6], "texture": "#detail"},
				"up": {"uv": [0, 0, 3.6, 0.4], "texture": "#detail"},
				"down": {"uv": [0, 0, 3.6, 0.4], "texture": "#detail"}
			}
		},
		{
			"from": [6.2, 0.9, -3],
			"to": [9.8, 3.1, -2.6],
			"rotation": {"angle": 0, "axis": "y", "origin": [8, 8, -1]},
			"faces": {
				"north": {"uv": [1, 1, 4.6, 4.6], "texture": "#detail"},
				"east": {"uv": [0, 0, 0.4, 3.6], "texture": "#detail"},
				"south": {"uv": [0, 0, 3.6, 3.6], "texture": "#detail"},
				"west": {"uv": [0, 0, 0.4, 3.6], "texture": "#detail"},
				"up": {"uv": [0, 0, 3.6, 0.4], "texture": "#detail"},
				"down": {"uv": [0, 0, 3.6, 0.4], "texture": "#detail"}
			}
		},
		{
			"from": [6.2, 0.9, -0.4],
			"to": [9.8, 3.1, 0],
			"rotation": {"angle": 0, "axis": "y", "origin": [8, 8, -1]},
			"faces": {
				"north": {"uv": [1, 1, 4.6, 4.6], "texture": "#detail"},
				"east": {"uv": [0, 0, 0.4, 3.6], "texture": "#detail"},
				"south": {"uv": [0, 0, 3.6, 3.6], "texture": "#detail"},
				"west": {"uv": [0, 0, 0.4, 3.6], "texture": "#detail"},
				"up": {"uv": [0, 0, 3.6, 0.4], "texture": "#detail"},
				"down": {"uv": [0, 0, 3.6, 0.4], "texture": "#detail"}
			}
		},
		{
			"from": [6.2, 3.1, -13],
			"to": [10.3, 4.09, -12.6],
			"rotation": {"angle": -45, "axis": "z", "origin": [6.2, 3.1, -13]},
			"faces": {
				"north": {"uv": [1, 1, 4.6, 4.6], "texture": "#detail"},
				"east": {"uv": [0, 0, 0.4, 3.6], "texture": "#detail"},
				"south": {"uv": [0, 0, 3.6, 3.6], "texture": "#detail"},
				"west": {"uv": [0, 0, 0.4, 3.6], "texture": "#detail"},
				"up": {"uv": [0, 0, 3.6, 0.4], "texture": "#detail"},
				"down": {"uv": [0, 0, 3.6, 0.4], "texture": "#detail"}
			}
		},
		{
			"from": [6.2, 3.1, -8],
			"to": [10.3, 4.09, -7.6],
			"rotation": {"angle": -45, "axis": "z", "origin": [6.2, 3.1, -13]},
			"faces": {
				"north": {"uv": [1, 1, 4.6, 4.6], "texture": "#detail"},
				"east": {"uv": [0, 0, 0.4, 3.6], "texture": "#detail"},
				"south": {"uv": [0, 0, 3.6, 3.6], "texture": "#detail"},
				"west": {"uv": [0, 0, 0.4, 3.6], "texture": "#detail"},
				"up": {"uv": [0, 0, 3.6, 0.4], "texture": "#detail"},
				"down": {"uv": [0, 0, 3.6, 0.4], "texture": "#detail"}
			}
		},
		{
			"from": [6.2, 3.1, -3],
			"to": [10.3, 4.09, -2.6],
			"rotation": {"angle": -45, "axis": "z", "origin": [6.2, 3.1, -13]},
			"faces": {
				"north": {"uv": [1, 1, 4.6, 4.6], "texture": "#detail"},
				"east": {"uv": [0, 0, 0.4, 3.6], "texture": "#detail"},
				"south": {"uv": [0, 0, 3.6, 3.6], "texture": "#detail"},
				"west": {"uv": [0, 0, 0.4, 3.6], "texture": "#detail"},
				"up": {"uv": [0, 0, 3.6, 0.4], "texture": "#detail"},
				"down": {"uv": [0, 0, 3.6, 0.4], "texture": "#detail"}
			}
		},
		{
			"from": [6.2, 3.1, -0.4],
			"to": [10.3, 4.09, 0],
			"rotation": {"angle": -45, "axis": "z", "origin": [6.2, 3.1, -13]},
			"faces": {
				"north": {"uv": [1, 1, 4.6, 4.6], "texture": "#detail"},
				"east": {"uv": [0, 0, 0.4, 3.6], "texture": "#detail"},
				"south": {"uv": [0, 0, 3.6, 3.6], "texture": "#detail"},
				"west": {"uv": [0, 0, 0.4, 3.6], "texture": "#detail"},
				"up": {"uv": [0, 0, 3.6, 0.4], "texture": "#detail"},
				"down": {"uv": [0, 0, 3.6, 0.4], "texture": "#detail"}
			}
		},
		{
			"from": [5.7, 3.1, -13],
			"to": [9.8, 4.09, -12.6],
			"rotation": {"angle": 45, "axis": "z", "origin": [9.8, 3.1, -13]},
			"faces": {
				"north": {"uv": [1, 1, 4.6, 4.6], "texture": "#detail"},
				"east": {"uv": [0, 0, 0.4, 3.6], "texture": "#detail"},
				"south": {"uv": [0, 0, 3.6, 3.6], "texture": "#detail"},
				"west": {"uv": [0, 0, 0.4, 3.6], "texture": "#detail"},
				"up": {"uv": [0, 0, 3.6, 0.4], "texture": "#detail"},
				"down": {"uv": [0, 0, 3.6, 0.4], "texture": "#detail"}
			}
		},
		{
			"from": [5.7, 3.1, -8],
			"to": [9.8, 4.09, -7.6],
			"rotation": {"angle": 45, "axis": "z", "origin": [9.8, 3.1, -13]},
			"faces": {
				"north": {"uv": [1, 1, 4.6, 4.6], "texture": "#detail"},
				"east": {"uv": [0, 0, 0.4, 3.6], "texture": "#detail"},
				"south": {"uv": [0, 0, 3.6, 3.6], "texture": "#detail"},
				"west": {"uv": [0, 0, 0.4, 3.6], "texture": "#detail"},
				"up": {"uv": [0, 0, 3.6, 0.4], "texture": "#detail"},
				"down": {"uv": [0, 0, 3.6, 0.4], "texture": "#detail"}
			}
		},
		{
			"from": [5.7, 3.1, -3],
			"to": [9.8, 4.09, -2.6],
			"rotation": {"angle": 45, "axis": "z", "origin": [9.8, 3.1, -13]},
			"faces": {
				"north": {"uv": [1, 1, 4.6, 4.6], "texture": "#detail"},
				"east": {"uv": [0, 0, 0.4, 3.6], "texture": "#detail"},
				"south": {"uv": [0, 0, 3.6, 3.6], "texture": "#detail"},
				"west": {"uv": [0, 0, 0.4, 3.6], "texture": "#detail"},
				"up": {"uv": [0, 0, 3.6, 0.4], "texture": "#detail"},
				"down": {"uv": [0, 0, 3.6, 0.4], "texture": "#detail"}
			}
		},
		{
			"from": [5.7, 3.1, -0.4],
			"to": [9.8, 4.09, 0],
			"rotation": {"angle": 45, "axis": "z", "origin": [9.8, 3.1, -13]},
			"faces": {
				"north": {"uv": [1, 1, 4.6, 4.6], "texture": "#detail"},
				"east": {"uv": [0, 0, 0.4, 3.6], "texture": "#detail"},
				"south": {"uv": [0, 0, 3.6, 3.6], "texture": "#detail"},
				"west": {"uv": [0, 0, 0.4, 3.6], "texture": "#detail"},
				"up": {"uv": [0, 0, 3.6, 0.4], "texture": "#detail"},
				"down": {"uv": [0, 0, 3.6, 0.4], "texture": "#detail"}
			}
		}
	],
	"display": {
		"thirdperson_righthand": {
			"rotation": [75, 0, 0],
			"translation": [0, 76.75, -16.5]
		},
		"firstperson_righthand": {
			"translation": [2.5, 7.5, -38.75],
			"scale": [0.8, 0.8, 0.8]
		},
		"ground": {
			"translation": [0, 3, 0]
		},
		"gui": {
			"rotation": [30, 225, 0],
			"translation": [-1, 3, 0],
			"scale": [0.75, 0.75, 0.75]
		},
		"fixed": {
			"rotation": [0, 90, 0],
			"translation": [-0.5, 10, 0],
			"scale": [2, 2, 2]
		}
	}
}