{
	"credit": "Made with Blockbench",
	"textures": {
		"barrel": "cgm:blocks/concrete_gray",
		"detail": "cgm:blocks/concrete_silver",
		"base": "cgm:blocks/concrete_white"
	},
	"elements": [
		{
			"from": [7.6, 2.6, 17.3],
			"to": [8.4, 3.1, 27],
			"rotation": {"angle": 0, "axis": "y", "origin": [8, 8, 21]},
			"faces": {
				"north": {"uv": [0, 0, 0.8, 0.5], "texture": "#barrel"},
				"east": {"uv": [0, 0, 1, 1], "texture": "#barrel"},
				"south": {"uv": [0, 0, 0.8, 0.5], "texture": "#barrel"},
				"west": {"uv": [0, 0, 1, 1], "texture": "#barrel"},
				"up": {"uv": [0, 0, 1, 1], "texture": "#barrel"},
				"down": {"uv": [0, 0, 1, 1], "texture": "#barrel"}
			}
		},
		{
			"from": [7.3, 3.3, 16],
			"to": [8.7, 4.3, 25.8],
			"rotation": {"angle": 0, "axis": "y", "origin": [8, 8, 21]},
			"faces": {
				"east": {"uv": [1, 1, 2, 13], "rotation": 90, "texture": "#base", "tintindex": 0},
				"south": {"uv": [1, 1, 2.4, 2.4], "texture": "#base", "tintindex": 0},
				"west": {"uv": [1, 1, 2, 13], "rotation": 270, "texture": "#base", "tintindex": 0},
				"up": {"uv": [7, 1, 6, 13], "texture": "#base", "tintindex": 0},
				"down": {"uv": [8, 1, 9.4, 2], "texture": "#base", "tintindex": 0}
			}
		},
		{
			"from": [7.9, 4.7, 8.2],
			"to": [8.1, 5.1, 8.6],
			"rotation": {"angle": 0, "axis": "y", "origin": [8, 8, 21]},
			"faces": {
				"north": {"uv": [0, 0, 0.4, 0.4], "texture": "#barrel"},
				"east": {"uv": [0, 0, 0.4, 0.4], "texture": "#barrel"},
				"south": {"uv": [0, 0, 0.4, 0.4], "texture": "#barrel"},
				"west": {"uv": [0, 0, 0.4, 0.4], "texture": "#barrel"},
				"up": {"uv": [0, 0, 0.4, 0.4], "texture": "#barrel"}
			}
		},
		{
			"from": [7.9, 2.2, 26.3],
			"to": [8.1, 2.6, 26.5],
			"rotation": {"angle": 0, "axis": "y", "origin": [8, 8, 21]},
			"faces": {
				"north": {"uv": [0, 0, 0.2, 1], "texture": "#detail"},
				"east": {"uv": [0, 0, 0.2, 1], "texture": "#detail"},
				"south": {"uv": [0, 0, 0.2, 1], "texture": "#detail"},
				"west": {"uv": [0, 0, 0.2, 1], "texture": "#detail"},
				"down": {"uv": [0, 0, 0.2, 0.2], "texture": "#detail"}
			}
		},
		{
			"from": [7.9, 1.8, 26.7],
			"to": [8.1, 2, 28],
			"rotation": {"angle": 0, "axis": "y", "origin": [8, 8, 21]},
			"faces": {
				"north": {"uv": [0, 0, 0.2, 0.2], "texture": "#detail"},
				"east": {"uv": [0, 0, 1.7, 0.2], "texture": "#detail"},
				"south": {"uv": [0, 0, 4.2, -4.8], "texture": "#detail"},
				"west": {"uv": [0, 0, 1.7, 0.2], "texture": "#detail"},
				"up": {"uv": [0, 0, 0.2, 1.7], "texture": "#detail"},
				"down": {"uv": [0, 0, 0.2, 1.7], "texture": "#detail"}
			}
		},
		{
			"from": [7.5, 3.1, 26.1],
			"to": [8.5, 4.5, 27.95],
			"rotation": {"angle": 22.5, "axis": "x", "origin": [8, 4.5, 26.1]},
			"faces": {
				"north": {"uv": [11, 0, 12, 1], "texture": "#base", "tintindex": 0},
				"east": {"uv": [1, 12, 2, 14], "rotation": 90, "texture": "#base", "tintindex": 0},
				"south": {"uv": [1, 13, 2.4, 14], "texture": "#base", "tintindex": 0},
				"west": {"uv": [1, 12, 2, 14], "rotation": 270, "texture": "#base", "tintindex": 0},
				"up": {"uv": [2, 12, 1, 14], "texture": "#base", "tintindex": 0},
				"down": {"uv": [8, 1, 9.4, 2], "texture": "#base", "tintindex": 0}
			}
		},
		{
			"from": [7.5, 2.3, 27.77],
			"to": [8.5, 3.7, 30.8],
			"rotation": {"angle": 45, "axis": "x", "origin": [8, 3.7, 27.9]},
			"faces": {
				"north": {"uv": [11, 0, 12, 1], "texture": "#base", "tintindex": 0},
				"east": {"uv": [1, 4, 2, 7], "rotation": 90, "texture": "#base", "tintindex": 0},
				"south": {"uv": [1, 6, 2, 7], "texture": "#base", "tintindex": 0},
				"west": {"uv": [1, 4, 2, 7], "rotation": 270, "texture": "#base", "tintindex": 0},
				"up": {"uv": [2, 4, 1, 7], "texture": "#base", "tintindex": 0},
				"down": {"uv": [1, 4, 2, 7], "rotation": 180, "texture": "#base", "tintindex": 0}
			}
		},
		{
			"from": [7.5, 2.3, 30.8],
			"to": [8.5, 3.7, 31.2],
			"rotation": {"angle": 45, "axis": "x", "origin": [8, 3.7, 27.9]},
			"faces": {
				"north": {"uv": [11, 0, 12, 1], "texture": "#barrel"},
				"east": {"uv": [1, 4, 1.4, 5.4], "rotation": 90, "texture": "#barrel"},
				"south": {"uv": [1, 6, 2.4, 7.4], "texture": "#barrel"},
				"west": {"uv": [1, 4, 1.4, 5.4], "rotation": 270, "texture": "#barrel"},
				"up": {"uv": [2, 4, 3.4, 4.4], "texture": "#barrel"},
				"down": {"uv": [1, 4, 2.4, 4.4], "rotation": 180, "texture": "#barrel"}
			}
		},
		{
			"from": [7.7, 3.7, -16],
			"to": [8.3, 3.9, 24],
			"rotation": {"angle": 0, "axis": "y", "origin": [8, 8, -3]},
			"faces": {
				"north": {"uv": [0, 0, 0.6, 0.2], "texture": "#barrel"},
				"east": {"uv": [0, 0, 16, 0.2], "texture": "#barrel"},
				"west": {"uv": [0, 0, 16, 0.2], "texture": "#barrel"},
				"up": {"uv": [0, 0, 0.6, 16], "texture": "#barrel"},
				"down": {"uv": [0, 0, 0.6, 16], "texture": "#barrel"}
			}
		},
		{
			"from": [7.7, 4.5, -16],
			"to": [8.3, 4.7, 24],
			"rotation": {"angle": 0, "axis": "y", "origin": [8, 8, -3]},
			"faces": {
				"north": {"uv": [0, 0, 0.6, 0.2], "texture": "#barrel"},
				"east": {"uv": [0, 0, 16, 0.2], "texture": "#barrel"},
				"west": {"uv": [0, 0, 16, 0.2], "texture": "#barrel"},
				"up": {"uv": [0, 0, 0.6, 16], "texture": "#barrel"},
				"down": {"uv": [0, 0, 0.6, 16], "texture": "#barrel"}
			}
		},
		{
			"from": [8.3, 3.9, -16],
			"to": [8.5, 4.5, 24],
			"rotation": {"angle": 0, "axis": "y", "origin": [8, 8, -3]},
			"faces": {
				"north": {"uv": [0, 0, 0.2, 0.6], "texture": "#barrel"},
				"east": {"uv": [0, 0, 16, 0.6], "texture": "#barrel"},
				"west": {"uv": [0, 0, 16, 0.6], "texture": "#barrel"},
				"up": {"uv": [0, 0, 0.2, 16], "texture": "#barrel"},
				"down": {"uv": [0, 0, 0.2, 16], "texture": "#barrel"}
			}
		},
		{
			"from": [7.5, 3.9, -16],
			"to": [7.7, 4.5, 24],
			"rotation": {"angle": 0, "axis": "y", "origin": [8, 8, -3]},
			"faces": {
				"north": {"uv": [0, 0, 0.2, 0.6], "texture": "#barrel"},
				"east": {"uv": [0, 0, 16, 0.6], "texture": "#barrel"},
				"west": {"uv": [0, 0, 16, 0.6], "texture": "#barrel"},
				"up": {"uv": [0, 0, 0.2, 16], "texture": "#barrel"},
				"down": {"uv": [0, 0, 0.2, 16], "texture": "#barrel"}
			}
		},
		{
			"from": [7.5, 4.5, 24],
			"to": [7.7, 4.78, 25.8],
			"rotation": {"angle": -45, "axis": "z", "origin": [7.5, 4.5, 7]},
			"faces": {
				"north": {"uv": [0, 0, 0.2, 0.28], "texture": "#barrel"},
				"east": {"uv": [0, 0, 1.8, 0.28], "texture": "#barrel"},
				"south": {"uv": [0, 0, 0.2, 0.28], "texture": "#barrel"},
				"west": {"uv": [0, 0, 1.8, 0.28], "texture": "#barrel"},
				"up": {"uv": [0, 0, 0.2, 1.8], "texture": "#barrel"},
				"down": {"uv": [0, 0, 0.2, 1.8], "texture": "#barrel"}
			}
		},
		{
			"from": [8.3, 4.5, -16],
			"to": [8.5, 4.78, 24],
			"rotation": {"angle": 45, "axis": "z", "origin": [8.5, 4.5, -17]},
			"faces": {
				"north": {"uv": [0, 0, 0.2, 0.28], "texture": "#barrel"},
				"east": {"uv": [0, 0, 16, 0.28], "texture": "#barrel"},
				"south": {"uv": [0, 0, 0.2, 0.28], "texture": "#barrel"},
				"west": {"uv": [0, 0, 16, 0.28], "texture": "#barrel"},
				"up": {"uv": [0, 0, 0.2, 16], "texture": "#barrel"},
				"down": {"uv": [0, 0, 0.2, 16], "texture": "#barrel"}
			}
		},
		{
			"from": [7.5, 3.62, -16],
			"to": [7.7, 3.9, 24],
			"rotation": {"angle": 45, "axis": "z", "origin": [7.5, 3.9, -17]},
			"faces": {
				"north": {"uv": [0, 0, 0.2, 0.28], "texture": "#barrel"},
				"east": {"uv": [0, 0, 16, 0.28], "texture": "#barrel"},
				"south": {"uv": [0, 0, 0.2, 0.28], "texture": "#barrel"},
				"west": {"uv": [0, 0, 16, 0.28], "texture": "#barrel"},
				"up": {"uv": [0, 0, 0.2, 16], "texture": "#barrel"},
				"down": {"uv": [0, 0, 0.2, 16], "texture": "#barrel"}
			}
		},
		{
			"from": [8.3, 3.62, -16],
			"to": [8.5, 3.9, 24],
			"rotation": {"angle": -45, "axis": "z", "origin": [8.5, 3.9, -17]},
			"faces": {
				"north": {"uv": [0, 0, 0.2, 0.28], "texture": "#barrel"},
				"east": {"uv": [0, 0, 16, 0.28], "texture": "#barrel"},
				"south": {"uv": [0, 0, 0.2, 0.28], "texture": "#barrel"},
				"west": {"uv": [0, 0, 16, 0.28], "texture": "#barrel"},
				"up": {"uv": [0, 0, 0.2, 16], "texture": "#barrel"},
				"down": {"uv": [0, 0, 0.2, 16], "texture": "#barrel"}
			}
		},
		{
			"from": [7.5, 3.7, 16],
			"to": [8.5, 4.5, 26.1],
			"rotation": {"angle": 0, "axis": "y", "origin": [8, 8, 21]},
			"faces": {
				"north": {"uv": [11, 0, 12, 1], "texture": "#base", "tintindex": 0},
				"east": {"uv": [1, 1, 2, 13], "rotation": 90, "texture": "#base", "tintindex": 0},
				"south": {"uv": [1, 1, 2.4, 2.4], "texture": "#base", "tintindex": 0},
				"west": {"uv": [1, 1, 2, 13], "rotation": 270, "texture": "#base", "tintindex": 0},
				"up": {"uv": [7, 1, 6, 13], "texture": "#base", "tintindex": 0},
				"down": {"uv": [8, 1, 9.4, 2], "texture": "#base", "tintindex": 0}
			}
		},
		{
			"from": [7.22, 4.3, 16],
			"to": [7.5, 4.5, 25.8],
			"rotation": {"angle": 45, "axis": "z", "origin": [7.5, 4.5, 21]},
			"faces": {
				"north": {"uv": [11, 0, 12, 1], "texture": "#base", "tintindex": 0},
				"east": {"uv": [1, 1, 2, 13], "rotation": 90, "texture": "#base", "tintindex": 0},
				"south": {"uv": [1, 1, 2.4, 2.4], "texture": "#base", "tintindex": 0},
				"west": {"uv": [1, 1, 2, 13], "rotation": 270, "texture": "#base", "tintindex": 0},
				"up": {"uv": [7, 1, 6, 13], "texture": "#base", "tintindex": 0},
				"down": {"uv": [8, 1, 9.4, 2], "texture": "#base", "tintindex": 0}
			}
		},
		{
			"from": [8.5, 4.3, 16],
			"to": [8.78, 4.5, 25.8],
			"rotation": {"angle": -45, "axis": "z", "origin": [8.5, 4.5, 21]},
			"faces": {
				"north": {"uv": [11, 0, 12, 1], "texture": "#base", "tintindex": 0},
				"east": {"uv": [1, 1, 2, 13], "rotation": 90, "texture": "#base", "tintindex": 0},
				"south": {"uv": [1, 1, 2.4, 2.4], "texture": "#base", "tintindex": 0},
				"west": {"uv": [1, 1, 2, 13], "rotation": 270, "texture": "#base", "tintindex": 0},
				"up": {"uv": [7, 1, 6, 13], "texture": "#base", "tintindex": 0},
				"down": {"uv": [8, 1, 9.4, 2], "texture": "#base", "tintindex": 0}
			}
		},
		{
			"from": [7.5, 3.1, 16],
			"to": [8.5, 3.3, 25.8],
			"rotation": {"angle": 0, "axis": "y", "origin": [8, 8, 21]},
			"faces": {
				"east": {"uv": [1, 1, 2, 13], "rotation": 90, "texture": "#base", "tintindex": 0},
				"south": {"uv": [1, 1, 2.4, 2.4], "texture": "#base", "tintindex": 0},
				"west": {"uv": [1, 1, 2, 13], "rotation": 270, "texture": "#base", "tintindex": 0},
				"down": {"uv": [8, 1, 9.4, 2], "texture": "#base", "tintindex": 0}
			}
		},
		{
			"from": [8.42, 3.3, 16],
			"to": [8.7, 3.5, 25.8],
			"rotation": {"angle": 45, "axis": "z", "origin": [8.7, 3.3, 21]},
			"faces": {
				"north": {"uv": [11, 0, 12, 1], "texture": "#base", "tintindex": 0},
				"east": {"uv": [1, 1, 2, 13], "rotation": 90, "texture": "#base", "tintindex": 0},
				"south": {"uv": [1, 1, 2.4, 2.4], "texture": "#base", "tintindex": 0},
				"west": {"uv": [1, 1, 2, 13], "rotation": 270, "texture": "#base", "tintindex": 0},
				"up": {"uv": [7, 1, 6, 13], "texture": "#base", "tintindex": 0},
				"down": {"uv": [8, 1, 9.4, 2], "texture": "#base", "tintindex": 0}
			}
		},
		{
			"from": [7.3, 3.3, 16],
			"to": [7.58, 3.5, 25.8],
			"rotation": {"angle": -45, "axis": "z", "origin": [7.3, 3.3, 21]},
			"faces": {
				"north": {"uv": [11, 0, 12, 1], "texture": "#base", "tintindex": 0},
				"east": {"uv": [1, 1, 2, 13], "rotation": 90, "texture": "#base", "tintindex": 0},
				"south": {"uv": [1, 1, 2.4, 2.4], "texture": "#base", "tintindex": 0},
				"west": {"uv": [1, 1, 2, 13], "rotation": 270, "texture": "#base", "tintindex": 0},
				"up": {"uv": [7, 1, 6, 13], "texture": "#base", "tintindex": 0},
				"down": {"uv": [8, 1, 9.4, 2], "texture": "#base", "tintindex": 0}
			}
		},
		{
			"from": [7.3, 3.3, 15.8],
			"to": [8.7, 4.3, 16],
			"rotation": {"angle": 0, "axis": "y", "origin": [8, 8, 21]},
			"faces": {
				"north": {"uv": [11, 0, 12, 1], "texture": "#barrel"},
				"east": {"uv": [1, 1, 2, 13], "rotation": 90, "texture": "#barrel"},
				"west": {"uv": [1, 1, 2, 13], "rotation": 270, "texture": "#barrel"},
				"up": {"uv": [7, 1, 6, 13], "texture": "#barrel"},
				"down": {"uv": [8, 1, 9.4, 2], "texture": "#barrel"}
			}
		},
		{
			"from": [7.5, 3.1, 15.8],
			"to": [8.5, 3.3, 16],
			"rotation": {"angle": 0, "axis": "y", "origin": [8, 8, 21]},
			"faces": {
				"north": {"uv": [11, 0, 12, 1], "texture": "#barrel"},
				"east": {"uv": [1, 1, 2, 13], "rotation": 90, "texture": "#barrel"},
				"west": {"uv": [1, 1, 2, 13], "rotation": 270, "texture": "#barrel"},
				"down": {"uv": [8, 1, 9.4, 2], "texture": "#barrel"}
			}
		},
		{
			"from": [7.3, 3.3, 15.8],
			"to": [7.58, 3.5, 16],
			"rotation": {"angle": -45, "axis": "z", "origin": [7.3, 3.3, 21]},
			"faces": {
				"north": {"uv": [11, 0, 12, 1], "texture": "#barrel"},
				"east": {"uv": [1, 1, 2, 13], "rotation": 90, "texture": "#barrel"},
				"south": {"uv": [1, 1, 2.4, 2.4], "texture": "#barrel"},
				"west": {"uv": [1, 1, 2, 13], "rotation": 270, "texture": "#barrel"},
				"up": {"uv": [7, 1, 6, 13], "texture": "#barrel"},
				"down": {"uv": [8, 1, 9.4, 2], "texture": "#barrel"}
			}
		},
		{
			"from": [8.42, 3.3, 15.8],
			"to": [8.7, 3.5, 16],
			"rotation": {"angle": 45, "axis": "z", "origin": [8.7, 3.3, 21]},
			"faces": {
				"north": {"uv": [11, 0, 12, 1], "texture": "#barrel"},
				"east": {"uv": [1, 1, 2, 13], "rotation": 90, "texture": "#barrel"},
				"south": {"uv": [1, 1, 2.4, 2.4], "texture": "#barrel"},
				"west": {"uv": [1, 1, 2, 13], "rotation": 270, "texture": "#barrel"},
				"up": {"uv": [7, 1, 6, 13], "texture": "#barrel"},
				"down": {"uv": [8, 1, 9.4, 2], "texture": "#barrel"}
			}
		},
		{
			"from": [8.5, 4.3, 15.8],
			"to": [8.78, 4.5, 16],
			"rotation": {"angle": -45, "axis": "z", "origin": [8.5, 4.5, 21]},
			"faces": {
				"north": {"uv": [11, 0, 12, 1], "texture": "#barrel"},
				"east": {"uv": [1, 1, 2, 13], "rotation": 90, "texture": "#barrel"},
				"south": {"uv": [1, 1, 2.4, 2.4], "texture": "#barrel"},
				"west": {"uv": [1, 1, 2, 13], "rotation": 270, "texture": "#barrel"},
				"up": {"uv": [7, 1, 6, 13], "texture": "#barrel"},
				"down": {"uv": [8, 1, 9.4, 2], "texture": "#barrel"}
			}
		},
		{
			"from": [7.22, 4.3, 15.8],
			"to": [7.5, 4.5, 16],
			"rotation": {"angle": 45, "axis": "z", "origin": [7.5, 4.5, 21]},
			"faces": {
				"north": {"uv": [11, 0, 12, 1], "texture": "#barrel"},
				"east": {"uv": [1, 1, 2, 13], "rotation": 90, "texture": "#barrel"},
				"south": {"uv": [1, 1, 2.4, 2.4], "texture": "#barrel"},
				"west": {"uv": [1, 1, 2, 13], "rotation": 270, "texture": "#barrel"},
				"up": {"uv": [7, 1, 6, 13], "texture": "#barrel"},
				"down": {"uv": [8, 1, 9.4, 2], "texture": "#barrel"}
			}
		},
		{
			"from": [7.7, 4.5, 24],
			"to": [8.3, 4.7, 25.8],
			"rotation": {"angle": 0, "axis": "y", "origin": [8, 8, 21]},
			"faces": {
				"east": {"uv": [0, 0, 1.8, 0.2], "texture": "#barrel"},
				"south": {"uv": [0, 0, 0.6, 0.2], "texture": "#barrel"},
				"west": {"uv": [0, 0, 1.8, 0.2], "texture": "#barrel"},
				"up": {"uv": [0, 0, 0.6, 1.8], "texture": "#barrel"}
			}
		},
		{
			"from": [7.5, 4.5, -16],
			"to": [7.7, 4.78, 24],
			"rotation": {"angle": -45, "axis": "z", "origin": [7.5, 4.5, -17]},
			"faces": {
				"north": {"uv": [0, 0, 0.2, 0.28], "texture": "#barrel"},
				"east": {"uv": [0, 0, 16, 0.28], "texture": "#barrel"},
				"south": {"uv": [0, 0, 0.2, 0.28], "texture": "#barrel"},
				"west": {"uv": [0, 0, 16, 0.28], "texture": "#barrel"},
				"up": {"uv": [0, 0, 0.2, 16], "texture": "#barrel"},
				"down": {"uv": [0, 0, 0.2, 16], "texture": "#barrel"}
			}
		},
		{
			"from": [8.3, 4.5, 24],
			"to": [8.5, 4.78, 25.8],
			"rotation": {"angle": 45, "axis": "z", "origin": [8.5, 4.5, 7]},
			"faces": {
				"north": {"uv": [0, 0, 0.2, 0.28], "texture": "#barrel"},
				"east": {"uv": [0, 0, 1.8, 0.28], "texture": "#barrel"},
				"south": {"uv": [0, 0, 0.2, 0.28], "texture": "#barrel"},
				"west": {"uv": [0, 0, 1.8, 0.28], "texture": "#barrel"},
				"up": {"uv": [0, 0, 0.2, 1.8], "texture": "#barrel"},
				"down": {"uv": [0, 0, 0.2, 1.8], "texture": "#barrel"}
			}
		},
		{
			"from": [7.9, 1.64, 26.3],
			"to": [8.1, 2.2, 26.5],
			"rotation": {"angle": -45, "axis": "x", "origin": [5, 2.2, 26.3]},
			"faces": {
				"north": {"uv": [0, 0, 0.2, 1], "texture": "#detail"},
				"east": {"uv": [0, 0, 0.2, 1], "texture": "#detail"},
				"south": {"uv": [0, 0, 0.2, 1], "texture": "#detail"},
				"west": {"uv": [0, 0, 0.2, 1], "texture": "#detail"},
				"up": {"uv": [0, 0, 0.2, 0.2], "texture": "#detail"},
				"down": {"uv": [0, 0, 0.2, 0.2], "texture": "#detail"}
			}
		},
		{
			"from": [7.6, 2.4, 16.8],
			"to": [8.4, 3.1, 17.3],
			"rotation": {"angle": -45, "axis": "x", "origin": [8, 3.1, 16.8]},
			"faces": {
				"north": {"uv": [0, 0, 0.8, 0.7], "texture": "#barrel"},
				"east": {"uv": [0, 0, 1, 1], "texture": "#barrel"},
				"south": {"uv": [0, 0, 0.8, 0.7], "texture": "#barrel"},
				"west": {"uv": [0, 0, 1, 1], "texture": "#barrel"},
				"up": {"uv": [0, 0, 1, 1], "texture": "#barrel"},
				"down": {"uv": [0, 0, 1, 1], "texture": "#barrel"}
			}
		}
	],
	"display": {
		"thirdperson_righthand": {
			"translation": [0, 5.5, -18.5]
		},
		"thirdperson_lefthand": {
			"translation": [0, 5.5, -18.75]
		},
		"firstperson_righthand": {
			"translation": [-3.5, 8.5, 0],
			"scale": [0.8, 0.8, 0.8]
		},
		"firstperson_lefthand": {
			"translation": [0, 8.75, -5.5]
		},
		"ground": {
			"translation": [0, 3, 0]
		},
		"gui": {
			"rotation": [30, 225, 0],
			"translation": [-0.75, 3, 0],
			"scale": [0.44, 0.44, 0.44]
		},
		"head": {
			"rotation": [0, 180, 0]
		},
		"fixed": {
			"rotation": [0, 90, 0],
			"translation": [0.5, 3, 0],
			"scale": [0.44, 0.44, 0.44]
		}
	}
}