{
	"credit": "Made with Blockbench",
	"textures": {
		"trim": "blocks/concrete_silver",
		"reticle": "cgm:blocks/sniper_reticle",
		"connection": "blocks/concrete_gray",
		"base": "blocks/concrete_white"
	},
	"elements": [
		{
			"from": [7.4, 8, 6.8],
			"to": [8.6, 8.4, 9.2],
			"faces": {
				"north": {"uv": [0, 0, 1.2, 0.4], "texture": "#connection"},
				"east": {"uv": [0, 0, 2.4, 0.4], "texture": "#connection"},
				"south": {"uv": [0, 0, 1.2, 0.4], "texture": "#connection"},
				"west": {"uv": [0, 0, 2.4, 0.4], "texture": "#connection"},
				"up": {"uv": [0, 0, 1.2, 3], "texture": "#connection"},
				"down": {"uv": [0, 0, 1.2, 3], "texture": "#connection"}
			}
		},
		{
			"from": [7.6, 8.4, 7],
			"to": [8.4, 8.9, 9],
			"faces": {
				"north": {"uv": [0, 0, 1, 1], "texture": "#trim"},
				"east": {"uv": [0, 0, 2, 1], "texture": "#trim"},
				"south": {"uv": [0, 0, 1, 1], "texture": "#trim"},
				"west": {"uv": [0, 0, 2, 1], "texture": "#trim"}
			}
		},
		{
			"from": [7.3, 9.1, -13],
			"to": [7.5, 10.1, 30],
			"rotation": {"angle": 0, "axis": "y", "origin": [8, 8, -11]},
			"faces": {
				"north": {"uv": [1, 1, 1.2, 2.4], "texture": "#base", "tintindex": 0},
				"east": {"uv": [1, 1, 5, 2], "texture": "#base", "tintindex": 0},
				"south": {"uv": [1, 1, 1.2, 2.4], "texture": "#base", "tintindex": 0},
				"west": {"uv": [1, 1, 5, 2], "texture": "#base", "tintindex": 0},
				"up": {"uv": [1, 1, 1.2, 2], "texture": "#base", "tintindex": 0},
				"down": {"uv": [1, 1, 1.2, 5], "texture": "#base", "tintindex": 0}
			}
		},
		{
			"from": [8.5, 9.1, -13],
			"to": [8.7, 10.1, 30],
			"rotation": {"angle": 0, "axis": "y", "origin": [8, 8, -11]},
			"faces": {
				"north": {"uv": [1, 1, 1.2, 2.4], "texture": "#base", "tintindex": 0},
				"east": {"uv": [1, 1, 5, 2], "texture": "#base", "tintindex": 0},
				"south": {"uv": [1, 1, 1.2, 2.4], "texture": "#base", "tintindex": 0},
				"west": {"uv": [1, 1, 5, 2], "texture": "#base", "tintindex": 0},
				"up": {"uv": [1, 1, 1.2, 2], "texture": "#base", "tintindex": 0},
				"down": {"uv": [1, 1, 1.2, 5], "texture": "#base", "tintindex": 0}
			}
		},
		{
			"from": [7.5, 10.1, -13],
			"to": [8.5, 10.3, 30],
			"rotation": {"angle": 0, "axis": "y", "origin": [8, 8, -11]},
			"faces": {
				"north": {"uv": [1, 1, 2, 1.2], "texture": "#base", "tintindex": 0},
				"east": {"uv": [1, 1, 5, 1.2], "texture": "#base", "tintindex": 0},
				"south": {"uv": [1, 1, 2, 1.2], "texture": "#base", "tintindex": 0},
				"west": {"uv": [1, 1, 5, 1.2], "texture": "#base", "tintindex": 0},
				"up": {"uv": [1, 1, 1.2, 2], "texture": "#base", "tintindex": 0},
				"down": {"uv": [1, 1, 2, 2], "texture": "#base", "tintindex": 0}
			}
		},
		{
			"from": [7.5, 8.9, -13],
			"to": [8.5, 9.1, 30],
			"rotation": {"angle": 0, "axis": "y", "origin": [8, 8, -11]},
			"faces": {
				"north": {"uv": [1, 1, 2, 1.2], "texture": "#base", "tintindex": 0},
				"east": {"uv": [1, 1, 5, 1.2], "texture": "#base", "tintindex": 0},
				"south": {"uv": [1, 1, 2, 1.2], "texture": "#base", "tintindex": 0},
				"west": {"uv": [1, 1, 5, 1.2], "texture": "#base", "tintindex": 0},
				"up": {"uv": [1, 1, 1.2, 2], "texture": "#base", "tintindex": 0},
				"down": {"uv": [1, 1, 2, 2], "texture": "#base", "tintindex": 0}
			}
		},
		{
			"from": [7.2, 9.1, 30],
			"to": [7.4, 10.1, 31.8],
			"rotation": {"angle": 0, "axis": "y", "origin": [8, 8, 28]},
			"faces": {
				"north": {"uv": [1, 1, 1.2, 2.6], "texture": "#base", "tintindex": 0},
				"east": {"uv": [1, 1, 2, 1.6], "texture": "#base", "tintindex": 0},
				"west": {"uv": [1, 1, 2, 1.6], "texture": "#base", "tintindex": 0},
				"up": {"uv": [1, 1, 1.2, 2], "texture": "#base", "tintindex": 0},
				"down": {"uv": [1, 1, 1.2, 2.8], "texture": "#base", "tintindex": 0}
			}
		},
		{
			"from": [8.6, 9.1, 30],
			"to": [8.8, 10.1, 31.8],
			"rotation": {"angle": 0, "axis": "y", "origin": [8, 8, 28]},
			"faces": {
				"north": {"uv": [1, 1, 1.2, 2.6], "texture": "#base", "tintindex": 0},
				"east": {"uv": [1, 1, 2, 1.6], "texture": "#base", "tintindex": 0},
				"west": {"uv": [1, 1, 2, 1.6], "texture": "#base", "tintindex": 0},
				"up": {"uv": [1, 1, 1.2, 2], "texture": "#base", "tintindex": 0},
				"down": {"uv": [1, 1, 1.2, 2.8], "texture": "#base", "tintindex": 0}
			}
		},
		{
			"from": [7.5, 10.2, 30],
			"to": [8.5, 10.4, 31.8],
			"rotation": {"angle": 0, "axis": "y", "origin": [8, 8, 28]},
			"faces": {
				"north": {"uv": [1, 1, 2.2, 1.2], "texture": "#base", "tintindex": 0},
				"east": {"uv": [1, 1, 2.8, 1.2], "texture": "#base", "tintindex": 0},
				"west": {"uv": [1, 1, 2.8, 1.2], "texture": "#base", "tintindex": 0},
				"up": {"uv": [1, 1, 1.2, 2], "texture": "#base", "tintindex": 0},
				"down": {"uv": [1, 1, 2, 2], "texture": "#base", "tintindex": 0}
			}
		},
		{
			"from": [7.5, 8.8, 30],
			"to": [8.5, 9, 31.8],
			"rotation": {"angle": 0, "axis": "y", "origin": [8, 8, 28]},
			"faces": {
				"north": {"uv": [1, 1, 2.2, 1.2], "texture": "#base", "tintindex": 0},
				"east": {"uv": [1, 1, 2.8, 1.2], "texture": "#base", "tintindex": 0},
				"west": {"uv": [1, 1, 2.8, 1.2], "texture": "#base", "tintindex": 0},
				"up": {"uv": [1, 1, 1.2, 2], "texture": "#base", "tintindex": 0},
				"down": {"uv": [1, 1, 2, 2], "texture": "#base", "tintindex": 0}
			}
		},
		{
			"from": [7.1, 9, -15.5],
			"to": [7.3, 10.2, -14],
			"rotation": {"angle": 0, "axis": "y", "origin": [8, 8, -11]},
			"faces": {
				"east": {"uv": [1, 1, 2.5, 2.8], "texture": "#base", "tintindex": 0},
				"south": {"uv": [1, 1, 1.2, 2.8], "texture": "#base", "tintindex": 0},
				"west": {"uv": [1, 1, 2.5, 2.8], "texture": "#base", "tintindex": 0},
				"up": {"uv": [1, 1, 1.2, 2], "texture": "#base", "tintindex": 0},
				"down": {"uv": [1, 1, 1.2, 2.5], "texture": "#base", "tintindex": 0}
			}
		},
		{
			"from": [8.7, 9, -15.5],
			"to": [8.9, 10.2, -14],
			"rotation": {"angle": 0, "axis": "y", "origin": [8, 8, -11]},
			"faces": {
				"east": {"uv": [1, 1, 2.5, 2.8], "texture": "#base", "tintindex": 0},
				"south": {"uv": [1, 1, 1.2, 2.8], "texture": "#base", "tintindex": 0},
				"west": {"uv": [1, 1, 2.5, 2.8], "texture": "#base", "tintindex": 0},
				"up": {"uv": [1, 1, 1.2, 2], "texture": "#base", "tintindex": 0},
				"down": {"uv": [1, 1, 1.2, 2.5], "texture": "#base", "tintindex": 0}
			}
		},
		{
			"from": [7.4, 10.3, -15.5],
			"to": [8.6, 10.5, -14],
			"rotation": {"angle": 0, "axis": "y", "origin": [8, 8, -11]},
			"faces": {
				"east": {"uv": [1, 1, 2.5, 1.2], "texture": "#base", "tintindex": 0},
				"south": {"uv": [1, 1, 2.4, 1.2], "texture": "#base", "tintindex": 0},
				"west": {"uv": [1, 1, 2.5, 1.2], "texture": "#base", "tintindex": 0},
				"up": {"uv": [1, 1, 1.2, 2], "texture": "#base", "tintindex": 0},
				"down": {"uv": [1, 1, 2, 2], "texture": "#base", "tintindex": 0}
			}
		},
		{
			"from": [7.4, 8.7, -15.5],
			"to": [8.6, 8.9, -14],
			"rotation": {"angle": 0, "axis": "y", "origin": [8, 8, -11]},
			"faces": {
				"east": {"uv": [1, 1, 2.5, 1.2], "texture": "#base", "tintindex": 0},
				"south": {"uv": [1, 1, 2.4, 1.2], "texture": "#base", "tintindex": 0},
				"west": {"uv": [1, 1, 2.5, 1.2], "texture": "#base", "tintindex": 0},
				"up": {"uv": [1, 1, 1.2, 2], "texture": "#base", "tintindex": 0},
				"down": {"uv": [1, 1, 2, 2], "texture": "#base", "tintindex": 0}
			}
		},
		{
			"from": [7.1, 9, -15.7],
			"to": [7.3, 10.2, -15.5],
			"rotation": {"angle": 0, "axis": "y", "origin": [8, 8, -11]},
			"faces": {
				"north": {"uv": [1, 1, 1.2, 2.8], "texture": "#connection"},
				"east": {"uv": [1, 1, 1.2, 2.8], "texture": "#connection"},
				"west": {"uv": [1, 1, 1.2, 2.8], "texture": "#connection"},
				"up": {"uv": [1, 1, 1.2, 2], "texture": "#connection"},
				"down": {"uv": [1, 1, 1.2, 1.2], "texture": "#connection"}
			}
		},
		{
			"from": [8.7, 9, -15.7],
			"to": [8.9, 10.2, -15.5],
			"rotation": {"angle": 0, "axis": "y", "origin": [8, 8, -11]},
			"faces": {
				"north": {"uv": [1, 1, 1.2, 2.8], "texture": "#connection"},
				"east": {"uv": [1, 1, 1.2, 2.8], "texture": "#connection"},
				"west": {"uv": [1, 1, 1.2, 2.8], "texture": "#connection"},
				"up": {"uv": [1, 1, 1.2, 2], "texture": "#connection"},
				"down": {"uv": [1, 1, 1.2, 1.2], "texture": "#connection"}
			}
		},
		{
			"from": [7.4, 8.7, -15.7],
			"to": [8.6, 8.9, -15.5],
			"rotation": {"angle": 0, "axis": "y", "origin": [8, 8, -11]},
			"faces": {
				"north": {"uv": [1, 1, 2.4, 1.2], "texture": "#connection"},
				"east": {"uv": [1, 1, 1.2, 1.2], "texture": "#connection"},
				"west": {"uv": [1, 1, 1.2, 1.2], "texture": "#connection"},
				"up": {"uv": [1, 1, 1.2, 2], "texture": "#connection"},
				"down": {"uv": [1, 1, 2.4, 1.2], "texture": "#connection"}
			}
		},
		{
			"from": [7.4, 10.3, -15.7],
			"to": [8.6, 10.5, -15.5],
			"rotation": {"angle": 0, "axis": "y", "origin": [8, 8, -11]},
			"faces": {
				"north": {"uv": [1, 1, 2.4, 1.2], "texture": "#connection"},
				"east": {"uv": [1, 1, 1.2, 1.2], "texture": "#connection"},
				"west": {"uv": [1, 1, 1.2, 1.2], "texture": "#connection"},
				"up": {"uv": [1, 1, 1.2, 2], "texture": "#connection"},
				"down": {"uv": [1, 1, 2.4, 1.2], "texture": "#connection"}
			}
		},
		{
			"from": [7.5, 10.2, 31.8],
			"to": [8.5, 10.4, 32],
			"rotation": {"angle": 0, "axis": "y", "origin": [8, 8, 28]},
			"faces": {
				"east": {"uv": [1, 1, 1.2, 1.2], "texture": "#connection"},
				"south": {"uv": [1, 1, 2.2, 1.2], "texture": "#connection"},
				"west": {"uv": [1, 1, 1.2, 1.2], "texture": "#connection"},
				"up": {"uv": [1, 1, 1.2, 2], "texture": "#connection"},
				"down": {"uv": [1, 1, 2, 2], "texture": "#connection"}
			}
		},
		{
			"from": [7.5, 8.8, 31.8],
			"to": [8.5, 9, 32],
			"rotation": {"angle": 0, "axis": "y", "origin": [8, 8, 28]},
			"faces": {
				"east": {"uv": [1, 1, 1.2, 1.2], "texture": "#connection"},
				"south": {"uv": [1, 1, 2.2, 1.2], "texture": "#connection"},
				"west": {"uv": [1, 1, 1.2, 1.2], "texture": "#connection"},
				"up": {"uv": [1, 1, 1.2, 2], "texture": "#connection"},
				"down": {"uv": [1, 1, 2, 2], "texture": "#connection"}
			}
		},
		{
			"from": [7.2, 9.1, 31.8],
			"to": [7.4, 10.1, 32],
			"rotation": {"angle": 0, "axis": "y", "origin": [8, 8, 28]},
			"faces": {
				"east": {"uv": [1, 1, 2, 1.6], "texture": "#connection"},
				"south": {"uv": [1, 2, 1.2, 3.6], "texture": "#connection"},
				"west": {"uv": [1, 1, 2, 1.6], "texture": "#connection"}
			}
		},
		{
			"from": [8.6, 9.1, 31.8],
			"to": [8.8, 10.1, 32],
			"rotation": {"angle": 0, "axis": "y", "origin": [8, 8, 28]},
			"faces": {
				"east": {"uv": [1, 1, 2, 1.6], "texture": "#connection"},
				"south": {"uv": [1, 2, 1.2, 3.6], "texture": "#connection"},
				"west": {"uv": [1, 1, 2, 1.6], "texture": "#connection"}
			}
		},
		{
			"from": [7.2, 9.5, -13],
			"to": [7.3, 9.7, 30],
			"rotation": {"angle": 0, "axis": "y", "origin": [8, 8, -11]},
			"faces": {
				"west": {"uv": [0, 0, 4, 0.2], "texture": "#connection"},
				"up": {"uv": [0, 0, 0.1, 4], "texture": "#connection"},
				"down": {"uv": [0, 0, 0.1, 4], "texture": "#connection"}
			}
		},
		{
			"from": [8.7, 9.5, -13],
			"to": [8.8, 9.7, 30],
			"rotation": {"angle": 0, "axis": "y", "origin": [8, 8, -11]},
			"faces": {
				"east": {"uv": [0, 0, 4, 0.2], "texture": "#connection"},
				"up": {"uv": [0, 0, 0.1, 4], "texture": "#connection"},
				"down": {"uv": [0, 0, 0.1, 4], "texture": "#connection"}
			}
		},
		{
			"from": [7.75, 10.3, 7.75],
			"to": [8.25, 10.4, 8.25],
			"faces": {
				"north": {"uv": [0, 0, 0.6, 0.1], "texture": "#trim"},
				"east": {"uv": [0, 0, 0.6, 0.1], "texture": "#trim"},
				"south": {"uv": [0, 0, 0.6, 0.1], "texture": "#trim"},
				"west": {"uv": [0, 0, 0.6, 0.1], "texture": "#trim"}
			}
		},
		{
			"from": [7.6, 10.4, 7.7],
			"to": [8.4, 11, 8.3],
			"faces": {
				"north": {"uv": [0, 0, 0.8, 0.6], "texture": "#connection"},
				"east": {"uv": [0, 0, 0.8, 0.6], "texture": "#connection"},
				"south": {"uv": [0, 0, 0.8, 0.6], "texture": "#connection"},
				"west": {"uv": [0, 0, 0.8, 0.6], "texture": "#connection"},
				"up": {"uv": [0, 0, 0.8, 0.8], "texture": "#connection"},
				"down": {"uv": [0, 0, 0.8, 0.8], "texture": "#connection"}
			}
		},
		{
			"from": [7.3, 8.9, -14.7],
			"to": [8.7, 10.3, -14.7],
			"rotation": {"angle": 0, "axis": "y", "origin": [8, 8, -11]},
			"faces": {
				"north": {"uv": [0, 0, 15.5, 15.5], "texture": "#reticle"},
				"south": {"uv": [0, 0, 15.5, 15.5], "texture": "#reticle"}
			}
		},
		{
			"from": [7.2, 10.1, 30],
			"to": [7.4, 10.525, 31.8],
			"rotation": {"angle": -45, "axis": "z", "origin": [7.2, 10.1, 28]},
			"faces": {
				"north": {"uv": [1, 1, 1.2, 1.425], "texture": "#base", "tintindex": 0},
				"east": {"uv": [1, 1, 2.8, 1.425], "texture": "#base", "tintindex": 0},
				"west": {"uv": [1, 1, 2.8, 1.425], "texture": "#base", "tintindex": 0},
				"up": {"uv": [1, 1, 1.2, 2.8], "texture": "#base", "tintindex": 0},
				"down": {"uv": [1, 1, 1.2, 2.8], "texture": "#base", "tintindex": 0}
			}
		},
		{
			"from": [8.6, 10.1, 30],
			"to": [8.8, 10.525, 31.8],
			"rotation": {"angle": 45, "axis": "z", "origin": [8.8, 10.1, 28]},
			"faces": {
				"north": {"uv": [1, 1, 1.2, 2.6], "texture": "#base", "tintindex": 0},
				"east": {"uv": [1, 1, 2, 1.6], "texture": "#base", "tintindex": 0},
				"west": {"uv": [1, 1, 2, 1.6], "texture": "#base", "tintindex": 0},
				"up": {"uv": [1, 1, 1.2, 2], "texture": "#base", "tintindex": 0},
				"down": {"uv": [1, 1, 1.2, 2.8], "texture": "#base", "tintindex": 0}
			}
		},
		{
			"from": [7.2, 8.675, 30],
			"to": [7.4, 9.1, 31.8],
			"rotation": {"angle": 45, "axis": "z", "origin": [7.2, 9.1, 28]},
			"faces": {
				"north": {"uv": [1, 1, 1.2, 2.6], "texture": "#base", "tintindex": 0},
				"east": {"uv": [1, 1, 2, 1.6], "texture": "#base", "tintindex": 0},
				"west": {"uv": [1, 1, 2, 1.6], "texture": "#base", "tintindex": 0},
				"up": {"uv": [1, 1, 1.2, 2], "texture": "#base", "tintindex": 0},
				"down": {"uv": [1, 1, 1.2, 2.8], "texture": "#base", "tintindex": 0}
			}
		},
		{
			"from": [8.6, 8.675, 30],
			"to": [8.8, 9.1, 31.8],
			"rotation": {"angle": -45, "axis": "z", "origin": [8.8, 9.1, 28]},
			"faces": {
				"north": {"uv": [1, 1, 1.2, 2.6], "texture": "#base", "tintindex": 0},
				"east": {"uv": [1, 1, 2, 1.6], "texture": "#base", "tintindex": 0},
				"west": {"uv": [1, 1, 2, 1.6], "texture": "#base", "tintindex": 0},
				"up": {"uv": [1, 1, 1.2, 2], "texture": "#base", "tintindex": 0},
				"down": {"uv": [1, 1, 1.2, 2.8], "texture": "#base", "tintindex": 0}
			}
		},
		{
			"from": [7.2, 10.1, 31.8],
			"to": [7.4, 10.525, 32],
			"rotation": {"angle": -45, "axis": "z", "origin": [7.2, 10.1, 28]},
			"faces": {
				"east": {"uv": [1, 1, 1.2, 1.425], "texture": "#connection"},
				"south": {"uv": [1, 2, 1.2, 2.425], "texture": "#connection"},
				"west": {"uv": [1, 1, 1.2, 1.425], "texture": "#connection"},
				"up": {"uv": [1, 1, 1.2, 1.2], "texture": "#connection"}
			}
		},
		{
			"from": [8.6, 10.1, 31.8],
			"to": [8.8, 10.525, 32],
			"rotation": {"angle": 45, "axis": "z", "origin": [8.8, 10.1, 28]},
			"faces": {
				"east": {"uv": [1, 1, 1.2, 1.425], "texture": "#connection"},
				"south": {"uv": [1, 2, 1.2, 2.425], "texture": "#connection"},
				"west": {"uv": [1, 1, 1.2, 1.425], "texture": "#connection"},
				"up": {"uv": [1, 1, 1.2, 1.2], "texture": "#connection"}
			}
		},
		{
			"from": [8.6, 8.675, 31.8],
			"to": [8.8, 9.1, 32],
			"rotation": {"angle": -45, "axis": "z", "origin": [8.8, 9.1, 28]},
			"faces": {
				"east": {"uv": [1, 1, 2, 1.6], "texture": "#connection"},
				"south": {"uv": [1, 2, 1.2, 2.6], "texture": "#connection"},
				"west": {"uv": [1, 1, 2, 1.6], "texture": "#connection"},
				"down": {"uv": [1, 1, 1.2, 2.8], "texture": "#connection"}
			}
		},
		{
			"from": [7.2, 8.675, 31.8],
			"to": [7.4, 9.1, 32],
			"rotation": {"angle": 45, "axis": "z", "origin": [7.2, 9.1, 28]},
			"faces": {
				"east": {"uv": [1, 1, 2, 1.6], "texture": "#connection"},
				"south": {"uv": [1, 2, 1.2, 2.6], "texture": "#connection"},
				"west": {"uv": [1, 1, 2, 1.6], "texture": "#connection"},
				"down": {"uv": [1, 1, 1.2, 2.8], "texture": "#connection"}
			}
		},
		{
			"from": [7.2, 10.1, -14],
			"to": [7.4, 10.525, -13],
			"rotation": {"angle": -45, "axis": "z", "origin": [7.2, 10.1, -11]},
			"faces": {
				"north": {"uv": [1, 1, 1.2, 1.425], "texture": "#base", "tintindex": 0},
				"east": {"uv": [1, 1, 2, 1.425], "texture": "#base", "tintindex": 0},
				"south": {"uv": [1, 2, 1.2, 2.425], "texture": "#base", "tintindex": 0},
				"west": {"uv": [1, 1, 2, 1.425], "texture": "#base", "tintindex": 0},
				"up": {"uv": [1, 1, 1.2, 2], "texture": "#base", "tintindex": 0},
				"down": {"uv": [1, 1, 1.2, 2], "texture": "#base", "tintindex": 0}
			}
		},
		{
			"from": [7.5, 10.2, -14],
			"to": [8.5, 10.4, -13],
			"rotation": {"angle": 0, "axis": "y", "origin": [8, 8, -11]},
			"faces": {
				"north": {"uv": [1, 1, 2.2, 1.2], "texture": "#base", "tintindex": 0},
				"east": {"uv": [1, 1, 2.8, 1.2], "texture": "#base", "tintindex": 0},
				"south": {"uv": [1, 1, 2.2, 1.2], "texture": "#base", "tintindex": 0},
				"west": {"uv": [1, 1, 2.8, 1.2], "texture": "#base", "tintindex": 0},
				"up": {"uv": [1, 1, 1.2, 2], "texture": "#base", "tintindex": 0},
				"down": {"uv": [1, 1, 2, 2], "texture": "#base", "tintindex": 0}
			}
		},
		{
			"from": [8.6, 10.1, -14],
			"to": [8.8, 10.525, -13],
			"rotation": {"angle": 45, "axis": "z", "origin": [8.8, 10.1, -11]},
			"faces": {
				"north": {"uv": [1, 1, 1.2, 2.6], "texture": "#base", "tintindex": 0},
				"east": {"uv": [1, 1, 2, 1.6], "texture": "#base", "tintindex": 0},
				"south": {"uv": [1, 1, 1.2, 2.6], "texture": "#base", "tintindex": 0},
				"west": {"uv": [1, 1, 2, 1.6], "texture": "#base", "tintindex": 0},
				"up": {"uv": [1, 1, 1.2, 2], "texture": "#base", "tintindex": 0},
				"down": {"uv": [1, 1, 1.2, 2.8], "texture": "#base", "tintindex": 0}
			}
		},
		{
			"from": [8.6, 9.1, -14],
			"to": [8.8, 10.1, -13],
			"rotation": {"angle": 0, "axis": "y", "origin": [8, 8, -11]},
			"faces": {
				"north": {"uv": [1, 1, 1.2, 2.6], "texture": "#base", "tintindex": 0},
				"east": {"uv": [1, 1, 2, 1.6], "texture": "#base", "tintindex": 0},
				"south": {"uv": [1, 1, 1.2, 2.6], "texture": "#base", "tintindex": 0},
				"west": {"uv": [1, 1, 2, 1.6], "texture": "#base", "tintindex": 0},
				"up": {"uv": [1, 1, 1.2, 2], "texture": "#base", "tintindex": 0},
				"down": {"uv": [1, 1, 1.2, 2.8], "texture": "#base", "tintindex": 0}
			}
		},
		{
			"from": [7.2, 9.1, -14],
			"to": [7.4, 10.1, -13],
			"rotation": {"angle": 0, "axis": "y", "origin": [8, 8, -11]},
			"faces": {
				"north": {"uv": [1, 1, 1.2, 2.6], "texture": "#base", "tintindex": 0},
				"east": {"uv": [1, 1, 2, 1.6], "texture": "#base", "tintindex": 0},
				"south": {"uv": [1, 2, 1.2, 2.6], "texture": "#base", "tintindex": 0},
				"west": {"uv": [1, 1, 2, 1.6], "texture": "#base", "tintindex": 0},
				"up": {"uv": [1, 1, 1.2, 2], "texture": "#base", "tintindex": 0},
				"down": {"uv": [1, 1, 1.2, 2.8], "texture": "#base", "tintindex": 0}
			}
		},
		{
			"from": [7.2, 8.675, -14],
			"to": [7.4, 9.1, -13],
			"rotation": {"angle": 45, "axis": "z", "origin": [7.2, 9.1, -11]},
			"faces": {
				"north": {"uv": [1, 1, 1.2, 2.6], "texture": "#base", "tintindex": 0},
				"east": {"uv": [1, 1, 2, 1.6], "texture": "#base", "tintindex": 0},
				"south": {"uv": [1, 2, 1.2, 2.6], "texture": "#base", "tintindex": 0},
				"west": {"uv": [1, 1, 2, 1.6], "texture": "#base", "tintindex": 0},
				"up": {"uv": [1, 1, 1.2, 2], "texture": "#base", "tintindex": 0},
				"down": {"uv": [1, 1, 1.2, 2.8], "texture": "#base", "tintindex": 0}
			}
		},
		{
			"from": [7.5, 8.8, -14],
			"to": [8.5, 9, -13],
			"rotation": {"angle": 0, "axis": "y", "origin": [8, 8, -11]},
			"faces": {
				"north": {"uv": [1, 1, 2.2, 1.2], "texture": "#base", "tintindex": 0},
				"east": {"uv": [1, 1, 2.8, 1.2], "texture": "#base", "tintindex": 0},
				"south": {"uv": [1, 1, 2.2, 1.2], "texture": "#base", "tintindex": 0},
				"west": {"uv": [1, 1, 2.8, 1.2], "texture": "#base", "tintindex": 0},
				"up": {"uv": [1, 1, 1.2, 2], "texture": "#base", "tintindex": 0},
				"down": {"uv": [1, 1, 2, 2], "texture": "#base", "tintindex": 0}
			}
		},
		{
			"from": [8.6, 8.675, -14],
			"to": [8.8, 9.1, -13],
			"rotation": {"angle": -45, "axis": "z", "origin": [8.8, 9.1, -11]},
			"faces": {
				"north": {"uv": [1, 1, 1.2, 2.6], "texture": "#base", "tintindex": 0},
				"east": {"uv": [1, 1, 2, 1.6], "texture": "#base", "tintindex": 0},
				"south": {"uv": [1, 2, 1.2, 2.6], "texture": "#base", "tintindex": 0},
				"west": {"uv": [1, 1, 2, 1.6], "texture": "#base", "tintindex": 0},
				"up": {"uv": [1, 1, 1.2, 2], "texture": "#base", "tintindex": 0},
				"down": {"uv": [1, 1, 1.2, 2.8], "texture": "#base", "tintindex": 0}
			}
		},
		{
			"from": [7.3, 10.1, -13],
			"to": [7.5, 10.385, 30],
			"rotation": {"angle": -45, "axis": "z", "origin": [7.3, 10.1, -11]},
			"faces": {
				"north": {"uv": [1, 1, 1.2, 2.4], "texture": "#base", "tintindex": 0},
				"east": {"uv": [1, 1, 5, 1.285], "texture": "#base", "tintindex": 0},
				"south": {"uv": [1, 1, 1.2, 2.4], "texture": "#base", "tintindex": 0},
				"west": {"uv": [1, 1, 5, 1.285], "texture": "#base", "tintindex": 0},
				"up": {"uv": [1, 1, 1.2, 2], "texture": "#base", "tintindex": 0},
				"down": {"uv": [1, 1, 1.2, 5], "texture": "#base", "tintindex": 0}
			}
		},
		{
			"from": [8.5, 10.1, -13],
			"to": [8.7, 10.385, 30],
			"rotation": {"angle": 45, "axis": "z", "origin": [8.7, 10.1, -11]},
			"faces": {
				"north": {"uv": [1, 1, 1.2, 2.4], "texture": "#base", "tintindex": 0},
				"east": {"uv": [1, 1, 5, 1.285], "texture": "#base", "tintindex": 0},
				"south": {"uv": [1, 1, 1.2, 2.4], "texture": "#base", "tintindex": 0},
				"west": {"uv": [1, 1, 5, 1.285], "texture": "#base", "tintindex": 0},
				"up": {"uv": [1, 1, 1.2, 2], "texture": "#base", "tintindex": 0},
				"down": {"uv": [1, 1, 1.2, 5], "texture": "#base", "tintindex": 0}
			}
		},
		{
			"from": [7.3, 8.815, -13],
			"to": [7.5, 9.1, 30],
			"rotation": {"angle": 45, "axis": "z", "origin": [7.3, 9.1, -11]},
			"faces": {
				"north": {"uv": [1, 1, 1.2, 2.4], "texture": "#base", "tintindex": 0},
				"east": {"uv": [1, 1, 5, 1.285], "texture": "#base", "tintindex": 0},
				"south": {"uv": [1, 1, 1.2, 2.4], "texture": "#base", "tintindex": 0},
				"west": {"uv": [1, 1, 5, 1.285], "texture": "#base", "tintindex": 0},
				"up": {"uv": [1, 1, 1.2, 2], "texture": "#base", "tintindex": 0},
				"down": {"uv": [1, 1, 1.2, 5], "texture": "#base", "tintindex": 0}
			}
		},
		{
			"from": [8.5, 8.815, -13],
			"to": [8.7, 9.1, 30],
			"rotation": {"angle": -45, "axis": "z", "origin": [8.7, 9.1, -11]},
			"faces": {
				"north": {"uv": [1, 1, 1.2, 2.4], "texture": "#base", "tintindex": 0},
				"east": {"uv": [1, 1, 5, 1.285], "texture": "#base", "tintindex": 0},
				"south": {"uv": [1, 1, 1.2, 2.4], "texture": "#base", "tintindex": 0},
				"west": {"uv": [1, 1, 5, 1.285], "texture": "#base", "tintindex": 0},
				"up": {"uv": [1, 1, 1.2, 2], "texture": "#base", "tintindex": 0},
				"down": {"uv": [1, 1, 1.2, 5], "texture": "#base", "tintindex": 0}
			}
		},
		{
			"from": [7.1, 10.2, -15.5],
			"to": [7.3, 10.625, -14],
			"rotation": {"angle": -45, "axis": "z", "origin": [7.1, 10.2, -11]},
			"faces": {
				"east": {"uv": [1, 1, 2.5, 2.8], "texture": "#base", "tintindex": 0},
				"south": {"uv": [1, 1, 1.2, 2.8], "texture": "#base", "tintindex": 0},
				"west": {"uv": [1, 1, 2.5, 2.8], "texture": "#base", "tintindex": 0},
				"up": {"uv": [1, 1, 1.2, 2], "texture": "#base", "tintindex": 0},
				"down": {"uv": [1, 1, 1.2, 2.5], "texture": "#base", "tintindex": 0}
			}
		},
		{
			"from": [8.7, 10.2, -15.7],
			"to": [8.9, 10.625, -15.5],
			"rotation": {"angle": 45, "axis": "z", "origin": [8.9, 10.2, -11]},
			"faces": {
				"north": {"uv": [1, 1, 1.2, 2.8], "texture": "#connection"},
				"east": {"uv": [1, 1, 2.5, 2.8], "texture": "#connection"},
				"west": {"uv": [1, 1, 2.5, 2.8], "texture": "#connection"},
				"up": {"uv": [1, 1, 1.2, 2], "texture": "#connection"},
				"down": {"uv": [1, 1, 1.2, 2.5], "texture": "#connection"}
			}
		},
		{
			"from": [7.1, 8.575, -15.5],
			"to": [7.3, 9, -14],
			"rotation": {"angle": 45, "axis": "z", "origin": [7.1, 9, -11]},
			"faces": {
				"east": {"uv": [1, 1, 2.5, 2.8], "texture": "#base", "tintindex": 0},
				"south": {"uv": [1, 1, 1.2, 2.8], "texture": "#base", "tintindex": 0},
				"west": {"uv": [1, 1, 2.5, 2.8], "texture": "#base", "tintindex": 0},
				"up": {"uv": [1, 1, 1.2, 2], "texture": "#base", "tintindex": 0},
				"down": {"uv": [1, 1, 1.2, 2.5], "texture": "#base", "tintindex": 0}
			}
		},
		{
			"from": [8.7, 8.575, -15.7],
			"to": [8.9, 9, -15.5],
			"rotation": {"angle": -45, "axis": "z", "origin": [8.9, 9, -11]},
			"faces": {
				"north": {"uv": [1, 1, 1.2, 2.8], "texture": "#connection"},
				"east": {"uv": [1, 1, 2.5, 2.8], "texture": "#connection"},
				"west": {"uv": [1, 1, 2.5, 2.8], "texture": "#connection"},
				"up": {"uv": [1, 1, 1.2, 2], "texture": "#connection"},
				"down": {"uv": [1, 1, 1.2, 2.5], "texture": "#connection"}
			}
		},
		{
			"from": [7.1, 10.2, -15.7],
			"to": [7.3, 10.625, -15.5],
			"rotation": {"angle": -45, "axis": "z", "origin": [7.1, 10.2, -11]},
			"faces": {
				"north": {"uv": [1, 1, 1.2, 2.8], "texture": "#connection"},
				"east": {"uv": [1, 1, 2.5, 2.8], "texture": "#connection"},
				"west": {"uv": [1, 1, 2.5, 2.8], "texture": "#connection"},
				"up": {"uv": [1, 1, 1.2, 2], "texture": "#connection"},
				"down": {"uv": [1, 1, 1.2, 2.5], "texture": "#connection"}
			}
		},
		{
			"from": [7.1, 8.575, -15.7],
			"to": [7.3, 9, -15.5],
			"rotation": {"angle": 45, "axis": "z", "origin": [7.1, 9, -11]},
			"faces": {
				"north": {"uv": [1, 1, 1.2, 2.8], "texture": "#connection"},
				"east": {"uv": [1, 1, 2.5, 2.8], "texture": "#connection"},
				"west": {"uv": [1, 1, 2.5, 2.8], "texture": "#connection"},
				"up": {"uv": [1, 1, 1.2, 2], "texture": "#connection"},
				"down": {"uv": [1, 1, 1.2, 2.5], "texture": "#connection"}
			}
		},
		{
			"from": [8.7, 10.2, -15.5],
			"to": [8.9, 10.625, -14],
			"rotation": {"angle": 45, "axis": "z", "origin": [8.9, 10.2, -11]},
			"faces": {
				"east": {"uv": [1, 1, 2.5, 2.8], "texture": "#base", "tintindex": 0},
				"south": {"uv": [1, 1, 1.2, 2.8], "texture": "#base", "tintindex": 0},
				"west": {"uv": [1, 1, 2.5, 2.8], "texture": "#base", "tintindex": 0},
				"up": {"uv": [1, 1, 1.2, 2], "texture": "#base", "tintindex": 0},
				"down": {"uv": [1, 1, 1.2, 2.5], "texture": "#base", "tintindex": 0}
			}
		},
		{
			"from": [8.7, 8.575, -15.5],
			"to": [8.9, 9, -14],
			"rotation": {"angle": -45, "axis": "z", "origin": [8.9, 9, -11]},
			"faces": {
				"north": {"uv": [1, 1, 1.2, 2.8], "texture": "#base", "tintindex": 0},
				"east": {"uv": [1, 1, 2.5, 2.8], "texture": "#base", "tintindex": 0},
				"south": {"uv": [1, 1, 1.2, 2.8], "texture": "#base", "tintindex": 0},
				"west": {"uv": [1, 1, 2.5, 2.8], "texture": "#base", "tintindex": 0},
				"up": {"uv": [1, 1, 1.2, 2], "texture": "#base", "tintindex": 0},
				"down": {"uv": [1, 1, 1.2, 2.5], "texture": "#base", "tintindex": 0}
			}
		},
		{
			"from": [7.7, 10.4, 8.3],
			"to": [8.3, 11, 8.4],
			"faces": {
				"south": {"uv": [0, 0, 0.8, 0.6], "texture": "#connection"},
				"up": {"uv": [0, 0, 0.8, 0.8], "texture": "#connection"},
				"down": {"uv": [0, 0, 0.8, 0.8], "texture": "#connection"}
			}
		},
		{
			"from": [7.7, 10.4, 7.6],
			"to": [8.3, 11, 7.7],
			"faces": {
				"north": {"uv": [0, 0, 0.8, 0.6], "texture": "#connection"},
				"up": {"uv": [0, 0, 0.8, 0.8], "texture": "#connection"},
				"down": {"uv": [0, 0, 0.8, 0.8], "texture": "#connection"}
			}
		},
		{
			"from": [7.56, 10.4, 8.3],
			"to": [7.7, 11, 8.4],
			"rotation": {"angle": -45, "axis": "y", "origin": [7.7, 4, 8.4]},
			"faces": {
				"north": {"uv": [0, 0, 0.8, 0.6], "texture": "#connection"},
				"east": {"uv": [0, 0, 0.8, 0.6], "texture": "#connection"},
				"south": {"uv": [0, 0, 0.8, 0.6], "texture": "#connection"},
				"west": {"uv": [0, 0, 0.8, 0.6], "texture": "#connection"},
				"up": {"uv": [0, 0, 0.8, 0.8], "texture": "#connection"},
				"down": {"uv": [0, 0, 0.8, 0.8], "texture": "#connection"}
			}
		},
		{
			"from": [8.3, 10.4, 8.3],
			"to": [8.44, 11, 8.4],
			"rotation": {"angle": 45, "axis": "y", "origin": [8.3, 4, 8.4]},
			"faces": {
				"north": {"uv": [0, 0, 0.8, 0.6], "texture": "#connection"},
				"east": {"uv": [0, 0, 0.8, 0.6], "texture": "#connection"},
				"south": {"uv": [0, 0, 0.8, 0.6], "texture": "#connection"},
				"up": {"uv": [0, 0, 0.8, 0.8], "texture": "#connection"},
				"down": {"uv": [0, 0, 0.8, 0.8], "texture": "#connection"}
			}
		},
		{
			"from": [7.6, 10.4, 7.7],
			"to": [7.74, 11, 7.8],
			"rotation": {"angle": 45, "axis": "y", "origin": [7.6, 4, 7.7]},
			"faces": {
				"north": {"uv": [0, 0, 0.8, 0.6], "texture": "#connection"},
				"south": {"uv": [0, 0, 0.8, 0.6], "texture": "#connection"},
				"west": {"uv": [0, 0, 0.8, 0.6], "texture": "#connection"},
				"up": {"uv": [0, 0, 0.8, 0.8], "texture": "#connection"},
				"down": {"uv": [0, 0, 0.8, 0.8], "texture": "#connection"}
			}
		},
		{
			"from": [8.3, 10.4, 7.6],
			"to": [8.44, 11, 7.7],
			"rotation": {"angle": -45, "axis": "y", "origin": [8.3, 4, 7.6]},
			"faces": {
				"north": {"uv": [0, 0, 0.8, 0.6], "texture": "#connection"},
				"east": {"uv": [0, 0, 0.8, 0.6], "texture": "#connection"},
				"south": {"uv": [0, 0, 0.8, 0.6], "texture": "#connection"},
				"up": {"uv": [0, 0, 0.8, 0.8], "texture": "#connection"},
				"down": {"uv": [0, 0, 0.8, 0.8], "texture": "#connection"}
			}
		}
	],
	"display": {
		"thirdperson_righthand": {
			"rotation": [75, 0, 0],
			"translation": [0, 0.7, -0.8],
			"scale": [0.75, 0.75, 0.75]
		},
		"firstperson_righthand": {
			"rotation": [293, 0, 0],
			"translation": [-3.5, 4.5, 4],
			"scale": [0.8, 0.8, 0.8]
		},
		"ground": {
			"translation": [0, -3, 0]
		},
		"gui": {
			"rotation": [30, 225, 0],
			"translation": [-0.4, -2, 0],
			"scale": [0.4, 0.4, 0.4]
		},
		"fixed": {
			"scale": [0.5, 0.5, 0.5]
		}
	}
}