{
    "__comment": "Model generated using MrCrayfish's Model Creator (https://mrcrayfish.com/tools?id=mc)",
    "textures": {
        "red_dot": "cgm:blocks/red_dot",
        "base": "minecraft:blocks/concrete_gray",
        "frame": "minecraft:blocks/concrete_white"
    },
    "display": {
        "gui": {
            "rotation": [ 30, 225, 0 ],
            "translation": [ -1.7, -3, 0 ],
            "scale": [ 5, 5, 5 ]
        },
        "ground": {
            "rotation": [ 0, 0, 0 ],
            "translation": [ 0, -3, 0.5 ],
            "scale": [ 1, 1, 1 ]
        },
        "fixed": {
            "rotation": [ 0, 0, 0 ],
            "translation": [ 0, 0, 0 ],
            "scale": [ 0.5, 0.5, 0.5 ]
        },
        "firstperson_righthand": {
            "rotation": [ 0, 0, 0 ],
            "translation": [ -0.5, 3.5, 3 ],
            "scale": [ 1, 1, 1 ]
        },
        "thirdperson_righthand": {
            "rotation": [ 47, 270, 0 ],
            "translation": [ -0.5, -0.5, -1 ],
            "scale": [ 1, 1, 1 ]
        }
    },
    "elements": [
        {
            "from": [ 7.3, 8, 7 ], 
            "to": [ 8.7, 8.4, 8 ], 
            "faces": {
                "north": { "texture": "#base", "uv": [ 0, 0, 1.4, 0.4 ] },
                "east": { "texture": "#base", "uv": [ 0, 0, 1, 0.4 ] },
                "south": { "texture": "#base", "uv": [ 0, 0, 1.4, 0.4 ] },
                "west": { "texture": "#base", "uv": [ 0, 0, 1, 0.4 ] },
                "up": { "texture": "#base", "uv": [ 0, 0, 1.4, 1 ] },
                "down": { "texture": "#base", "uv": [ 0, 0, 1.4, 1 ] }
            }
        },
        {
            "from": [ 7, 8.6, 7.3 ], 
            "to": [ 7.8, 8.9, 7.7 ], 
            "rotation": { "origin": [ 7, 8.6, 8 ], "axis": "z", "angle": -45.0 },
            "faces": {
                "north": { "texture": "#frame", "uv": [ 1, 1, 2, 1.2 ], "tintindex": 0 },
                "south": { "texture": "#frame", "uv": [ 1, 1, 2, 1.2 ], "tintindex": 0 },
                "up": { "texture": "#frame", "uv": [ 1, 1, 2, 1.2 ], "rotation": 180, "tintindex": 0 },
                "down": { "texture": "#frame", "uv": [ 1, 1, 2, 1.2 ], "tintindex": 0 }
            }
        },
        {
            "from": [ 7, 8.6, 7.3 ], 
            "to": [ 7.3, 9.4, 7.7 ], 
            "faces": {
                "north": { "texture": "#frame", "uv": [ 1, 1, 1.2, 2 ], "tintindex": 0 },
                "east": { "texture": "#frame", "uv": [ 1, 1, 1.2, 2 ], "rotation": 270, "tintindex": 0 },
                "south": { "texture": "#frame", "uv": [ 1, 1, 1.2, 2 ], "tintindex": 0 },
                "west": { "texture": "#frame", "uv": [ 1, 1, 1.2, 2 ], "rotation": 90, "tintindex": 0 }
            }
        },
        {
            "from": [ 7, 9.4, 7.3 ], 
            "to": [ 7.3, 10.25, 7.7 ], 
            "rotation": { "origin": [ 7, 9.4, 7.5 ], "axis": "z", "angle": -45.0 },
            "faces": {
                "north": { "texture": "#frame", "uv": [ 1, 1, 1.2, 2 ], "tintindex": 0 },
                "east": { "texture": "#frame", "uv": [ 1, 1, 1.2, 2 ], "rotation": 270, "tintindex": 0 },
                "south": { "texture": "#frame", "uv": [ 1, 1, 1.2, 2 ], "tintindex": 0 },
                "west": { "texture": "#frame", "uv": [ 1, 1, 1.2, 2 ], "rotation": 90, "tintindex": 0 },
                "up": { "texture": "#frame", "uv": [ 1, 1, 1.2, 1.2 ], "tintindex": 0 }
            }
        },
        {
            "from": [ 8.7, 9.4, 7.3 ], 
            "to": [ 9, 10.25, 7.7 ], 
            "rotation": { "origin": [ 9, 9.4, 7.5 ], "axis": "z", "angle": 45.0 },
            "faces": {
                "north": { "texture": "#frame", "uv": [ 1, 1, 1.2, 2 ], "tintindex": 0 },
                "east": { "texture": "#frame", "uv": [ 1, 1, 1.2, 2 ], "rotation": 270, "tintindex": 0 },
                "south": { "texture": "#frame", "uv": [ 1, 1, 1.2, 2 ], "tintindex": 0 },
                "west": { "texture": "#frame", "uv": [ 1, 1, 1.2, 2 ], "rotation": 90, "tintindex": 0 },
                "up": { "texture": "#frame", "uv": [ 1, 1, 1.2, 1.2 ], "tintindex": 0 }
            }
        },
        {
            "from": [ 7.6, 9.7, 7.3 ], 
            "to": [ 8.4, 10, 7.7 ], 
            "faces": {
                "north": { "texture": "#frame", "uv": [ 1, 1, 2, 1.2 ], "tintindex": 0 },
                "south": { "texture": "#frame", "uv": [ 1, 1, 2, 1.2 ], "tintindex": 0 },
                "up": { "texture": "#frame", "uv": [ 1, 1, 2, 1.2 ], "rotation": 180, "tintindex": 0 },
                "down": { "texture": "#frame", "uv": [ 1, 1, 2, 1.2 ], "tintindex": 0 }
            }
        },
        {
            "from": [ 7.95, 8.95, 7.4 ], 
            "to": [ 8.05, 9.05, 7.5 ], 
            "faces": {
                "north": { "texture": "#red_dot", "uv": [ 0, 0, 16, 16 ] },
                "south": { "texture": "#red_dot", "uv": [ 0, 0, 16, 16 ] }
            }
        },
        {
            "from": [ 8.7, 8.6, 7.3 ], 
            "to": [ 9, 9.4, 7.7 ], 
            "faces": {
                "north": { "texture": "#frame", "uv": [ 1, 1, 1.2, 2 ], "tintindex": 0 },
                "east": { "texture": "#frame", "uv": [ 1, 1, 1.2, 2 ], "rotation": 270, "tintindex": 0 },
                "south": { "texture": "#frame", "uv": [ 1, 1, 1.2, 2 ], "tintindex": 0 },
                "west": { "texture": "#frame", "uv": [ 1, 1, 1.2, 2 ], "rotation": 90, "tintindex": 0 }
            }
        },
        {
            "from": [ 8.2, 8.6, 7.3 ], 
            "to": [ 9, 8.9, 7.7 ], 
            "rotation": { "origin": [ 9, 8.6, 8 ], "axis": "z", "angle": 45.0 },
            "faces": {
                "north": { "texture": "#frame", "uv": [ 1, 1, 2, 1.2 ], "tintindex": 0 },
                "south": { "texture": "#frame", "uv": [ 1, 1, 2, 1.2 ], "tintindex": 0 },
                "up": { "texture": "#frame", "uv": [ 1, 1, 2, 1.2 ], "rotation": 180, "tintindex": 0 },
                "down": { "texture": "#frame", "uv": [ 1, 1, 2, 1.2 ], "tintindex": 0 }
            }
        }
    ]
}