{
	"credit": "Made with Blockbench",
	"textures": {
		"detail": "blocks/concrete_gray",
		"base": "blocks/concrete_white"
	},
	"elements": [
		{
			"from": [7, 6, 29],
			"to": [9, 7, 32],
			"rotation": {"angle": 0, "axis": "y", "origin": [8, 8, 32]},
			"faces": {
				"north": {"uv": [0, 0, 2, 1], "texture": "#detail"},
				"east": {"uv": [0, 0, 3, 1], "texture": "#detail"},
				"south": {"uv": [0, 0, 2, 1], "texture": "#detail"},
				"west": {"uv": [0, 0, 3, 1], "texture": "#detail"},
				"up": {"uv": [0, 0, 2, 3], "texture": "#detail"},
				"down": {"uv": [0, 0, 2, 3], "texture": "#detail"}
			}
		},
		{
			"from": [7, 9, 29],
			"to": [9, 10, 32],
			"rotation": {"angle": 0, "axis": "y", "origin": [8, 8, 32]},
			"faces": {
				"north": {"uv": [0, 0, 2, 1], "texture": "#detail"},
				"east": {"uv": [0, 0, 3, 1], "texture": "#detail"},
				"south": {"uv": [0, 0, 2, 1], "texture": "#detail"},
				"west": {"uv": [0, 0, 3, 1], "texture": "#detail"},
				"up": {"uv": [0, 0, 2, 3], "texture": "#detail"},
				"down": {"uv": [0, 0, 2, 3], "texture": "#detail"}
			}
		},
		{
			"from": [6, 7, 29],
			"to": [7, 9, 32],
			"rotation": {"angle": 0, "axis": "y", "origin": [8, 8, 32]},
			"faces": {
				"north": {"uv": [0, 0, 1, 2], "texture": "#detail"},
				"east": {"uv": [0, 0, 3, 2], "texture": "#detail"},
				"south": {"uv": [0, 0, 1, 2], "texture": "#detail"},
				"west": {"uv": [0, 0, 3, 2], "texture": "#detail"}
			}
		},
		{
			"from": [9, 7, 29],
			"to": [10, 9, 32],
			"rotation": {"angle": 0, "axis": "y", "origin": [8, 8, 32]},
			"faces": {
				"north": {"uv": [0, 0, 1, 2], "texture": "#detail"},
				"east": {"uv": [0, 0, 3, 2], "texture": "#detail"},
				"south": {"uv": [0, 0, 1, 2], "texture": "#detail"},
				"west": {"uv": [0, 0, 3, 2], "texture": "#detail"}
			}
		},
		{
			"from": [7, 6.2, -13],
			"to": [9, 7, 29],
			"rotation": {"angle": 0, "axis": "y", "origin": [8, 8, 0]},
			"faces": {
				"north": {"uv": [0, 0, 3.6, 0.8], "texture": "#base", "tintindex": 0},
				"east": {"uv": [1, 1, 2, 11], "rotation": 90, "texture": "#base", "tintindex": 0},
				"south": {"uv": [0, 0, 3.6, 0.8], "texture": "#base", "tintindex": 0},
				"west": {"uv": [1, 1, 2, 11], "rotation": 270, "texture": "#base", "tintindex": 0},
				"up": {"uv": [1, 1, 1.6, 7], "texture": "#base", "tintindex": 0},
				"down": {"uv": [1, 1, 4.6, 11], "rotation": 180, "texture": "#base", "tintindex": 0}
			}
		},
		{
			"from": [7, 9, -13],
			"to": [9, 9.8, 29],
			"rotation": {"angle": 0, "axis": "y", "origin": [8, 8, 0]},
			"faces": {
				"north": {"uv": [0, 0, 3.6, 0.8], "texture": "#base", "tintindex": 0},
				"east": {"uv": [1, 1, 2, 11], "rotation": 90, "texture": "#base", "tintindex": 0},
				"south": {"uv": [0, 0, 3.6, 0.8], "texture": "#base", "tintindex": 0},
				"west": {"uv": [1, 1, 2, 11], "rotation": 270, "texture": "#base", "tintindex": 0},
				"up": {"uv": [1, 1, 4.6, 11], "texture": "#base", "tintindex": 0},
				"down": {"uv": [1, 1, 2.6, 7], "rotation": 180, "texture": "#base", "tintindex": 0}
			}
		},
		{
			"from": [6.2, 7, -13],
			"to": [7, 9, 29],
			"rotation": {"angle": 0, "axis": "y", "origin": [8, 8, 0]},
			"faces": {
				"east": {"uv": [1, 1, 2, 7], "rotation": 90, "texture": "#base", "tintindex": 0},
				"west": {"uv": [1, 1, 3, 11], "rotation": 270, "texture": "#base", "tintindex": 0}
			}
		},
		{
			"from": [9, 7, -13],
			"to": [9.8, 9, 29],
			"rotation": {"angle": 0, "axis": "y", "origin": [8, 8, 0]},
			"faces": {
				"east": {"uv": [1, 1, 2, 11], "rotation": 90, "texture": "#base", "tintindex": 0},
				"west": {"uv": [1, 1, 2, 7], "rotation": 270, "texture": "#base", "tintindex": 0}
			}
		},
		{
			"from": [6, 9, 29],
			"to": [7, 10.4, 32],
			"rotation": {"angle": -45, "axis": "z", "origin": [6, 9, 32]},
			"faces": {
				"north": {"uv": [0, 0, 1, 1.4], "texture": "#detail"},
				"east": {"uv": [0, 0, 3, 1.4], "texture": "#detail"},
				"south": {"uv": [0, 0, 1, 1.4], "texture": "#detail"},
				"west": {"uv": [0, 0, 3, 1.4], "texture": "#detail"},
				"up": {"uv": [0, 0, 1, 3], "texture": "#detail"}
			}
		},
		{
			"from": [9, 9, 29],
			"to": [10, 10.4, 32],
			"rotation": {"angle": 45, "axis": "z", "origin": [10, 9, 32]},
			"faces": {
				"north": {"uv": [0, 0, 1, 1.4], "texture": "#detail"},
				"east": {"uv": [0, 0, 3, 1.4], "texture": "#detail"},
				"south": {"uv": [0, 0, 1, 1.4], "texture": "#detail"},
				"west": {"uv": [0, 0, 3, 1.4], "texture": "#detail"},
				"up": {"uv": [0, 0, 1, 3], "texture": "#detail"}
			}
		},
		{
			"from": [6, 5.6, 29],
			"to": [7, 7, 32],
			"rotation": {"angle": 45, "axis": "z", "origin": [6, 7, 32]},
			"faces": {
				"north": {"uv": [0, 0, 1, 1.4], "texture": "#detail"},
				"east": {"uv": [0, 0, 3, 1.4], "texture": "#detail"},
				"south": {"uv": [0, 0, 1, 1.4], "texture": "#detail"},
				"west": {"uv": [0, 0, 3, 1.4], "texture": "#detail"},
				"down": {"uv": [0, 0, 1, 3], "texture": "#detail"}
			}
		},
		{
			"from": [9, 5.6, 29],
			"to": [10, 7, 32],
			"rotation": {"angle": -45, "axis": "z", "origin": [10, 7, 32]},
			"faces": {
				"north": {"uv": [0, 0, 1, 1.4], "texture": "#detail"},
				"east": {"uv": [0, 0, 3, 1.4], "texture": "#detail"},
				"south": {"uv": [0, 0, 1, 1.4], "texture": "#detail"},
				"west": {"uv": [0, 0, 3, 1.4], "texture": "#detail"},
				"down": {"uv": [0, 0, 1, 3], "texture": "#detail"}
			}
		},
		{
			"from": [6.2, 9, -13],
			"to": [7, 10.13, 29],
			"rotation": {"angle": -45, "axis": "z", "origin": [6.2, 9, -6]},
			"faces": {
				"north": {"uv": [0, 0, 0.8, 2], "texture": "#base", "tintindex": 0},
				"east": {"uv": [1, 1, 2, 7], "rotation": 90, "texture": "#base", "tintindex": 0},
				"south": {"uv": [0, 0, 0.8, 2], "texture": "#base", "tintindex": 0},
				"west": {"uv": [1, 1, 3, 11], "rotation": 270, "texture": "#base", "tintindex": 0},
				"up": {"uv": [0, 0, 0.8, 10], "texture": "#base", "tintindex": 0}
			}
		},
		{
			"from": [9, 9, -13],
			"to": [9.8, 10.13, 29],
			"rotation": {"angle": 45, "axis": "z", "origin": [9.8, 9, -6]},
			"faces": {
				"north": {"uv": [0, 0, 0.8, 2], "texture": "#base", "tintindex": 0},
				"east": {"uv": [1, 1, 2, 7], "rotation": 90, "texture": "#base", "tintindex": 0},
				"south": {"uv": [0, 0, 0.8, 2], "texture": "#base", "tintindex": 0},
				"west": {"uv": [1, 1, 3, 11], "rotation": 270, "texture": "#base", "tintindex": 0},
				"up": {"uv": [0, 0, 0.8, 10], "texture": "#base", "tintindex": 0}
			}
		},
		{
			"from": [6.2, 5.87, -13],
			"to": [7, 7, 29],
			"rotation": {"angle": 45, "axis": "z", "origin": [6.2, 7, -5]},
			"faces": {
				"north": {"uv": [0, 0, 0.8, 2], "texture": "#base", "tintindex": 0},
				"east": {"uv": [1, 1, 2, 7], "rotation": 90, "texture": "#base", "tintindex": 0},
				"south": {"uv": [0, 0, 0.8, 2], "texture": "#base", "tintindex": 0},
				"west": {"uv": [1, 1, 3, 11], "rotation": 270, "texture": "#base", "tintindex": 0},
				"down": {"uv": [0, 0, 0.8, 10], "texture": "#base", "tintindex": 0}
			}
		},
		{
			"from": [9, 5.87, -13],
			"to": [9.8, 7, 29],
			"rotation": {"angle": -45, "axis": "z", "origin": [9.8, 7, -5]},
			"faces": {
				"north": {"uv": [0, 0, 0.8, 2], "texture": "#base", "tintindex": 0},
				"east": {"uv": [1, 1, 2, 7], "rotation": 90, "texture": "#base", "tintindex": 0},
				"south": {"uv": [0, 0, 0.8, 2], "texture": "#base", "tintindex": 0},
				"west": {"uv": [1, 1, 3, 11], "rotation": 270, "texture": "#base", "tintindex": 0},
				"down": {"uv": [0, 0, 0.8, 10], "texture": "#base", "tintindex": 0}
			}
		},
		{
			"from": [6, 7, -16],
			"to": [7, 9, -13],
			"rotation": {"angle": 0, "axis": "y", "origin": [8, 8, 0]},
			"faces": {
				"north": {"uv": [0, 0, 1, 2], "texture": "#detail"},
				"east": {"uv": [0, 0, 3, 2], "texture": "#detail"},
				"south": {"uv": [0, 0, 1, 2], "texture": "#detail"},
				"west": {"uv": [0, 0, 3, 2], "texture": "#detail"}
			}
		},
		{
			"from": [6, 9, -16],
			"to": [7, 10.4, -13],
			"rotation": {"angle": -45, "axis": "z", "origin": [6, 9, 0]},
			"faces": {
				"north": {"uv": [0, 0, 1, 1.4], "texture": "#detail"},
				"east": {"uv": [0, 0, 3, 1.4], "texture": "#detail"},
				"south": {"uv": [0, 0, 1, 1.4], "texture": "#detail"},
				"west": {"uv": [0, 0, 3, 1.4], "texture": "#detail"},
				"up": {"uv": [0, 0, 1, 3], "texture": "#detail"}
			}
		},
		{
			"from": [7, 9, -16],
			"to": [9, 10, -13],
			"rotation": {"angle": 0, "axis": "y", "origin": [8, 8, 0]},
			"faces": {
				"north": {"uv": [0, 0, 2, 1], "texture": "#detail"},
				"east": {"uv": [0, 0, 3, 1], "texture": "#detail"},
				"south": {"uv": [0, 0, 2, 1], "texture": "#detail"},
				"west": {"uv": [0, 0, 3, 1], "texture": "#detail"},
				"up": {"uv": [0, 0, 2, 3], "texture": "#detail"},
				"down": {"uv": [0, 0, 2, 3], "texture": "#detail"}
			}
		},
		{
			"from": [9, 9, -16],
			"to": [10, 10.4, -13],
			"rotation": {"angle": 45, "axis": "z", "origin": [10, 9, 0]},
			"faces": {
				"north": {"uv": [0, 0, 1, 1.4], "texture": "#detail"},
				"east": {"uv": [0, 0, 3, 1.4], "texture": "#detail"},
				"south": {"uv": [0, 0, 1, 1.4], "texture": "#detail"},
				"west": {"uv": [0, 0, 3, 1.4], "texture": "#detail"},
				"up": {"uv": [0, 0, 1, 3], "texture": "#detail"}
			}
		},
		{
			"from": [9, 7, -16],
			"to": [10, 9, -13],
			"rotation": {"angle": 0, "axis": "y", "origin": [8, 8, 0]},
			"faces": {
				"north": {"uv": [0, 0, 1, 2], "texture": "#detail"},
				"east": {"uv": [0, 0, 3, 2], "texture": "#detail"},
				"south": {"uv": [0, 0, 1, 2], "texture": "#detail"},
				"west": {"uv": [0, 0, 3, 2], "texture": "#detail"}
			}
		},
		{
			"from": [9, 5.6, -16],
			"to": [10, 7, -13],
			"rotation": {"angle": -45, "axis": "z", "origin": [10, 7, 0]},
			"faces": {
				"north": {"uv": [0, 0, 1, 1.4], "texture": "#detail"},
				"east": {"uv": [0, 0, 3, 1.4], "texture": "#detail"},
				"south": {"uv": [0, 0, 1, 1.4], "texture": "#detail"},
				"west": {"uv": [0, 0, 3, 1.4], "texture": "#detail"},
				"down": {"uv": [0, 0, 1, 3], "texture": "#detail"}
			}
		},
		{
			"from": [7, 6, -16],
			"to": [9, 7, -13],
			"rotation": {"angle": 0, "axis": "y", "origin": [8, 8, 0]},
			"faces": {
				"north": {"uv": [0, 0, 2, 1], "texture": "#detail"},
				"east": {"uv": [0, 0, 3, 1], "texture": "#detail"},
				"south": {"uv": [0, 0, 2, 1], "texture": "#detail"},
				"west": {"uv": [0, 0, 3, 1], "texture": "#detail"},
				"up": {"uv": [0, 0, 2, 3], "texture": "#detail"},
				"down": {"uv": [0, 0, 2, 3], "texture": "#detail"}
			}
		},
		{
			"from": [6, 5.6, -16],
			"to": [7, 7, -13],
			"rotation": {"angle": 45, "axis": "z", "origin": [6, 7, 0]},
			"faces": {
				"north": {"uv": [0, 0, 1, 1.4], "texture": "#detail"},
				"east": {"uv": [0, 0, 3, 1.4], "texture": "#detail"},
				"south": {"uv": [0, 0, 1, 1.4], "texture": "#detail"},
				"west": {"uv": [0, 0, 3, 1.4], "texture": "#detail"},
				"down": {"uv": [0, 0, 1, 3], "texture": "#detail"}
			}
		}
	],
	"display": {
		"thirdperson_righthand": {
			"rotation": [90, 0, 0],
			"translation": [0, -3.5, 0],
			"scale": [0.375, 0.375, 0.375]
		},
		"firstperson_righthand": {
			"rotation": [90, 0, 0],
			"translation": [1, 4.5, 0],
			"scale": [0.4, 0.4, 0.4]
		},
		"ground": {
			"translation": [0, 1, 3],
			"scale": [0.35, 0.35, 0.35]
		},
		"gui": {
			"rotation": [30, 225, 0],
			"translation": [-4.8, 2.2, 0],
			"scale": [0.85, 0.85, 0.85]
		},
		"fixed": {
			"rotation": [0, 90, 0],
			"translation": [4.75, 0, 0],
			"scale": [0.625, 0.625, 0.625]
		}
	}
}