{
    "__comment": "Model generated using MrCrayfish's Model Creator (https://mrcrayfish.com/tools?id=mc)",
    "textures": {
        "0": "blocks/anvil_base",
        "1": "blocks/iron_block",
        "2": "blocks/prismarine_dark"
    },
    "display": {
        "gui": {
            "rotation": [ 30, 225, 0 ],
            "translation": [ 0, 6, 0 ],
            "scale": [ 1.5, 1.5, 1.5 ]
        },
        "ground": {
            "rotation": [ 0, 0, 0 ],
            "translation": [ 0, 3, 0 ],
            "scale": [ 0.25, 0.25, 0.25 ]
        },
        "fixed": {
            "rotation": [ 0, 0, 0 ],
            "translation": [ 0, 0, 0 ],
            "scale": [ 0.5, 0.5, 0.5 ]
        },
        "thirdperson_righthand": {
            "rotation": [ 75, 45, 0 ],
            "translation": [ 0, 2.5, 5 ],
            "scale": [ 1.0, 1.0, 1.0 ]
        },
        "firstperson_righthand": {
            "rotation": [ 0, 45, 0 ],
            "translation": [ 0, 6, 0 ],
            "scale": [ 1, 1, 1 ]
        }
    },
    "elements": [
        {
            "name": "base_1",
            "from": [ 7.00, 4.00, 7.00 ], 
            "to": [ 9.00, 5.00, 9.00 ], 
            "faces": {
                "north": { "texture": "#0", "uv": [ 4.00, 3.00, 7.00, 4.00 ] },
                "east": { "texture": "#0", "uv": [ 4.00, 3.00, 7.00, 4.00 ] },
                "south": { "texture": "#0", "uv": [ 4.00, 3.00, 7.00, 4.00 ] },
                "west": { "texture": "#0", "uv": [ 4.00, 3.00, 7.00, 4.00 ] },
                "up": { "texture": "#0", "uv": [ 4.00, 4.00, 7.00, 7.00 ] },
                "down": { "texture": "#0", "uv": [ 4.00, 4.00, 7.00, 7.00 ] }
            }
        },
        {
            "name": "handle_1",
            "from": [ 7.40, 5.00, 7.40 ], 
            "to": [ 8.60, 6.40, 8.60 ], 
            "faces": {
                "north": { "texture": "#0", "uv": [ 0.00, 0.00, 1.20, 1.40 ] },
                "east": { "texture": "#0", "uv": [ 0.00, 0.00, 1.20, 1.40 ] },
                "south": { "texture": "#0", "uv": [ 0.00, 0.00, 1.20, 1.40 ] },
                "west": { "texture": "#0", "uv": [ 0.00, 0.00, 1.20, 1.40 ] },
                "up": { "texture": "#0", "uv": [ 0.00, 0.00, 1.20, 1.20 ] }
            }
        },
        {
            "name": "handle_2",
            "from": [ 7.40, 4.10, 8.80 ], 
            "to": [ 8.60, 6.20, 9.00 ], 
            "rotation": { "origin": [ 8.0, 6.19999997317791, 9.000000014901161 ], "axis": "x", "angle": -22.5 },
            "faces": {
                "north": { "texture": "#1", "uv": [ 1.00, 1.00, 2.20, 3.50 ] },
                "east": { "texture": "#1", "uv": [ 0.00, 0.00, 0.20, 2.50 ] },
                "south": { "texture": "#1", "uv": [ 1.00, 1.00, 2.20, 3.50 ] },
                "west": { "texture": "#1", "uv": [ 0.00, 0.00, 0.20, 2.50 ] },
                "down": { "texture": "#1", "uv": [ 0.00, 0.00, 1.20, 0.20 ] }
            }
        },
        {
            "name": "handle_3",
            "from": [ 7.40, 2.30, 9.60 ], 
            "to": [ 8.60, 4.30, 9.80 ], 
            "faces": {
                "north": { "texture": "#1", "uv": [ 1.00, 1.00, 2.20, 3.10 ] },
                "east": { "texture": "#1", "uv": [ 0.00, 0.00, 0.20, 2.10 ] },
                "south": { "texture": "#1", "uv": [ 1.00, 1.00, 2.20, 3.10 ] },
                "west": { "texture": "#1", "uv": [ 0.00, 0.00, 0.20, 2.10 ] },
                "up": { "texture": "#1", "uv": [ 0.00, 0.00, 1.20, 0.20 ] },
                "down": { "texture": "#1", "uv": [ 0.00, 0.00, 1.20, 0.20 ] }
            }
        },
        {
            "name": "handle_4",
            "from": [ 7.40, 6.00, 8.60 ], 
            "to": [ 8.60, 6.20, 9.00 ], 
            "faces": {
                "east": { "texture": "#1", "uv": [ 0.00, 0.00, 0.40, 0.20 ] },
                "west": { "texture": "#1", "uv": [ 0.00, 0.00, 0.40, 0.20 ] },
                "up": { "texture": "#1", "uv": [ 1.00, 1.00, 2.20, 1.40 ] },
                "down": { "texture": "#1", "uv": [ 1.00, 1.00, 2.20, 1.40 ] }
            }
        },
        {
            "name": "detail_1",
            "from": [ 7.30, 5.50, 7.80 ], 
            "to": [ 8.70, 5.90, 8.20 ], 
            "faces": {
                "north": { "texture": "#1", "uv": [ 0.00, 0.00, 0.10, 0.40 ] },
                "east": { "texture": "#1", "uv": [ 0.00, 0.00, 0.40, 0.40 ] },
                "south": { "texture": "#1", "uv": [ 0.00, 0.00, 0.10, 0.40 ] },
                "west": { "texture": "#1", "uv": [ 0.00, 0.00, 0.40, 0.40 ] },
                "up": { "texture": "#1", "uv": [ 0.00, 0.00, 0.10, 0.40 ] },
                "down": { "texture": "#1", "uv": [ 0.00, 0.00, 0.10, 0.40 ] }
            }
        },
        {
            "name": "Cube",
            "from": [ 7.00, 0.00, 7.00 ], 
            "to": [ 9.00, 1.00, 9.00 ], 
            "faces": {
                "north": { "texture": "#0", "uv": [ 4.00, 3.00, 7.00, 4.00 ] },
                "east": { "texture": "#0", "uv": [ 4.00, 3.00, 7.00, 4.00 ] },
                "south": { "texture": "#0", "uv": [ 4.00, 3.00, 7.00, 4.00 ] },
                "west": { "texture": "#0", "uv": [ 4.00, 3.00, 7.00, 4.00 ] },
                "up": { "texture": "#0", "uv": [ 4.00, 4.00, 7.00, 7.00 ] },
                "down": { "texture": "#0", "uv": [ 4.00, 4.00, 7.00, 7.00 ] }
            }
        },
        {
            "name": "Cube",
            "from": [ 7.20, 1.00, 7.20 ], 
            "to": [ 8.80, 4.00, 8.80 ], 
            "faces": {
                "north": { "texture": "#2", "uv": [ 1.00, 4.00, 3.00, 7.00 ] },
                "east": { "texture": "#2", "uv": [ 1.00, 4.00, 3.00, 7.00 ] },
                "south": { "texture": "#2", "uv": [ 1.00, 4.00, 3.00, 7.00 ] },
                "west": { "texture": "#2", "uv": [ 1.00, 4.00, 3.00, 7.00 ] }
            }
        }
    ]
}